n,time_s,x_q24,p_q24,reference_x_m,word_hex,occupancy,sigma_delta_bit,chi,rho,theta,z,phi,depth,phase,lut,kappa,cycle
0,0.00000000,16777216,0,1.000000000000,2A22D3EF039080B3,1,1,0,674,361,-68,57,1,0,22,0,3
1,0.00781250,16776192,-131072,0.999969482577,2F0689F1F90101A3,1,0,0,752,836,-57,912,2,0,52,0,3
2,0.01562500,16774144,-262136,0.999877932171,3C1191E5C4A18063,1,1,0,961,200,-105,74,3,0,12,0,3
3,0.02343750,16771072,-393184,0.999725354369,3066C7F6751201B3,1,1,0,774,867,-39,849,4,0,54,0,3
4,0.03125000,16766977,-524208,0.999511758485,3C319DE905528063,1,1,0,963,206,-92,85,5,0,12,0,3
5,0.03906250,16761858,-655200,0.999237157555,30C6C5F5F52301B3,1,1,0,780,866,-41,850,6,0,54,0,3
6,0.04687500,16755716,-786152,0.998901568338,3C319DE905438063,1,1,0,963,206,-92,84,7,0,12,0,3
7,0.05468750,16748551,-917056,0.998505011319,30C6C7F5F52401B3,1,1,0,780,867,-41,850,8,0,54,0,3
8,0.06250000,16740364,-1047904,0.998047510700,3C499DE945448263,1,1,0,964,1230,-91,84,9,0,76,0,3
9,0.07031250,16731155,-1178688,0.997529094405,3DBE2815FD35038B,1,1,0,987,1812,87,979,10,0,113,0,3
10,0.07812500,16720925,-1309400,0.996949794076,4E112A054B15804B,0,1,0,1249,149,21,177,11,0,9,0,3
11,0.08593750,16709675,-1440032,0.996309645070,364EFFF6B2A603BB,1,1,0,868,1919,-38,810,12,0,119,0,3
12,0.09375000,16697405,-1570576,0.995608686458,4A310E0E0D368043,0,1,0,1187,135,56,211,13,0,8,0,3
13,0.10156250,16684116,-1701024,0.994846961024,362EF7F2330703BB,1,1,0,866,1915,-56,816,14,0,119,0,3
14,0.10937500,16669808,-1831369,0.994024515258,4A090A0E4CF78243,0,1,0,1184,1157,57,207,15,0,72,0,3
15,0.11718750,16654483,-1961602,0.993141399360,430E58123B180393,0,1,0,1072,1836,72,945,16,0,114,0,3
16,0.12500000,16638141,-2091715,0.992197667229,4ED9360A4AC8824B,0,1,0,1261,1179,41,172,17,0,73,0,3
17,0.13281250,16620784,-2221700,0.991193376467,43AE6416FAD9039B,0,1,0,1082,1842,91,941,18,0,115,0,3
18,0.14062500,16602413,-2351550,0.990128588370,4F393A0A4AE9824B,0,1,0,1267,1181,41,174,19,0,73,0,3
19,0.14843750,16583028,-2481256,0.989003367927,43CE6416FACA039B,0,1,0,1084,1842,91,940,20,0,115,0,3
20,0.15625000,16562631,-2610811,0.987817783816,4F413A0A4AEA804B,0,1,0,1268,157,41,174,21,0,9,0,3
21,0.16406250,16541223,-2740207,0.986571908399,36D703F6F2BB01C3,1,1,0,877,897,-37,811,22,0,56,0,3
22,0.17187500,16518806,-2869435,0.985265817718,3D69ADEE451B826B,1,1,0,982,1238,-71,81,23,0,77,0,3
23,0.17968750,16495380,-2998488,0.983899591490,3E3E2C163D4C038B,1,1,0,995,1814,88,980,24,0,113,0,3
24,0.18750000,16470948,-3127358,0.982473313101,4E512A058B0C804B,0,1,0,1253,149,22,176,25,0,9,0,3
25,0.19531250,16445510,-3256037,0.980987069606,364EFFF6B2AD03BB,1,1,0,868,1919,-38,810,26,0,119,0,3
26,0.20312500,16419068,-3384518,0.979440951716,4A490E0E0D3D864B,0,1,0,1188,1159,56,211,27,1,73,0,3
27,0.21093750,16391624,-3512792,0.977835053798,431658123B0E059B,1,1,0,1073,812,72,944,28,1,51,0,3
28,0.21875000,16363180,-3640852,0.976169473869,41F1D5EA02BE847B,0,1,0,1055,234,-88,43,29,1,15,0,3
29,0.22656250,16333737,-3768689,0.974444313586,31CED7FAF50F07BB,1,1,0,796,1899,-21,848,30,1,119,0,3
30,0.23437500,16303297,-3896296,0.972659678245,49D102098D6F844B,0,1,0,1181,129,38,214,31,1,9,0,3
31,0.24218750,16271862,-4023666,0.970815676770,49DEFE098D60044F,0,1,0,1181,1919,38,214,0,1,9,1,3
32,0.25000000,16239434,-4150790,0.968912421711,4C6DDE2A00D08497,0,1,0,1222,1775,168,13,1,1,18,1,3
33,0.25781250,16206015,-4277661,0.966950029231,4579F6271121058F,0,1,0,1111,1275,156,274,2,1,49,1,3
34,0.26562500,16171607,-4404270,0.964928619105,45AE400E7CD1847F,0,1,0,1114,1824,57,973,3,1,15,1,3
35,0.27343750,16136212,-4530611,0.962848314709,4F79380AC9F205BF,0,1,0,1271,1180,43,159,4,1,55,1,3
36,0.28125000,16099832,-4656675,0.960709243016,439668177AD2866F,1,1,0,1081,820,93,941,5,1,77,1,3
37,0.28906250,16062469,-4782455,0.958511534581,4269D9EA02E30597,1,1,0,1062,1260,-88,46,6,1,50,1,3
38,0.29687500,16024126,-4907943,0.956255323543,3EDE381B3CF3847F,1,1,0,1005,1820,108,975,7,1,15,1,3
39,0.30468750,15984805,-5033131,0.953940747609,4EB12E058B3407BF,0,1,0,1259,151,22,179,8,1,119,1,3
40,0.31250000,15944508,-5158012,0.951567948048,3656FFF6F294864F,1,1,0,869,895,-37,809,9,1,73,1,3
41,0.32031250,15903238,-5282578,0.949137069684,3D69ADEE0525059F,1,1,0,982,1238,-72,82,10,1,51,1,3
42,0.32812500,15860997,-5406822,0.946648260886,3E262C163D45867F,1,1,0,994,790,88,980,11,1,79,1,3
43,0.33593750,15817788,-5530736,0.944101673557,4169C9E543060597,1,1,0,1046,1252,-107,48,12,1,50,1,3
44,0.34375000,15773614,-5654312,0.941497463128,3E46341AFCE6867F,1,1,0,996,794,107,974,13,1,79,1,3
45,0.35156250,15728477,-5777543,0.938835788546,41A9CDE503370597,1,1,0,1050,1254,-108,51,14,1,50,1,3
46,0.35937500,15682380,-5900422,0.936116812267,3E5E341AFCD7847F,1,1,0,997,1818,107,973,15,1,15,1,3
47,0.36718750,15635326,-6022941,0.933340700243,4E912E054B4807BF,0,1,0,1257,151,21,180,16,1,119,1,3
48,0.37500000,15587317,-6145092,0.930507621912,364EFFF6F298844F,1,1,0,868,1919,-37,809,17,1,9,1,3
49,0.38281250,15538357,-6266868,0.927617750193,4A510E0E0D3907C7,0,1,0,1189,135,56,211,18,1,120,1,3
50,0.39062500,15488449,-6388261,0.924671261467,3616F7F23309864F,1,1,0,865,891,-56,816,19,1,73,1,3
51,0.39843750,15437595,-6509265,0.921668335573,3D29A9EE04FA09A7,1,1,0,978,1236,-72,79,20,2,52,1,3
52,0.40625000,15385799,-6629871,0.918609155795,3DFE2C163D5A8887,1,1,0,991,1814,88,981,21,2,16,1,3
53,0.41406250,15333064,-6750073,0.915493908848,4E692A054B0B09C7,0,1,0,1254,1173,21,176,22,2,56,1,3
54,0.42187500,15279393,-6869863,0.912322784872,43166016FAAB8A7F,1,1,0,1073,816,91,938,23,2,79,1,3
55,0.42968750,15224790,-6989233,0.909095977415,4251D9E9C2FC0B9F,0,1,0,1061,236,-89,47,24,2,115,1,3
56,0.43750000,15169257,-7108177,0.905813683426,31CED7FAF4FC885F,1,1,0,796,1899,-21,847,25,2,11,1,3
57,0.44531250,15112799,-7226687,0.902476103238,49F102098D7D0BCF,0,1,0,1183,129,38,215,26,2,121,1,3
58,0.45312500,15055418,-7344756,0.899083440560,35AEF5F232DD8857,1,0,0,858,1914,-56,813,27,2,10,1,3
59,0.46093750,14997118,-7462376,0.895635902463,4A090A0E0D1E09CF,0,1,0,1184,1157,56,209,28,2,57,1,3
60,0.46875000,14937903,-7579541,0.892133699367,42D658123B1E8A7F,1,1,0,1069,812,72,945,29,2,79,1,3
61,0.47656250,14877776,-7696243,0.888577045028,4211D5EA02CF0B9F,0,1,0,1057,234,-88,44,30,2,115,1,3
62,0.48437500,14816741,-7812476,0.884966156526,3196D7FAF4FF8A5F,1,1,0,793,875,-21,847,31,2,75,1,3
63,0.49218750,14754802,-7928232,0.881301254251,31992BFAF4F00A5B,1,1,0,793,1173,-21,847,0,2,75,0,3
64,0.50000000,14691962,-8043504,0.877582561890,40C973F287C08A6B,1,1,0,1036,1209,-54,124,1,2,77,0,3
65,0.50781250,14628225,-8158285,0.873810306413,3F1E36153C710B9B,0,1,0,1009,1819,84,967,2,2,115,0,3
66,0.51562500,14563596,-8272568,0.869984718058,4E812E068B01885B,0,1,0,1256,151,26,176,3,2,11,0,3
67,0.52343750,14498078,-8386346,0.866106030321,362F01F6B2A20BD3,1,1,0,866,1920,-38,810,4,2,122,0,3
68,0.53125000,14431675,-8499612,0.862174479935,4A710C0E0D328853,0,1,0,1191,134,56,211,5,2,10,0,3
69,0.53906250,14364391,-8612359,0.858190306863,35F6F7F232F309CB,1,1,0,863,891,-56,815,6,2,57,0,3
70,0.54687500,14296230,-8724581,0.854153754277,3D49A9EE04F38A7B,1,1,0,980,1236,-72,79,7,2,79,0,3
71,0.55468750,14227197,-8836270,0.850065068549,3DE62C163D44099B,1,1,0,990,790,88,980,8,2,51,0,3
72,0.56250000,14157295,-8947420,0.845924499231,4189C9E543048A83,1,1,0,1048,1252,-107,48,9,2,80,0,3
73,0.57031250,14086529,-9058024,0.841732299041,3E1E341AFCD50B9B,1,0,0,993,1818,107,973,10,2,115,0,3
74,0.57812500,14014903,-9168075,0.837488723851,4EC92E054B458A5B,0,1,0,1260,1175,21,180,11,2,75,0,3
75,0.58593750,13942422,-9277566,0.833194032665,43166016FA9609AB,1,1,0,1073,816,91,937,12,2,53,0,3
76,0.59375000,13869090,-9386491,0.828848487609,4271D9E9C2F68C8B,0,1,0,1063,236,-89,47,13,3,17,0,3
77,0.60156250,13794912,-9494843,0.824452353914,3196D7FAF4E70DCB,1,1,0,793,875,-21,846,14,3,57,0,3
78,0.60937500,13719892,-9602616,0.820005899897,3D11A1E945778C83,1,1,0,977,208,-91,87,15,3,16,0,3
79,0.61718750,13644034,-9709803,0.815509396946,30A6C7F635080DCB,1,1,0,778,867,-40,848,16,3,57,0,3
80,0.62500000,13567343,-9816397,0.810963119505,3C919DE905588C7B,1,1,0,969,206,-92,85,17,3,15,0,3
81,0.63281250,13489824,-9922392,0.806367345055,307EC7F635190FCB,1,1,0,775,1891,-40,849,18,3,121,0,3
82,0.64062500,13411482,-10027781,0.801722354098,4988FC090D698E53,0,1,0,1176,1150,36,214,19,3,74,0,3
83,0.64843750,13332321,-10132558,0.797028430141,424E54123AEA0FAB,0,1,0,1060,1834,72,942,20,3,117,0,3
84,0.65625000,13252347,-10236717,0.792285859677,4F193409CADA8E63,0,0,0,1265,1178,39,173,21,3,76,0,3
85,0.66406250,13171564,-10340251,0.787494932168,434E6416FACB0FB3,0,1,0,1076,1842,91,940,22,3,118,0,3
86,0.67187500,13089977,-10443154,0.782655940026,4F993A0A0AFB8E63,0,1,0,1273,1181,40,175,23,3,76,0,3
87,0.67968750,13007591,-10545419,0.777769178600,436E64173ABC0FB3,0,1,0,1078,1842,92,939,24,3,118,0,3
88,0.68750000,12924411,-10647041,0.772834946152,4FA13A0A0AFC8C63,0,1,0,1274,157,40,175,25,3,12,0,3
89,0.69531250,12840442,-10748013,0.767853543843,367705F732AD0DDB,1,1,0,871,898,-36,810,26,3,59,0,3
90,0.70312500,12755689,-10848329,0.762825275711,3DC9ADEE052D8E83,1,1,0,988,1238,-72,82,27,3,80,0,3
91,0.71093750,12670158,-10947983,0.757750448655,3DDE2C167D3E0FA3,1,1,0,989,1814,89,979,28,3,116,0,3
92,0.71875000,12583854,-11046969,0.752629372418,4EA92A054B1E8E63,0,1,0,1258,1173,21,177,29,3,76,0,3
93,0.72656250,12496781,-11145280,0.747462359563,42D66016FA9F0DB3,1,0,0,1069,816,91,937,30,3,54,0,3
94,0.73437500,12408946,-11242911,0.742249725459,4291D9E9C2FF8C8B,0,1,0,1065,236,-89,47,31,3,17,0,3
95,0.74218750,12320353,-11339856,0.736991788256,429E29E9C2F00C8F,0,1,0,1065,1812,-89,47,0,3,17,1,3
96,0.75000000,12231008,-11436109,0.731688868874,4575E22C41408E9F,0,1,0,1111,753,177,20,1,3,83,1,3
97,0.75781250,12140917,-11531664,0.726341290974,37DA84034A010D77,1,1,0,893,1346,13,160,2,3,46,1,3
98,0.76562500,12050085,-11626515,0.720949380946,40060E11BED18E97,1,1,0,1024,775,70,1005,3,3,82,1,3
99,0.77343750,11958517,-11720656,0.715513467883,4229C9E582520DA7,1,1,0,1058,1252,-106,37,4,3,52,1,3
100,0.78125000,11866219,-11814082,0.710033883566,3DDE381BBCE28C8F,1,0,0,989,1820,110,974,5,3,17,1,3
101,0.78906250,11773197,-11906787,0.704510962441,4F092C050B5311D7,0,1,0,1264,1174,20,181,6,4,58,1,3
102,0.79687500,11679457,-11998765,0.698945041597,42EE60173A83908F,0,1,0,1070,1840,92,936,7,4,17,1,3
103,0.80468750,11585004,-12090011,0.693336460751,4FA13A09CB0413D7,0,1,0,1274,157,39,176,8,4,122,1,3
104,0.81250000,11489844,-12180519,0.687685562221,364F03F732A4905F,1,1,0,868,1921,-36,810,9,4,11,1,3
105,0.82031250,11393982,-12270283,0.681992690908,4AE90E0E0D3511DF,0,1,0,1198,1159,56,211,10,4,59,1,3
106,0.82812500,11297425,-12359298,0.676258194277,42AE5A127AF5908F,0,0,0,1066,1837,73,943,11,4,17,1,3
107,0.83593750,11200178,-12447559,0.670482422331,4F61360A0AD613D7,0,1,0,1270,155,40,173,12,4,122,1,3
108,0.84375000,11102248,-12535060,0.664665727594,362F05F6F2B6905F,1,1,0,866,1922,-37,811,13,4,11,1,3
109,0.85156250,11003640,-12621796,0.658808465086,4AF10C0E0D3713DF,0,1,0,1199,134,56,211,14,4,123,1,3
110,0.85937500,10904361,-12707762,0.652910992306,35AEF9F272E79067,1,1,0,858,1916,-55,814,15,4,12,1,3
111,0.86718750,10804416,-12792952,0.646973669204,4A91080E0D1813DF,0,1,0,1193,132,56,209,16,4,123,1,3
112,0.87500000,10703812,-12877362,0.640996858163,358EF9F232F89067,1,0,0,856,1916,-56,815,17,4,12,1,3
113,0.88281250,10602554,-12960986,0.634980923979,4A91080E0D1913DF,0,1,0,1193,132,56,209,18,4,123,1,3
114,0.89062500,10500649,-13043818,0.628926233831,3576F9F232F99267,1,1,0,855,892,-56,815,19,4,76,1,3
115,0.89843750,10398103,-13125854,0.622833157268,3DA9A7EDC51A11B7,1,1,0,986,1235,-73,81,20,4,54,1,3
116,0.90625000,10294923,-13207089,0.616702066179,3D862E167D3A9297,1,1,0,984,791,89,979,21,4,82,1,3
117,0.91406250,10191114,-13287518,0.610533334774,41F1C9E5031B13AF,0,0,0,1055,228,-108,49,22,4,117,1,3
118,0.92187500,10086683,-13367136,0.604327339562,30D6D3FB34CB926F,1,1,0,781,873,-20,844,23,4,77,1,3
119,0.92968750,9981637,-13445938,0.598084459324,3D51A1E9058C13BF,1,1,0,981,208,-92,88,24,4,119,1,3
120,0.93750000,9875981,-13523920,0.591805075092,3046C9F6750C926F,1,1,0,772,868,-39,848,25,4,77,1,3
121,0.94531250,9769723,-13601076,0.585489570130,3CF19BE9056D13BF,1,1,0,975,205,-92,86,26,4,119,1,3
122,0.95312500,9662868,-13677402,0.579138329902,3026C7F6350D926F,1,0,0,770,867,-40,848,27,4,77,1,3
123,0.96093750,9555424,-13752893,0.572751742055,3CE99BE8C56E11BF,1,1,0,974,1229,-93,86,28,4,55,1,3
124,0.96875000,9447396,-13827545,0.566330196393,3CFE28163D1E9097,1,1,0,975,1812,88,977,29,4,18,1,3
125,0.97656250,9338792,-13901353,0.559874084856,4EC92804CB3F11D7,0,1,0,1260,1172,19,179,30,4,58,1,3
126,0.98437500,9229618,-13974312,0.553383801490,42766016FA8F9697,1,1,0,1063,816,91,936,31,5,82,1,3
127,0.99218750,9119880,-14046418,0.546859742429,4279A016FA801693,1,0,0,1063,1232,91,936,0,5,82,0,3
128,1.00000000,9009586,-14117667,0.540302305868,481197F68640948B,0,1,0,1153,203,-38,100,1,5,17,0,3
129,1.00781250,8898742,-14188054,0.533711892039,3316E9F9B3F115E3,1,1,0,817,884,-26,831,2,5,60,0,3
130,1.01562500,8787355,-14257575,0.527088903187,3DD1A5EB05619493,1,1,0,989,210,-84,86,3,5,18,0,3
131,1.02343750,8675431,-14326226,0.520433743546,305ECBF6750217DB,1,0,0,773,1893,-39,848,4,5,123,0,3
132,1.03125000,8562978,-14394003,0.513746819310,4A10FC090D629463,0,1,0,1185,126,36,214,5,5,12,0,3
133,1.03906250,8450002,-14460901,0.507028538617,34EEF5F232C317E3,1,1,0,846,1914,-56,812,6,5,124,0,3
134,1.04687500,8336510,-14526917,0.500279311516,4AA9080DCD23966B,0,1,0,1194,1156,55,210,7,5,77,0,3
135,1.05468750,8222510,-14592046,0.493499549943,422E5A127AF417BB,0,0,0,1058,1837,73,943,8,5,119,0,3
136,1.06250000,8108008,-14656284,0.486689667702,4FB93409CAE49673,0,1,0,1275,1178,39,174,9,5,78,0,3
137,1.07031250,7993011,-14719628,0.479850080432,42D666173AA515C3,1,1,0,1069,819,92,938,10,5,56,0,3
138,1.07812500,7877526,-14782073,0.472981205586,4329D7E9C305969B,1,1,0,1074,1259,-89,48,11,5,83,0,3
139,1.08593750,7761560,-14843616,0.466083462405,3E063A1B7CD615B3,1,0,0,992,797,109,973,12,5,54,0,3
140,1.09375000,7645121,-14904253,0.459157271892,4291CDE50346949B,0,1,0,1065,230,-108,52,13,5,19,0,3
141,1.10156250,7528215,-14963981,0.452203056786,30AED5FB74A717DB,1,1,0,778,1898,-19,842,14,5,123,0,3
142,1.10937500,7410849,-15022795,0.445221241536,4A8900090DA7966B,0,1,0,1192,1152,36,218,15,5,77,0,3
143,1.11718750,7293031,-15080692,0.438212252276,41D656127AB815BB,1,0,0,1053,811,73,939,16,5,55,0,3
144,1.12500000,7174768,-15137669,0.431176516799,42B1D3E982E8949B,0,1,0,1067,233,-90,46,17,5,19,0,3
145,1.13281250,7056067,-15193722,0.424114464529,30D6D9FB34E915DB,1,1,0,781,876,-20,846,18,5,59,0,3
146,1.14062500,6936935,-15248848,0.417026526499,3DB19FE90589948B,1,0,0,987,207,-92,88,19,5,17,0,3
147,1.14843750,6817380,-15303043,0.409913135319,3006C9F6B4FA15DB,1,1,0,768,868,-38,847,20,5,59,0,3
148,1.15625000,6697409,-15356304,0.402774725154,3D499BE8C57A968B,1,1,0,980,1229,-93,87,21,5,81,0,3
149,1.16406250,6577029,-15408628,0.395611731695,3CBE2A167D0B17B3,1,0,0,971,1813,89,976,22,5,118,0,3
150,1.17187500,6456248,-15460011,0.388424592136,4F112804CB4B9473,0,1,0,1265,148,19,180,23,5,14,0,3
151,1.17968750,6335073,-15510450,0.381213745141,354F01F7327C1BF3,1,1,0,852,1920,-36,807,24,6,126,0,3
152,1.18750000,6213511,-15559943,0.373979630825,4B490C0D8D5C9A73,0,1,0,1204,1158,54,213,25,6,78,0,3
153,1.19531250,6091570,-15608486,0.366722690719,42165A12BAED19C3,1,0,0,1057,813,74,942,26,6,56,0,3
154,1.20312500,5969257,-15656076,0.359443367750,42F1D3E9C2ED98A3,0,1,0,1071,233,-89,46,27,6,20,0,3
155,1.21093750,5846580,-15702711,0.352142106211,30CED9FB34DE1BE3,1,1,0,780,1900,-20,845,28,6,124,0,3
156,1.21875000,5723546,-15748387,0.344819351733,4AC900090D9E9A73,0,0,0,1196,1152,36,217,29,6,78,0,3
157,1.22656250,5600162,-15793102,0.337475551258,41B65612BABF19C3,1,1,0,1051,811,74,939,30,6,56,0,3
158,1.23437500,5476437,-15836853,0.330111153016,42E9D3E982FF9AA3,1,1,0,1070,1257,-90,47,31,6,84,0,3
159,1.24218750,5352377,-15879638,0.322726606490,42E62FE982F01AA7,1,0,0,1070,791,-90,47,0,6,84,1,3
160,1.25000000,5227991,-15921453,0.315322362395,37C6820CB9309A8F,1,1,0,892,833,50,915,1,6,81,1,3
161,1.25781250,5103286,-15962297,0.307898872649,4091B7E6C4511BC7,0,1,0,1033,219,-101,69,2,6,120,1,3
162,1.26562500,4978269,-16002166,0.300456590342,302ECFF934C1987F,1,0,0,770,1895,-28,844,3,6,15,1,3
163,1.27343750,4852948,-16041059,0.292995969714,4AA8FE08CD9219F7,0,1,0,1194,1151,35,217,4,6,62,1,3
164,1.28125000,4727331,-16078973,0.285517466122,41965612BAB29A9F,1,0,0,1049,811,74,939,5,6,83,1,3
165,1.28906250,4601425,-16115905,0.278021536016,42F1D3E982F31BBF,0,1,0,1071,233,-90,47,6,6,119,1,3
166,1.29687500,4475239,-16151854,0.270508636908,3096D9FB34D39A7F,1,1,0,777,876,-20,845,7,6,79,1,3
167,1.30468750,4348779,-16186817,0.262979227346,3DF19FE8C5941BCF,0,0,0,991,207,-93,89,8,6,121,1,3
168,1.31250000,4222054,-16220792,0.255433766889,2FCEC9F6B4E4987F,1,1,0,764,1892,-38,846,9,6,15,1,3
169,1.32031250,4095071,-16253777,0.247872716071,4A70FC08CD851BF7,0,1,0,1191,126,35,216,10,6,126,1,3
170,1.32812500,3967838,-16285770,0.240296536379,346EF5F272B59877,1,0,0,838,1914,-55,811,11,6,14,1,3
171,1.33593750,3840363,-16316769,0.232705690226,4B11060D8D361BEF,0,1,0,1201,131,54,211,12,6,125,1,3
172,1.34375000,3712654,-16346772,0.225100640917,34CEF9F272D69877,1,0,0,844,1916,-55,813,13,6,14,1,3
173,1.35156250,3584718,-16375777,0.217481852625,4B31080D8D371BEF,0,1,0,1203,132,54,211,14,6,125,1,3
174,1.35937500,3456563,-16403783,0.209849790361,34CEF9F2B2D79877,1,1,0,844,1916,-54,813,15,6,14,1,3
175,1.36718750,3328197,-16430787,0.202204919948,4B49080D8D3819EF,0,0,0,1204,1156,54,211,16,6,61,1,3
176,1.37500000,3199628,-16456789,0.194547707989,41B65A12BAE89EA7,1,1,0,1051,813,74,942,17,7,84,1,3
177,1.38281250,3070864,-16481786,0.186878621840,4331D3E982F91FC7,0,0,0,1075,233,-90,47,18,7,120,1,3
178,1.39062500,2941913,-16505777,0.179198129584,3076D9FB74C99E87,1,1,0,775,876,-19,844,19,7,80,1,3
179,1.39843750,2812782,-16528761,0.171506699997,3E299FE8C5AA1DD7,1,1,0,994,1231,-93,90,20,7,58,1,3
180,1.40625000,2683479,-16550736,0.163804802526,3C9E2A16FCEA9CAF,1,0,0,969,1813,91,974,21,7,21,1,3
181,1.41406250,2554013,-16571701,0.156092907253,4F892804CB4B1DEF,0,1,0,1272,1172,19,180,22,7,61,1,3
182,1.42187500,2424391,-16591654,0.148371484874,41D662177A7B9E9F,1,0,0,1053,817,93,935,23,7,83,1,3
183,1.42968750,2294621,-16610595,0.140641006665,4389D7E9432C1DC7,1,1,0,1080,1259,-91,50,24,7,56,1,3
184,1.43750000,2164711,-16628522,0.132901944453,3D7E3A1BBCCC9CAF,1,0,0,983,1821,110,972,25,7,21,1,3
185,1.44531250,2034669,-16645434,0.125154770591,50092C04CB6D1DEF,0,1,0,1280,1174,19,182,26,7,61,1,3
186,1.45312500,1904502,-16661330,0.117399957928,420E6217BA6D9C9F,0,1,0,1056,1841,94,934,27,7,19,1,3
187,1.46093750,1774219,-16676209,0.109637979776,509938098B2E1DEF,0,0,0,1289,1180,38,178,28,7,61,1,3
188,1.46875000,1643828,-16690070,0.101869309886,42566617BA8E9E9F,1,1,0,1061,819,94,936,29,7,83,1,3
189,1.47656250,1513336,-16702912,0.094094422420,43C9D7E9831F1DC7,1,0,0,1084,1259,-90,49,30,7,56,1,3
190,1.48437500,1382752,-16714735,0.086313791914,3D7E3A1BBCCF9CAF,1,1,0,983,1821,110,972,31,7,21,1,3
191,1.49218750,1252084,-16725538,0.078527893260,3D71C61BBCC01CAB,1,0,0,983,227,110,972,0,7,21,0,3
192,1.50000000,1121339,-16735320,0.070737201668,3C0A23D33EF09EC3,1,1,0,960,1297,-180,1007,1,7,88,0,3
193,1.50781250,990526,-16744080,0.062942192641,474581FDF5D11D9B,0,0,0,1140,704,-9,861,2,7,51,0,3
194,1.51562500,859652,-16751818,0.055143341948,4121F1EE01619CB3,0,1,0,1042,248,-72,22,3,7,22,0,3
195,1.52343750,728726,-16758534,0.047341125589,2FEED9FAF5821FEB,1,0,0,766,1900,-21,856,4,7,125,0,3
196,1.53125000,597755,-16764227,0.039536019772,4B68FC084D929E73,0,1,0,1206,1150,33,217,5,7,78,0,3
197,1.53906250,466748,-16768897,0.031728500880,412E5812FA931FCB,0,0,0,1042,1836,75,937,6,7,121,0,3
198,1.54687500,335713,-16772543,0.023919045444,504132094B139C83,0,1,0,1284,153,37,177,7,7,16,0,3
199,1.55468750,204657,-16775166,0.016108130112,350F05F772841FFB,1,0,0,848,1922,-35,808,8,7,127,0,3
200,1.56250000,73589,-16776765,0.008296231624,4BF10A0D8D649C7B,0,1,0,1215,133,54,214,9,7,15,0,3
201,1.57031250,-57484,-16777340,0.000483826776,3496FBF2F2C521FB,1,0,0,841,893,-53,812,10,8,63,0,3
202,1.57812500,-188553,-16776891,-0.007328607602,3EA9A7ED8535A2AB,1,1,0,1002,1235,-74,83,11,8,85,0,3
203,1.58593750,-319611,-16775418,-0.015140594680,3C9E3016FD1623CB,1,0,0,969,1816,91,977,12,8,121,0,3
204,1.59375000,-450649,-16772921,-0.022951657654,4FD12604CB46A08B,0,1,0,1277,147,19,180,13,8,17,0,3
205,1.60156250,-581660,-16769400,-0.030761319777,34B703F772572203,1,0,0,843,897,-35,805,14,8,64,0,3
206,1.60937500,-712635,-16764856,-0.038569104387,3ED1A9ED4577A0AB,1,1,0,1005,212,-75,87,15,8,21,0,3
207,1.61718750,-843567,-16759289,-0.046374534938,2FC6CFF6B4F821F3,1,0,0,764,871,-38,847,16,8,62,0,3
208,1.62500000,-974447,-16752699,-0.054177135027,3DE99BE8C588A2A3,1,1,0,990,1229,-93,88,17,8,84,0,3
209,1.63281250,-1105268,-16745086,-0.061976428422,3C462A16BCE921CB,1,0,0,964,789,90,974,18,8,57,0,3
210,1.64062500,-1236022,-16736451,-0.069771939096,42A9C7E48349A2B3,1,1,0,1066,1251,-110,52,19,8,86,0,3
211,1.64843750,-1366700,-16726795,-0.077563191250,3CE6361B7CAA21CB,1,0,0,974,795,109,970,20,8,57,0,3
212,1.65625000,-1497295,-16716118,-0.085349709347,42F1CBE4837AA0B3,0,1,0,1071,229,-110,55,21,8,22,0,3
213,1.66406250,-1627798,-16704420,-0.093131018138,3016D5FB749B21F3,1,0,0,769,874,-19,841,22,8,62,0,3
214,1.67187500,-1758202,-16691703,-0.100906642691,3E119FE885ABA0A3,1,1,0,993,207,-94,90,23,8,20,0,3
215,1.67968750,-1888499,-16677967,-0.108676108423,2F7EC9F6B4EC23F3,1,0,0,759,1892,-38,846,24,8,126,0,3
216,1.68750000,-2018680,-16663213,-0.116438941125,4AA8FC08CD8CA27B,0,1,0,1194,1150,35,216,25,8,79,0,3
217,1.69531250,-2148738,-16647442,-0.124194666994,41365612BABD21D3,1,0,0,1043,811,74,939,26,8,58,0,3
218,1.70312500,-2278665,-16630655,-0.131942812661,4329D1E9430DA2B3,1,0,0,1074,1256,-91,48,27,8,86,0,3
219,1.71093750,-2408453,-16612853,-0.139682905219,3D463A1B7CDE21CB,1,1,0,980,797,109,973,28,8,57,0,3
220,1.71875000,-2538094,-16594037,-0.147414472252,4309CBE4C36EA2B3,1,0,0,1072,1253,-109,54,29,8,86,0,3
221,1.72656250,-2667580,-16574208,-0.155137041866,3D26361BBC9F21CB,1,1,0,978,795,110,969,30,8,57,0,3
222,1.73437500,-2796903,-16553368,-0.162850142714,42E9CBE4C37FA2B3,1,0,0,1070,1253,-109,55,31,8,86,0,3
223,1.74218750,-2926055,-16531517,-0.170553304029,42E637E4C37022B7,1,0,0,1070,795,-109,55,0,8,86,1,3
224,1.75000000,-3055029,-16508657,-0.178246055649,37667C0D3900A2A7,1,1,0,886,830,52,912,1,8,84,1,3
225,1.75781250,-3183816,-16484790,-0.185927928049,40A9B7E6846121D7,1,0,0,1034,1243,-102,70,2,8,58,1,3
226,1.76562500,-3312409,-16459916,-0.193598452367,3CE630197CC1A2B7,1,1,0,974,792,101,972,3,8,86,1,3
227,1.77343750,-3440800,-16434038,-0.201257160432,42B1C9E4835227D7,0,0,0,1067,228,-110,53,4,9,122,1,3
228,1.78125000,-3568981,-16407157,-0.208903584798,3036D5FB74A2A697,1,0,0,771,874,-19,842,5,9,82,1,3
229,1.78906250,-3696944,-16379274,-0.216537258766,3DE99FE8C5A325E7,1,1,0,990,1231,-93,90,6,9,60,1,3
230,1.79687500,-3824681,-16350392,-0.224157716416,3CA62A16BCE3A6BF,1,0,0,970,789,90,974,7,9,87,1,3
231,1.80468750,-3952185,-16320512,-0.231764492633,4271C7E4C34427D7,0,1,0,1063,227,-109,52,8,9,122,1,3
232,1.81250000,-4079448,-16289636,-0.239357123141,3036D5FB34A4A697,1,0,0,771,874,-20,842,9,9,82,1,3
233,1.82031250,-4206462,-16257765,-0.246935144524,3DD19FE8C5A527E7,0,0,0,989,207,-93,90,10,9,124,1,3
234,1.82812500,-4333219,-16224902,-0.254498094258,2FB6C9F6B4E5A697,1,1,0,763,868,-38,846,11,9,82,1,3
235,1.83593750,-4459712,-16191049,-0.262045510741,3D719BE8C57627E7,0,0,0,983,205,-93,87,12,9,124,1,3
236,1.84375000,-4585932,-16156207,-0.269576933316,2F96C9F674F6A697,1,0,0,761,868,-39,847,13,9,82,1,3
237,1.85156250,-4711872,-16120379,-0.277091902304,3D699BE8857725E7,1,1,0,982,1229,-94,87,14,9,60,1,3
238,1.85937500,-4837525,-16083567,-0.284589959031,3C9E2A167CF7A4BF,1,0,0,969,1813,89,975,15,9,23,1,3
239,1.86718750,-4962883,-16045774,-0.292070645854,4F312804CB4827FF,0,1,0,1267,148,19,180,16,9,127,1,3
240,1.87500000,-5087938,-16007001,-0.299533506190,352F01F73278A48F,1,0,0,850,1920,-36,807,17,9,17,1,3
241,1.88281250,-5212682,-15967251,-0.306978084544,4B510C0D8D692407,0,0,0,1205,134,54,214,18,9,0,1,3
242,1.89062500,-5337108,-15926527,-0.314403926538,3516F9F2B2D9A68F,1,1,0,849,892,-54,813,19,9,81,1,3
243,1.89843750,-5461208,-15884831,-0.321810578938,3E29A7EDC52A25DF,1,0,0,994,1235,-73,82,20,9,59,1,3
244,1.90625000,-5584975,-15842165,-0.329197589678,3D1E2E16BD2AA4BF,1,0,0,977,1815,90,978,21,9,23,1,3
245,1.91406250,-5708401,-15798532,-0.336564507894,4F4928050B3B25FF,0,1,0,1268,1172,20,179,22,9,63,1,3
246,1.92187500,-5831479,-15753935,-0.343910883947,423662173A7BA6AF,1,0,0,1059,817,92,935,23,9,85,1,3
247,1.92968750,-5954201,-15708377,-0.351236269452,4331D7E9831C27D7,0,0,0,1075,235,-90,49,24,9,122,1,3
248,1.93750000,-6076559,-15661860,-0.358540217306,30EED9FB74CCA497,1,1,0,782,1900,-19,844,25,9,18,1,3
249,1.94531250,-6198546,-15614387,-0.365822281713,4AD100090D9D240F,0,0,0,1197,128,36,217,26,9,1,1,3
250,1.95312500,-6320155,-15565961,-0.373082018214,34D6F5F2B2BDA68F,1,0,0,845,890,-54,811,27,9,81,1,3
251,1.96093750,-6441378,-15516585,-0.380318983711,3DE9A7ED852E25DF,1,0,0,990,1235,-74,82,28,9,59,1,3
252,1.96875000,-6562208,-15466262,-0.387532736497,3D262E167D2EAAC7,1,1,0,978,791,89,978,29,10,88,1,3
253,1.97656250,-6682638,-15414995,-0.394722836283,4249C7E5032F29DF,1,0,0,1060,1251,-108,50,30,10,59,1,3
254,1.98437500,-6802660,-15362787,-0.401888844221,3D7E361B3CBFA8C7,1,0,0,983,1819,108,971,31,10,24,1,3
255,1.99218750,-6922267,-15309641,-0.409030322935,3D71CA1B3CB028C3,1,1,0,983,229,108,971,0,10,24,0,3
256,2.00000000,-7041451,-15255561,-0.416146836547,3B4A23D33EF0AADB,1,0,0,948,1297,-180,1007,1,10,91,0,3
257,2.00781250,-7160205,-15200550,-0.423237950701,47DD7FFD75E12BAB,0,0,0,1149,1727,-11,862,2,10,117,0,3
258,2.01562500,-7278522,-15144611,-0.430303232592,4D79520E4941AAA3,0,1,0,1239,1193,57,148,3,10,84,0,3
259,2.02343750,-7396395,-15087748,-0.437342250991,426E6416FB622BEB,0,0,0,1062,1842,91,950,4,10,125,0,3
260,2.03125000,-7513817,-15029964,-0.444354576274,502136094AF2A89B,0,0,0,1282,155,37,175,5,10,19,0,3
261,2.03906250,-7630780,-14971262,-0.451339780443,35D705F772932A13,1,0,0,861,898,-35,809,6,10,66,0,3
262,2.04687500,-7747277,-14911647,-0.458297437158,3E49ABEDC543AABB,1,1,0,996,1237,-73,84,7,10,87,0,3
263,2.05468750,-7863301,-14851121,-0.465227121761,3D7E2E16BD242BDB,0,0,0,983,1815,90,978,8,10,123,0,3
264,2.06250000,-7978845,-14789689,-0.472128411297,4F192A050B24AA9B,0,0,0,1265,1173,20,178,9,10,83,0,3
265,2.07031250,-8093902,-14727354,-0.479000884549,426E62173A852BEB,0,0,0,1062,1841,92,936,10,10,125,0,3
266,2.07812500,-8208465,-14664120,-0.485844122055,4FF93809CB15AA9B,0,1,0,1279,1180,39,177,11,10,83,0,3
267,2.08593750,-8322527,-14599991,-0.492657706141,42F666177AA629EB,1,0,0,1071,819,93,938,12,10,61,0,3
268,2.09375000,-8436081,-14534971,-0.499441220939,4311D9E9C306A8C3,0,0,0,1073,236,-89,48,13,10,24,0,3
269,2.10156250,-8549121,-14469064,-0.506194252419,3136D9FB74D72A03,1,0,0,787,876,-19,845,14,10,64,0,3
270,2.10937500,-8661639,-14402274,-0.512916388412,3D91A1E90587A8BB,1,1,0,985,208,-92,88,15,10,23,0,3
271,2.11718750,-8773628,-14334605,-0.519607218631,3026C9F674F82A03,1,0,0,770,868,-39,847,16,10,64,0,3
272,2.12500000,-8885082,-14266061,-0.526266334704,3D119BE90568A8B3,1,0,0,977,205,-92,86,17,10,22,0,3
273,2.13281250,-8995993,-14196646,-0.532893330193,301EC9F635092803,1,0,0,769,1892,-40,848,18,10,0,0,3
274,2.14062500,-9106355,-14126365,-0.539487800619,49F0FC090D79A88B,0,1,0,1183,126,36,215,19,10,17,0,3
275,2.14843750,-9216161,-14055222,-0.546049343491,34F6F5F232CA2A0B,1,0,0,847,890,-56,812,20,10,65,0,3
276,2.15625000,-9325405,-13983221,-0.552577558325,3D91A7ED852AA8BB,1,0,0,985,211,-74,82,21,10,23,0,3
277,2.16406250,-9434080,-13910366,-0.559072046673,307ECBF6353B2C0B,1,0,0,775,1893,-40,851,22,11,1,0,3
278,2.17187500,-9542179,-13836662,-0.565532412145,4A08FC090D6BAE93,0,0,0,1184,1150,36,214,23,11,82,0,3
279,2.17968750,-9649696,-13762114,-0.571958260433,41F656127ADC2DEB,1,1,0,1055,811,73,941,24,11,61,0,3
280,2.18750000,-9756624,-13686726,-0.578349199337,4271D3E982ECACCB,0,0,0,1063,233,-90,46,25,11,25,0,3
281,2.19531250,-9862956,-13610502,-0.584704838787,3116D7FAF4ED2E0B,1,0,0,785,875,-21,846,26,11,65,0,3
282,2.20312500,-9968686,-13533448,-0.591024790867,3D719FE9058DACBB,1,0,0,983,207,-92,88,27,11,23,0,3
283,2.21093750,-10073808,-13455568,-0.597308669840,305EC9F674FE2C0B,1,1,0,773,1892,-39,847,28,11,1,0,3
284,2.21875000,-10178315,-13376866,-0.603556092171,49E8FC090D6EAE93,0,0,0,1182,1150,36,214,29,11,82,0,3
285,2.22656250,-10282201,-13297348,-0.609766676548,420E54123ADF2FEB,0,0,0,1056,1834,72,941,30,11,125,0,3
286,2.23437500,-10385459,-13217018,-0.615940043911,4F593409CAEFAEA3,0,0,0,1269,1178,39,174,31,11,84,0,3
287,2.24218750,-10488083,-13135882,-0.622075817467,4F56CC09CAE02EA7,0,0,0,1269,870,39,174,0,11,84,1,3
288,2.25000000,-10590067,-13053944,-0.628173622723,3F2E940D7840ACB7,1,0,0,1010,1866,53,900,1,11,22,1,3
289,2.25781250,-10691405,-12971209,-0.634233087498,4E512C0B4BA12C0F,0,1,0,1253,150,45,186,2,11,1,1,3
290,2.26562500,-10792090,-12887682,-0.640253841954,361701F5B2B1AE9F,1,0,0,865,896,-42,811,3,11,83,1,3
291,2.27343750,-10892116,-12803369,-0.646235518616,3DE9ABEE05222DEF,1,0,0,990,1237,-72,82,4,11,61,1,3
292,2.28125000,-10991478,-12718274,-0.652177752393,3DA62E167D32AECF,1,0,0,986,791,89,979,5,11,89,1,3
293,2.28906250,-11090169,-12632403,-0.658080180601,41E9C9E503132DE7,1,0,0,1054,1252,-108,49,6,11,60,1,3
294,2.29687500,-11188183,-12545761,-0.663942442986,3DDE341B3CC3ACCF,1,1,0,989,1818,108,972,7,11,25,1,3
295,2.30468750,-11285514,-12458353,-0.669764181747,4F092E050B542E0F,0,0,0,1264,1175,20,181,8,11,65,1,3
296,2.31250000,-11382156,-12370185,-0.675545041555,42D660173A84AEC7,1,0,0,1069,816,92,936,9,11,88,1,3
297,2.32031250,-11478103,-12281262,-0.681284669575,42B1D9E9C3052FE7,0,0,0,1067,236,-89,48,10,11,124,1,3
298,2.32812500,-11573350,-12191589,-0.686982715490,316ED7FB34E5ACA7,1,0,0,790,1899,-20,846,11,11,20,1,3
299,2.33593750,-11667890,-12101172,-0.692638831521,4A3102094D862C17,0,0,0,1187,129,37,216,12,11,2,1,3
300,2.34375000,-11761718,-12010017,-0.698252672448,3556F5F272C6AE9F,1,0,0,853,890,-55,812,13,11,83,1,3
301,2.35156250,-11854828,-11918129,-0.703823895631,3D69A9EDC5172DEF,1,1,0,982,1236,-73,81,14,11,61,1,3
302,2.35937500,-11947215,-11825513,-0.709352161031,3DA62C163D47B2D7,1,0,0,986,790,88,980,15,12,90,1,3
303,2.36718750,-12038873,-11732175,-0.714837131231,41C9C9E5031831EF,1,0,0,1052,1252,-108,49,16,12,61,1,3
304,2.37500000,-12129796,-11638121,-0.720278471457,3DE6341B3CD8B2D7,1,0,0,990,794,108,973,17,12,90,1,3
305,2.38281250,-12219978,-11543357,-0.725675849597,41F1CDE5034933EF,0,0,0,1055,230,-108,52,18,12,125,1,3
306,2.39062500,-12309415,-11447888,-0.731028936224,3116D3FAF4C9B2AF,1,0,0,785,873,-21,844,19,12,85,1,3
307,2.39843750,-12398100,-11351721,-0.736337404612,3D11A1E9058A33FF,0,0,0,977,208,-92,88,20,12,127,1,3
308,2.40625000,-12486029,-11254861,-0.741600930761,308EC7F6350AB0AF,1,1,0,776,1891,-40,848,21,12,21,1,3
309,2.41406250,-12573196,-11157314,-0.746819193411,49A8FE094D6B3227,0,0,0,1178,1151,37,214,22,12,68,1,3
310,2.42187500,-12659595,-11059086,-0.751991874067,423654123AEBB2CF,1,0,0,1059,810,72,942,23,12,89,1,3
311,2.42968750,-12745221,-10960183,-0.757118657014,4229D3E9C2DC31EF,1,0,0,1058,1257,-89,45,24,12,61,1,3
312,2.43750000,-12830070,-10860611,-0.762199229341,3E5E381AFCFCB0D7,1,0,0,997,1820,107,975,25,12,26,1,3
313,2.44531250,-12914135,-10760376,-0.767233280956,4EF12E054B4D3017,0,0,0,1263,151,21,180,26,12,2,1,3
314,2.45312500,-12997412,-10659484,-0.772220504606,3616FFF6F28DB2A7,1,0,0,865,895,-37,808,27,12,84,1,3
315,2.46093750,-13079896,-10557942,-0.777160595896,3DA9ADEDC53E31F7,1,0,0,986,1238,-73,83,28,12,62,1,3
316,2.46875000,-13161582,-10455755,-0.782053253309,3DE62C167D3EB2D7,1,0,0,990,790,89,979,29,12,90,1,3
317,2.47656250,-13242464,-10352930,-0.786898178223,41A9C9E5431F31EF,1,1,0,1050,1252,-107,49,30,12,61,1,3
318,2.48437500,-13322538,-10249473,-0.791695074927,3E1E341AFCDFB0D7,1,0,0,993,1818,107,973,31,12,26,1,3
319,2.49218750,-13401799,-10145391,-0.796443650645,3E11CC1AFCD030D3,1,0,0,993,230,107,973,0,12,26,0,3
320,2.50000000,-13480242,-10040689,-0.801143615547,3AB225D3BED0B0EB,1,0,0,939,274,-178,1005,1,12,29,0,3
321,2.50781250,-13557862,-9935375,-0.805794682772,3B861BDD2E0131E3,1,0,0,952,781,-140,736,2,12,60,0,3
322,2.51562500,-13634655,-9829454,-0.810396568443,3B09C7F28361B2D3,1,0,0,944,1251,-54,54,3,12,90,0,3
323,2.52343750,-13710615,-9722933,-0.814948991684,3D7E2C15FE0233EB,0,0,0,983,1814,87,992,4,12,125,0,3
324,2.53125000,-13785739,-9615819,-0.819451674640,4E992604CB02B2AB,0,0,0,1257,1171,19,176,5,12,85,0,3
325,2.53906250,-13860021,-9508118,-0.823904342488,42F66016FA9331FB,1,0,0,1071,816,91,937,6,12,63,0,3
326,2.54687500,-13933457,-9399837,-0.828306723462,4269D9E9C2F3B2D3,1,0,0,1062,1260,-89,47,7,12,90,0,3
327,2.55468750,-14006043,-9290982,-0.832658548863,3E9E381B3CF437F3,0,1,0,1001,1820,108,975,8,13,126,0,3
328,2.56250000,-14077774,-9181560,-0.836959553078,4EE12E054B34B4B3,0,0,0,1262,151,21,179,9,13,22,0,3
329,2.57031250,-14148646,-9071577,-0.841209473596,362EFFF6F2853423,1,0,0,866,1919,-37,808,10,13,4,0,3
330,2.57812500,-14218654,-8961041,-0.845408051023,4A890E0E0D35B6AB,0,0,0,1192,1159,56,211,11,13,85,0,3
331,2.58593750,-14287794,-8849958,-0.849555029100,42EE58127B0637FB,0,0,0,1070,1836,73,944,12,13,127,0,3
332,2.59375000,-14356062,-8738335,-0.853650154717,4F19360A0AC6B6B3,0,0,0,1265,1179,40,172,13,13,86,0,3
333,2.60156250,-14423454,-8626178,-0.857693177928,43766416FAC73603,1,0,0,1079,818,91,940,14,13,64,0,3
334,2.60937500,-14489966,-8513495,-0.861683851969,4289D9EA02E7B6DB,1,0,0,1064,1260,-88,46,15,13,91,0,3
335,2.61718750,-14555593,-8400292,-0.865621933268,3EBE381B3CF837F3,0,0,0,1003,1820,108,975,16,13,126,0,3
336,2.62500000,-14620332,-8286576,-0.869507181466,4ED92E058B38B6B3,0,0,0,1261,1175,22,179,17,13,86,0,3
337,2.63281250,-14684179,-8172355,-0.873339359427,433660173A993603,1,0,0,1075,816,92,937,18,13,64,0,3
338,2.64062500,-14747129,-8057635,-0.877118233256,4269D9EA02F9B6DB,1,0,0,1062,1260,-88,47,19,13,91,0,3
339,2.64843750,-14809179,-7942423,-0.880843572308,3EA6381B3CFA35F3,1,0,0,1002,796,108,975,20,13,62,0,3
340,2.65625000,-14870325,-7826726,-0.884515149208,41E9CDE5433AB6DB,1,0,0,1054,1254,-107,51,21,13,91,0,3
341,2.66406250,-14930564,-7710552,-0.888132739863,3E66341B3CCB35F3,1,0,0,998,794,108,972,22,13,62,0,3
342,2.67187500,-14989891,-7593907,-0.891696123473,41B1CDE5433BB4DB,0,1,0,1051,230,-107,51,23,13,27,0,3
343,2.67968750,-15048303,-7476798,-0.895205082547,316ED3FAF4CC341B,1,0,0,790,1897,-21,844,24,13,3,0,3
344,2.68750000,-15105797,-7359233,-0.898659402918,49C902094D7CB6AB,0,0,0,1180,1153,37,215,25,13,85,0,3
345,2.69531250,-15162369,-7241219,-0.902058873750,429654123AED35FB,1,0,0,1065,810,72,942,26,13,63,0,3
346,2.70312500,-15218016,-7122763,-0.905403287558,41F1D5E9C2CDB4DB,0,0,0,1055,234,-89,44,27,13,27,0,3
347,2.71093750,-15272734,-7003872,-0.908692440216,31AED7FAF50E341B,1,0,0,794,1899,-21,848,28,13,3,0,3
348,2.71875000,-15326520,-6884554,-0.911926130971,49E902094D7EB6AB,0,0,0,1182,1153,37,215,29,13,85,0,3
349,2.72656250,-15379370,-6764816,-0.915104162455,42AE54127ADF37FB,0,0,0,1066,1834,73,941,30,13,127,0,3
350,2.73437500,-15431281,-6644665,-0.918226340698,4ED9360A0ADFB6B3,0,0,0,1261,1179,40,173,31,13,86,0,3
351,2.74218750,-15482251,-6524108,-0.921292475137,4ED6CA0A0AD036B7,0,0,0,1261,869,40,173,0,13,86,1,3
352,2.75000000,-15532276,-6403153,-0.924302378632,3F96940D3850BACF,1,0,0,1017,842,52,901,1,14,89,1,3
353,2.75781250,-15581353,-6281807,-0.927255867475,40E9CBEB439139FF,1,0,0,1038,1253,-83,57,2,14,63,1,3
354,2.76562500,-15629479,-6160078,-0.930152761398,3E9E3419BD11B8E7,1,0,0,1001,1818,102,977,3,14,28,1,3
355,2.77343750,-15676651,-6037973,-0.932992883591,4EA92E058B223A27,0,0,0,1258,1175,22,178,4,14,68,1,3
356,2.78125000,-15722866,-5915499,-0.935776060707,434E6016FA92B8DF,0,0,0,1076,1840,91,937,5,14,27,1,3
357,2.78906250,-15768121,-5792664,-0.938502122876,4F393A0A0AF33A27,0,0,0,1267,1181,40,175,6,14,68,1,3
358,2.79687500,-15812414,-5669476,-0.941170903712,43AE6416FAC3B8D7,0,0,0,1082,1842,91,940,7,14,26,1,3
359,2.80468750,-15855742,-5545942,-0.943782240327,4F593A0A4AE43A27,0,0,0,1269,1181,41,174,8,14,68,1,3
360,2.81250000,-15898102,-5422069,-0.946335973339,43B664173AC4BAD7,0,0,0,1083,818,92,940,9,14,90,1,3
361,2.82031250,-15939492,-5297865,-0.948831946880,4279D9EA02E539FF,1,0,0,1063,1260,-88,46,10,14,63,1,3
362,2.82812500,-15979909,-5173338,-0.951270008610,3EDE381B3CF5B8E7,1,0,0,1005,1820,108,975,11,14,28,1,3
363,2.83593750,-16019350,-5048495,-0.953650009722,4EB12E058B363827,0,0,0,1259,151,22,179,12,14,4,1,3
364,2.84375000,-16057814,-4923344,-0.955971804952,366EFFF6F296B8B7,1,0,0,870,1919,-37,809,13,14,22,1,3
365,2.85156250,-16095298,-4797892,-0.958235252591,4A510E0E0D37382F,0,0,0,1189,135,56,211,14,14,5,1,3
366,2.85937500,-16131799,-4672147,-0.960440214489,362EF7F23307B8B7,1,0,0,866,1915,-56,816,15,14,22,1,3
367,2.86718750,-16167316,-4546117,-0.962586556066,4A110A0E4CF8382F,0,0,0,1185,133,57,207,16,14,5,1,3
368,2.87500000,-16201846,-4419810,-0.964674146321,360EF7F23318B8B7,1,0,0,864,1915,-56,817,17,14,22,1,3
369,2.88281250,-16235387,-4293233,-0.966702857839,4A090A0E0CF93A2F,0,0,0,1184,1157,56,207,18,14,69,1,3
370,2.89062500,-16267937,-4166394,-0.968672566796,42F658123B19BADF,1,0,0,1071,812,72,945,19,14,91,1,3
371,2.89843750,-16299494,-4039301,-0.970583152973,41F1D5EA02BA3BFF,0,0,0,1055,234,-88,43,20,14,127,1,3
372,2.90625000,-16330056,-3911961,-0.972434499757,31CED7FAF50AB8BF,1,0,0,796,1899,-21,848,21,14,23,1,3
373,2.91406250,-16359621,-3784382,-0.974226494151,49D102098D6B382F,0,0,0,1181,129,38,214,22,14,5,1,3
374,2.92187500,-16388188,-3656572,-0.975959026781,35CEF3F232DBB8B7,1,0,0,860,1913,-56,813,23,14,22,1,3
375,2.92968750,-16415755,-3528539,-0.977631991903,49E90A0E0D0C3A2F,0,0,0,1182,1157,56,208,24,14,69,1,3
376,2.93750000,-16442320,-3400291,-0.979245287407,42F658123B1CBADF,1,0,0,1071,812,72,945,25,14,91,1,3
377,2.94531250,-16467881,-3271835,-0.980798814825,41F1D5EA02BD3C07,0,0,0,1055,234,-88,43,26,15,0,1,3
378,2.95312500,-16492437,-3143180,-0.982292479339,31CED7FAF50DBCC7,1,0,0,796,1899,-21,848,27,15,24,1,3
379,2.96093750,-16515986,-3014333,-0.983726189783,49C902098D6E3E37,0,1,0,1180,1153,38,214,28,15,70,1,3
380,2.96875000,-16538527,-2885302,-0.985099858651,42CE54123AEEBCE7,0,0,0,1068,1834,72,942,29,15,28,1,3
381,2.97656250,-16560059,-2756095,-0.986413402100,4EB9360A0ACF3E2F,0,0,0,1259,1179,40,172,30,15,69,1,3
382,2.98437500,-16580580,-2626720,-0.987666739960,43966416BADFBEDF,0,0,0,1081,818,90,941,31,15,91,1,3
383,2.99218750,-16600089,-2497184,-0.988859795733,43999C16BAD03EDB,0,0,0,1081,1230,90,941,0,15,91,0,3
384,3.00000000,-16618585,-2367496,-0.989992496600,477999F70610BEDB,0,0,0,1143,1228,-36,97,1,15,91,0,3
385,3.00781250,-16636067,-2237663,-0.991064773429,40D64A197C113E0B,1,0,0,1037,805,101,961,2,15,65,0,3
386,3.01562500,-16652533,-2107694,-0.992076560771,41F1D3E74301BCEB,0,0,0,1055,233,-99,48,3,15,29,0,3
387,3.02343750,-16667983,-1977596,-0.993027796874,31B6D5FAF4E23E2B,1,0,0,795,874,-21,846,4,15,69,0,3
388,3.03125000,-16682416,-1847377,-0.993918423678,3CC9A1E94562BEE3,1,0,0,972,1232,-91,86,5,15,92,0,3
389,3.03906250,-16695830,-1717046,-0.994748386824,3DE628163D233E03,1,0,0,990,788,88,978,6,15,64,0,3
390,3.04687500,-16708225,-1586610,-0.995517635656,4131C9E54303BCEB,1,0,0,1043,228,-107,48,7,15,29,0,3
391,3.05468750,-16719601,-1456077,-0.996226123222,3166D3FAB4E43E2B,1,0,0,790,873,-22,846,8,15,69,0,3
392,3.06250000,-16729956,-1325455,-0.996873806281,3CA9A1E94574BEE3,1,0,0,970,1232,-91,87,9,15,92,0,3
393,3.07031250,-16739290,-1194752,-0.997460645301,3DE628163D253E03,1,0,0,990,788,88,978,10,15,64,0,3
394,3.07812500,-16747602,-1063976,-0.997986604464,4131C9E54305BCEB,1,0,0,1043,228,-107,48,11,15,29,0,3
395,3.08593750,-16754892,-933135,-0.998451651668,3166D3FAB4E63E2B,1,0,0,790,873,-22,846,12,15,69,0,3
396,3.09375000,-16761159,-802237,-0.998855758530,3CA9A1E94576BEE3,1,0,0,970,1232,-91,87,13,15,92,0,3
397,3.10156250,-16766403,-671290,-0.999198900385,3DE628163D273E03,1,0,0,990,788,88,978,14,15,64,0,3
398,3.10937500,-16770624,-540302,-0.999481056289,4131C9E54307BCEB,1,0,0,1043,228,-107,48,15,15,29,0,3
399,3.11718750,-16773822,-409281,-0.999702209020,3166D3FAB4E83E2B,1,0,0,790,873,-22,846,16,15,69,0,3
400,3.12500000,-16775996,-278236,-0.999862345082,3CA9A1E94578BEE3,1,0,0,970,1232,-91,87,17,15,92,0,3
401,3.13281250,-16777146,-147174,-0.999961454699,3DE628163D293E03,1,0,0,990,788,88,978,18,15,64,0,3
402,3.14062500,-16777272,-16103,-0.999999531823,4131C9E54309C0F3,1,0,0,1043,228,-107,48,19,16,30,0,3
403,3.14843750,-16776374,114969,-0.999976574130,3166D3FAB4EA4233,1,0,0,790,873,-22,846,20,16,70,0,3
404,3.15625000,-16774452,246034,-0.999892583021,3CA9A1E9457AC2EB,1,0,0,970,1232,-91,87,21,16,93,0,3
405,3.16406250,-16771506,377084,-0.999747563623,3DE628163D2B420B,1,0,0,990,788,88,978,22,16,65,0,3
406,3.17187500,-16767536,508111,-0.999541524785,4131C9E5430BC0F3,1,0,0,1043,228,-107,48,23,16,30,0,3
407,3.17968750,-16762543,639107,-0.999274479086,3166D3FAB4EC4233,1,0,0,790,873,-22,846,24,16,70,0,3
408,3.18750000,-16756527,770064,-0.998946442822,3CA9A1E9457CC2EB,1,0,0,970,1232,-91,87,25,16,93,0,3
409,3.19531250,-16749488,900974,-0.998557436016,3DE628163D2D420B,1,0,0,990,788,88,978,26,16,65,0,3
410,3.20312500,-16741427,1031829,-0.998107482411,4131C9E5430DC0F3,1,0,0,1043,228,-107,48,27,16,30,0,3
411,3.21093750,-16732344,1162621,-0.997596609470,3166D3FAB4EE4233,1,0,0,790,873,-22,846,28,16,70,0,3
412,3.21875000,-16722240,1293342,-0.997024848374,3CA9A1E9457EC2EB,1,0,0,970,1232,-91,87,29,16,93,0,3
413,3.22656250,-16711115,1423985,-0.996392234019,3DE628163D2F420B,1,0,0,990,788,88,978,30,16,65,0,3
414,3.23437500,-16698970,1554541,-0.995698805019,4131C9E5430FC0F3,1,0,0,1043,228,-107,48,31,16,30,0,3
415,3.24218750,-16685806,1685002,-0.994944603695,413E39E5430040F7,1,0,0,1043,1820,-107,48,0,16,30,1,3
416,3.25000000,-16671623,1815360,-0.994129676081,4585DA2C4150C30F,0,0,0,1112,749,177,21,1,16,97,1,3
417,3.25781250,-16656423,1945607,-0.993254071915,373A840309F141DF,1,0,0,883,1346,12,159,2,16,59,1,3
418,3.26562500,-16640206,2075735,-0.992317844640,407E0C117EF1C0FF,1,0,0,1031,1798,69,1007,3,16,31,1,3
419,3.27343750,-16622974,2205737,-0.991321051399,4E912C05CA424037,0,0,0,1257,150,23,164,4,16,6,1,3
420,3.28125000,-16604727,2335604,-0.990263753030,363701F732B2C2C7,1,0,0,867,896,-36,811,5,16,88,1,3
421,3.28906250,-16585467,2465328,-0.989146014065,3D49ADEDC5334217,1,0,0,980,1238,-73,83,6,16,66,1,3
422,3.29687500,-16565194,2594902,-0.987967902726,3E462C163D43C2F7,1,0,0,996,790,88,980,7,16,94,1,3
423,3.30468750,-16543910,2724318,-0.986729490919,4151C9E58304400F,0,0,0,1045,228,-106,48,8,16,1,1,3
424,3.31250000,-16521617,2853567,-0.985430854229,3176D3FAB4D4C2CF,1,0,0,791,873,-22,845,9,16,89,1,3
425,3.32031250,-16498315,2982642,-0.984072071919,3CB1A1E94575401F,0,0,0,971,208,-91,87,10,16,3,1,3
426,3.32812500,-16474006,3111535,-0.982653226921,30EEC7F63515C0CF,1,0,0,782,1891,-40,849,11,16,25,1,3
427,3.33593750,-16448692,3240238,-0.981174405836,4950FE094D564047,0,0,0,1173,127,37,213,12,16,8,1,3
428,3.34375000,-16422374,3368743,-0.979635698922,35AEF3F1F2E6C4CF,1,0,0,858,1913,-57,814,13,17,25,1,3
429,3.35156250,-16395053,3497043,-0.978037200094,49E90A0E0D074647,0,0,0,1182,1157,56,208,14,17,72,1,3
430,3.35937500,-16366732,3625129,-0.976379006916,42F658123B17C6F7,0,0,0,1071,812,72,945,15,17,94,1,3
431,3.36718750,-16337412,3752994,-0.974661220596,41F9D5EA02B84617,1,0,0,1055,1258,-88,43,16,17,66,1,3
432,3.37500000,-16307095,3880630,-0.972883945979,3EBE381AFD08C4FF,1,0,0,1003,1820,107,976,17,17,31,1,3
433,3.38281250,-16275782,4008029,-0.971047291541,4EA92E058B39463F,0,0,0,1258,1175,22,179,18,17,71,1,3
434,3.39062500,-16243476,4135184,-0.969151369380,43566016FA99C6F7,0,0,0,1077,816,91,937,19,17,94,1,3
435,3.39843750,-16210178,4262086,-0.967196295216,4239D9EA02EA4617,1,0,0,1059,1260,-88,46,20,17,66,1,3
436,3.40625000,-16175891,4388728,-0.965182188374,3EC6381AFD0AC6FF,1,0,0,1004,796,107,976,21,17,95,1,3
437,3.41406250,-16140617,4515102,-0.963109171786,41C9CDE5432B4617,1,0,0,1052,1254,-107,50,22,17,66,1,3
438,3.42187500,-16104358,4641201,-0.960977371979,3E7E341B3CDBC4FF,1,0,0,999,1818,108,973,23,17,31,1,3
439,3.42968750,-16067116,4767016,-0.958786919066,4E912E054B3C443F,0,0,0,1257,151,21,179,24,17,7,1,3
440,3.43750000,-16028893,4892540,-0.956537946741,3656FFF6F29CC6CF,1,0,0,869,895,-37,809,25,17,89,1,3
441,3.44531250,-15989692,5017766,-0.954230592270,3D51ADEE052D441F,0,0,0,981,214,-72,82,26,17,3,1,3
442,3.45312500,-15949515,5142685,-0.951864996482,3136CBF6354DC6D7,1,0,0,787,869,-40,852,27,17,90,1,3
443,3.46093750,-15908364,5267291,-0.949441303761,3C899DE9454E4627,1,0,0,968,1230,-91,84,28,17,68,1,3
444,3.46875000,-15866242,5391575,-0.946959662036,3DA628163D2EC6FF,1,0,0,986,788,88,978,29,17,95,1,3
445,3.47656250,-15823152,5515530,-0.944420222774,4149C9E5031F4617,1,0,0,1044,1252,-108,49,30,17,66,1,3
446,3.48437500,-15779096,5639148,-0.941823140969,3E3E341AFCEFC4FF,1,0,0,995,1818,107,974,31,17,31,1,3
447,3.49218750,-15734077,5762422,-0.939168575135,3E31CC1AFCE044FB,1,0,0,995,230,107,974,0,17,31,0,3
448,3.50000000,-15688098,5885344,-0.936456687291,3A8A25D3BED0C713,1,0,0,936,1298,-178,1005,1,17,98,0,3
449,3.50781250,-15641161,6007907,-0.933687642957,48BD7DFD360147E3,0,0,0,1163,1726,-12,864,2,17,124,0,3
450,3.51562500,-15593270,6130104,-0.930861611143,4CA1540EC921C4DB,0,0,0,1226,170,59,146,3,17,27,0,3
451,3.52343750,-15544427,6251926,-0.927978764333,363703F67382464B,1,0,0,867,897,-39,824,4,17,73,0,3
452,3.53125000,-15494635,6373367,-0.925039278483,3D89A9ED8512C6F3,1,0,0,984,1236,-74,81,5,17,94,0,3
453,3.53906250,-15443897,6494419,-0.922043333002,3E1E2C167D33481B,0,0,0,993,1814,89,979,6,18,3,0,3
454,3.54687500,-15392217,6615074,-0.918991110750,4E612A058B13C8DB,0,0,0,1254,149,22,177,7,18,27,0,3
455,3.55468750,-15339597,6735326,-0.915882798016,362EFFF6B294484B,1,0,0,866,1919,-38,809,8,18,9,0,3
456,3.56250000,-15286041,6855167,-0.912718584517,4A690E0E0D34CAD3,0,0,0,1190,1159,56,211,9,18,90,0,3
457,3.57031250,-15231552,6974589,-0.909498663380,42F658123B054A23,1,0,0,1071,812,72,944,10,18,68,0,3
458,3.57812500,-15176133,7093586,-0.906223231132,4211D5EA02B5C903,0,0,0,1057,234,-88,43,11,18,32,0,3
459,3.58593750,-15119788,7212150,-0.902892487689,31AED7FAF5064843,1,1,0,794,1899,-21,848,12,18,8,0,3
460,3.59375000,-15062520,7330273,-0.899506636343,49E902094D76CAD3,0,0,0,1182,1153,37,215,13,18,90,0,3
461,3.60156250,-15004333,7447949,-0.896065883747,42AE54127AD74823,0,0,0,1066,1834,73,941,14,18,4,0,3
462,3.60937500,-14945230,7565170,-0.892570439909,4EE1360A0AD7C8DB,0,0,0,1262,155,40,173,15,18,27,0,3
463,3.61718750,-14885215,7681930,-0.889020518171,368F03F6B2C84853,1,0,0,872,1921,-38,812,16,18,10,0,3
464,3.62500000,-14824291,7798221,-0.885416335203,4A910E0E4D28C8D3,0,0,0,1193,135,57,210,17,18,26,0,3
465,3.63281250,-14762463,7914036,-0.881758110986,35F6F9F232F94A4B,1,0,0,863,892,-56,815,18,18,73,0,3
466,3.64062500,-14699734,8029368,-0.878046068798,3D49A9EE0509CAFB,1,0,0,980,1236,-72,80,19,18,95,0,3
467,3.64843750,-14636107,8144210,-0.874280435203,3DFE2C163D4A481B,0,0,0,991,1814,88,980,20,18,3,0,3
468,3.65625000,-14571587,8258555,-0.870461440038,4E792A054B1ACADB,0,0,0,1255,1173,21,177,21,18,91,0,3
469,3.66406250,-14506178,8372396,-0.866589316392,430E6016FA9B482B,0,0,0,1072,1840,91,937,22,18,5,0,3
470,3.67187500,-14439883,8485726,-0.862664300601,4F413A0A0AFBC8DB,0,0,0,1268,157,40,175,23,18,27,0,3
471,3.67968750,-14372707,8598538,-0.858686632228,369703F6F2BC4A53,1,0,0,873,897,-37,811,24,18,74,0,3
472,3.68750000,-14304654,8710825,-0.854656554048,3DB1ADEE052CC8FB,1,0,0,987,214,-72,82,25,18,31,0,3
473,3.69531250,-14235728,8822580,-0.850574312038,311ECDF6753D4843,1,0,0,785,1894,-39,851,26,18,8,0,3
474,3.70312500,-14165933,8933797,-0.846440155355,49B0FE098D5DC8CB,0,0,0,1179,127,38,213,27,18,25,0,3
475,3.71093750,-14095273,9044468,-0.842254336328,3576F5F232DE4A4B,1,1,0,855,890,-56,813,28,18,73,0,3
476,3.71875000,-14023753,9154587,-0.838017110437,3D29A9EDC51ECAFB,1,0,0,978,1236,-73,81,29,18,95,0,3
477,3.72656250,-13951377,9264148,-0.833728736302,3DE62C163D4F4A1B,1,0,0,990,790,88,980,30,18,67,0,3
478,3.73437500,-13878149,9373143,-0.829389475661,4189C9E5430FCF0B,1,0,0,1048,1252,-107,48,31,19,97,0,3
479,3.74218750,-13804074,9481566,-0.824999593362,418639E543004F0F,1,0,0,1048,796,-107,48,0,19,97,1,3
480,3.75000000,-13729157,9589410,-0.820559357340,38467A0CB940CEFF,1,0,0,900,829,50,916,1,19,95,1,3
481,3.75781250,-13653402,9696669,-0.816069038603,3FB1B9E6C4414C2F,0,0,0,1019,220,-101,68,2,19,5,1,3
482,3.76562500,-13576813,9803336,-0.811528911219,30F6CDF8F4E1CEE7,1,0,0,783,870,-29,846,3,19,92,1,3
483,3.77343750,-13499396,9909405,-0.806939252293,3CD19FE905624C37,1,0,0,973,207,-92,86,4,19,6,1,3
484,3.78125000,-13421155,10014869,-0.802300341954,309EC7F63512CCE7,1,0,0,777,1891,-40,849,5,19,28,1,3
485,3.78906250,-13342095,10119722,-0.797612463338,4990FE094D534C5F,0,0,0,1177,127,37,213,6,19,11,1,3
486,3.79687500,-13262220,10223957,-0.792875902568,3556F3F232E3CEDF,1,1,0,853,889,-56,814,7,19,91,1,3
487,3.80468750,-13181536,10327568,-0.788090948739,3D49A7EDC5144E2F,1,0,0,980,1235,-73,81,8,19,69,1,3
488,3.81250000,-13100047,10430549,-0.783257893901,3DC62C163D44CF0F,1,0,0,988,790,88,980,9,19,97,1,3
489,3.82031250,-13017759,10532893,-0.778377033038,41A9C9E543154E27,1,0,0,1050,1252,-107,49,10,19,68,1,3
490,3.82812500,-12934676,10634594,-0.773448664052,3E06341AFCD5CF0F,1,0,0,992,794,107,973,11,19,97,1,3
491,3.83593750,-12850804,10735646,-0.768473087747,41E9CDE503464E27,1,0,0,1054,1254,-108,52,12,19,68,1,3
492,3.84375000,-12766147,10836043,-0.763450607806,3E26341B3CC6CF0F,1,0,0,994,794,108,972,13,19,97,1,3
493,3.85156250,-12680711,10935779,-0.758381530774,41F1CDE503474C27,0,0,0,1055,230,-108,52,14,19,4,1,3
494,3.85937500,-12594501,11034847,-0.753266166042,3116D3FAF4C7CEE7,1,1,0,785,873,-21,844,15,19,92,1,3
495,3.86718750,-12507523,11133242,-0.748104825827,3D11A1E905884C37,1,0,0,977,208,-92,88,16,19,6,1,3
496,3.87500000,-12419781,11230957,-0.742897825148,3086C7F63508CEE7,1,0,0,776,867,-40,848,17,19,92,1,3
497,3.88281250,-12331281,11327987,-0.737645481815,3CB19DE905594C37,1,0,0,971,206,-92,85,18,19,6,1,3
498,3.89062500,-12242028,11424325,-0.732348116404,3066C7F63519CEE7,1,0,0,774,867,-40,849,19,19,92,1,3
499,3.89843750,-12152028,11519966,-0.727006052239,3CC99DE9055A4E37,1,0,0,972,1230,-92,85,20,19,70,1,3
500,3.90625000,-12061287,11614904,-0.721619615371,3D4628163D1ACF0F,1,0,0,980,788,88,977,21,19,97,1,3
501,3.91406250,-11969809,11709133,-0.716189134562,41A9C9E5032B4E27,1,0,0,1050,1252,-108,50,22,19,68,1,3
502,3.92187500,-11877601,11802647,-0.710714941259,3DE6341AFCDBCF0F,1,1,0,990,794,107,973,23,19,97,1,3
503,3.92968750,-11784668,11895441,-0.705197369579,4209CDE5034C522F,1,0,0,1056,1254,-108,52,24,20,69,1,3
504,3.93750000,-11691016,11987509,-0.699636756286,3E06341B3CCCD317,1,0,0,992,794,108,972,25,20,98,1,3
505,3.94531250,-11596650,12078845,-0.694033440772,4211CDE5034D502F,0,0,0,1057,230,-108,52,26,20,5,1,3
506,3.95312500,-11501576,12169444,-0.688387765034,310ED3FB34BDD0EF,1,0,0,784,1897,-20,843,27,20,29,1,3
507,3.96093750,-11405800,12259300,-0.682700073655,4A2902090D8E525F,0,0,0,1186,1153,36,216,28,20,75,1,3
508,3.96875000,-11309328,12348408,-0.676970713782,424E54127ADED10F,0,1,0,1060,1834,73,941,29,20,33,1,3
509,3.97656250,-11212166,12436762,-0.671200035106,4F413609CADF5057,0,0,0,1268,155,39,173,30,20,10,1,3
510,3.98437500,-11114319,12524357,-0.665388389839,362F03F6F2BFD0DF,1,0,0,866,1921,-37,811,31,20,27,1,3
511,3.99218750,-11015794,12611188,-0.659536132694,3620FFF6F2B050DB,1,0,0,866,127,-37,811,0,20,27,0,3
512,4.00000000,-10916597,12697249,-0.653643620864,343223D5FF20D12B,1,0,0,835,273,-169,1010,1,20,37,0,3
513,4.00781250,-10816733,12782535,-0.647711213995,3A060DD96ED15223,1,0,0,928,774,-155,749,2,20,68,0,3
514,4.01562500,-10716209,12867041,-0.641739274173,3AE9BFF18351D30B,1,1,0,942,1247,-58,53,3,20,97,0,3
515,4.02343750,-10615031,12950761,-0.635728165893,3D062C15BDF2522B,1,0,0,976,790,86,991,4,20,69,0,3
516,4.03125000,-10513205,13033691,-0.629678256042,41F1C5E48302D113,1,0,0,1055,226,-110,48,5,20,34,0,3
517,4.03906250,-10410738,13115825,-0.623589913876,30BED5FB34B35053,1,0,0,779,1898,-20,843,6,20,10,0,3
518,4.04687500,-10307635,13197159,-0.617463510996,4A3100090D93D0E3,0,0,0,1187,128,36,217,7,20,28,0,3
519,4.05468750,-10203903,13277687,-0.611299421326,352EF5F272C4505B,1,1,0,850,1914,-55,812,8,20,11,0,3
520,4.06250000,-10099548,13357405,-0.605098021090,4A89080DCD24D2E3,0,0,0,1192,1156,55,210,9,20,92,0,3
521,4.07031250,-9994577,13436308,-0.598859688789,42565A127AF55233,1,0,0,1061,813,73,943,10,20,70,0,3
522,4.07812500,-9888996,13514391,-0.592584805179,4291D3E9C2D5D113,0,0,0,1065,233,-89,45,11,20,34,0,3
523,4.08593750,-9782811,13591649,-0.586273753248,312ED9FB34E65053,1,0,0,786,1900,-20,846,12,20,10,0,3
524,4.09375000,-9676029,13668077,-0.579926918188,4A7100094D86D0E3,0,1,0,1191,128,37,216,13,20,28,0,3
525,4.10156250,-9568657,13743671,-0.573544687378,352EF5F272C7505B,1,0,0,850,1914,-55,812,14,20,11,0,3
526,4.10937500,-9460701,13818426,-0.567127450357,4AA9080DCD27D2E3,0,0,0,1194,1156,55,210,15,20,92,0,3
527,4.11718750,-9352167,13892338,-0.560675598799,424E5A127AF85033,0,0,0,1060,1837,73,943,16,20,6,0,3
528,4.12500000,-9243062,13965402,-0.554189526492,4F993409CAE8D6F3,0,0,0,1273,1178,39,174,17,21,94,0,3
529,4.13281250,-9133393,14037613,-0.547669629314,42EE66173AA95443,0,1,0,1070,1843,92,938,18,21,8,0,3
530,4.14062500,-9023167,14108968,-0.541116305203,4FF9380A0B09D6F3,0,0,0,1279,1180,40,176,19,21,94,0,3
531,4.14843750,-8912390,14179461,-0.534529954143,430E66177AAA5443,0,0,0,1072,1843,93,938,20,21,8,0,3
532,4.15625000,-8801069,14249089,-0.527910978129,50013A0A0B0AD4F3,0,0,0,1280,157,40,176,21,21,30,0,3
533,4.16406250,-8689211,14317847,-0.521259781150,360F05F7329B546B,1,1,0,864,1922,-36,809,22,21,13,0,3
534,4.17187500,-8576822,14385731,-0.514576769161,4B290C0E0D4BD6EB,0,0,0,1202,1158,56,212,23,21,93,0,3
535,4.17968750,-8463910,14452737,-0.507862350057,426E5A12BAEC543B,0,0,0,1062,1837,74,942,24,21,7,0,3
536,4.18750000,-8350481,14518861,-0.501116933654,4FB9340A0AECD6F3,0,0,0,1275,1178,40,174,25,21,94,0,3
537,4.19531250,-8236543,14584099,-0.494340931656,42D666173AAD5643,1,1,0,1069,819,92,938,26,21,72,0,3
538,4.20312500,-8122102,14648447,-0.487534757635,4329D7E9C30DD71B,0,0,0,1074,1259,-89,48,27,21,99,0,3
539,4.21093750,-8007165,14711901,-0.480698827006,3E163A1B7CDE5633,1,0,0,993,797,109,973,28,21,70,0,3
540,4.21875000,-7891740,14774457,-0.473833556998,4289CDE5034ED71B,0,0,0,1064,1254,-108,52,29,21,99,0,3
541,4.22656250,-7775833,14836111,-0.466939366631,3DAE361B7CBF5433,0,1,0,986,1819,109,971,30,21,6,0,3
542,4.23437500,-7659451,14896860,-0.460016676693,4F612C050B6FD4F3,0,0,0,1270,150,20,182,31,21,30,0,3
543,4.24218750,-7542602,14956699,-0.453065909707,4F6ED4050B6054F7,0,0,0,1270,1898,20,182,0,21,30,1,3
544,4.25000000,-7425292,15015626,-0.446087489914,4BADF02DC010D52F,0,0,0,1210,1784,183,1,1,21,37,1,3
545,4.25781250,-7307529,15073636,-0.439081843239,4679F626D181562F,1,1,0,1127,1275,155,280,2,21,69,1,3
546,4.26562500,-7189320,15130726,-0.432049397272,44DE420EBCA1D517,0,0,0,1101,1825,58,970,3,21,34,1,3
547,4.27343750,-7070672,15186893,-0.424990581236,5059360A4A22565F,0,0,0,1285,1179,41,162,4,21,75,1,3
548,4.28125000,-6951593,15242133,-0.417905825966,42B66A17FAB2D70F,0,1,0,1067,821,95,939,5,21,97,1,3
549,4.28906250,-6832090,15296442,-0.410795563879,4341D7E9C3135437,0,0,0,1076,235,-89,49,6,21,6,1,3
550,4.29687500,-6712170,15349818,-0.403660228947,30F6D9FB74C3D6F7,1,0,0,783,876,-19,844,7,21,94,1,3
551,4.30468750,-6591840,15402257,-0.396500256675,3DD1A1E905945447,0,1,0,989,208,-92,89,8,21,8,1,3
552,4.31250000,-6471108,15453756,-0.389316084072,300EC9F6B4F4D4F7,1,0,0,768,1892,-38,847,9,21,30,1,3
553,4.32031250,-6349981,15504312,-0.382108149621,4A48FC090D755A77,0,0,0,1188,1150,36,215,10,22,78,1,3
554,4.32812500,-6228466,15553921,-0.374876893258,41AE56127AC5D91F,1,0,0,1050,1835,73,940,11,22,35,1,3
555,4.33593750,-6106571,15602581,-0.367622756342,4FC934098AF65A67,0,1,0,1276,1178,38,175,12,22,76,1,3
556,4.34375000,-5984303,15650289,-0.360346181628,429666173AA6DB17,0,0,0,1065,819,92,938,13,22,98,1,3
557,4.35156250,-5861670,15697041,-0.353047613240,4359D7E9C3075A3F,1,0,0,1077,1259,-89,48,14,22,71,1,3
558,4.35937500,-5738679,15742835,-0.345727496645,3DDE3A1B7CD7D927,1,1,0,989,1821,109,973,15,22,36,1,3
559,4.36718750,-5615338,15787668,-0.338386278626,4FC92C050B585A67,0,0,0,1276,1174,20,181,16,22,76,1,3
560,4.37500000,-5491654,15831538,-0.331024407253,425662177A68DB17,0,0,0,1061,817,93,934,17,22,98,1,3
561,4.38281250,-5367635,15874442,-0.323642331856,4341D7E98319583F,0,1,0,1076,235,-90,49,18,22,7,1,3
562,4.39062500,-5243288,15916377,-0.316240502999,30D6D9FB74C9DAFF,1,0,0,781,876,-19,844,19,22,95,1,3
563,4.39843750,-5118621,15957340,-0.308819372452,3DF19FE9059A584F,0,0,0,991,207,-92,89,20,22,9,1,3
564,4.40625000,-4993642,15997329,-0.301379393162,2FD6C9F6B4EADAFF,1,1,0,765,868,-38,846,21,22,95,1,3
565,4.41406250,-4868358,16036342,-0.293921019227,3D719BE8C57B584F,1,0,0,983,205,-93,87,22,22,9,1,3
566,4.42187500,-4742777,16074376,-0.286444705868,2FA6C9F674FBDAFF,1,1,0,762,868,-39,847,23,22,95,1,3
567,4.42968750,-4616906,16111429,-0.278950909401,3D699BE8C57C5A4F,1,0,0,982,1229,-93,87,24,22,73,1,3
568,4.43750000,-4490754,16147499,-0.271440087208,3C862A167D0CDB27,1,0,0,968,789,89,976,25,22,100,1,3
569,4.44531250,-4364328,16182583,-0.263912697711,4251C7E4834D583F,0,1,0,1061,227,-110,52,26,22,7,1,3
570,4.45312500,-4237635,16216679,-0.256369200343,3036D5FB34ADDAFF,1,0,0,771,874,-20,842,27,22,95,1,3
571,4.46093750,-4110684,16249786,-0.248810055521,3DD19FE8C5AE584F,0,0,0,989,207,-93,90,28,22,9,1,3
572,4.46875000,-3983482,16281901,-0.241235724615,2FAEC9F6B4EED8FF,1,1,0,762,1892,-38,846,29,22,31,1,3
573,4.47656250,-3856037,16313022,-0.233646669924,4A88FC08CD8F5A77,0,0,0,1192,1150,35,216,30,22,78,1,3
574,4.48437500,-3728356,16343147,-0.226043354644,416E5612BABFD91F,1,1,0,1046,1835,74,939,31,22,35,1,3
575,4.49218750,-3600448,16372275,-0.218426242844,4161AA12BAB0591B,1,0,0,1046,213,74,939,0,22,35,0,3
576,4.50000000,-3472320,16400404,-0.210795799431,3B8A2FD6FE50DB3B,1,0,0,952,1303,-165,997,1,22,103,0,3
577,4.50781250,-3343980,16427532,-0.203152490129,479D81FDB6115813,0,1,0,1145,1728,-10,865,2,22,2,0,3
578,4.51562500,-3215436,16453657,-0.195496781446,4DE1520E0951DD0B,0,0,0,1246,169,56,149,3,23,33,0,3
579,4.52343750,-3086696,16478778,-0.187829140647,350F05F6F3525C7B,1,1,0,848,1922,-37,821,4,23,15,0,3
580,4.53125000,-2957767,16502893,-0.180150035726,4BC9080D0D42DEFB,0,0,0,1212,1156,52,212,5,23,95,0,3
581,4.53906250,-2828658,16526001,-0.172459935375,41CE5C12FAC35C4B,0,0,0,1052,1838,75,940,6,23,9,0,3
582,4.54687500,-2699376,16548100,-0.164759308958,50393409CAF3DF03,0,1,0,1283,1178,39,175,7,23,96,0,3
583,4.55468750,-2569929,16569189,-0.157048626483,425666177A945E53,1,0,0,1061,819,93,937,8,23,74,0,3
584,4.56250000,-2440325,16589267,-0.149328358568,43A9D7E98314DF2B,0,1,0,1082,1259,-90,49,9,23,101,0,3
585,4.57031250,-2310572,16608332,-0.141598976421,3D763A1BBCC55E43,1,0,0,983,797,110,972,10,23,72,0,3
586,4.57812500,-2180678,16626383,-0.133860951801,4311CBE4C365DD2B,0,1,0,1073,229,-109,54,11,23,37,0,3
587,4.58593750,-2050651,16643420,-0.126114756999,302ED5FB74965C6B,1,0,0,770,1898,-19,841,12,23,13,0,3
588,4.59375000,-1920499,16659441,-0.118360864803,4B090008CDB6DEFB,0,0,0,1200,1152,35,219,13,23,95,0,3
589,4.60156250,-1790230,16674445,-0.110599748469,414E5612BAA75C4B,0,1,0,1044,1835,74,938,14,23,9,0,3
590,4.60937500,-1659852,16688431,-0.102831881696,503932098B07DF03,0,0,0,1283,1177,38,176,15,23,96,0,3
591,4.61718750,-1529372,16701399,-0.095057738596,422E66177A985C53,0,1,0,1058,1843,93,937,16,23,10,0,3
592,4.62500000,-1398799,16713347,-0.087277793661,50B938098B28DF03,0,0,0,1291,1180,38,178,17,23,96,0,3
593,4.63281250,-1268141,16724275,-0.079492521739,424E6817BA895C53,0,1,0,1060,1844,94,936,18,23,10,0,3
594,4.64062500,-1137405,16734182,-0.071702398004,50C138098B29DD03,0,0,0,1292,156,38,178,19,23,32,0,3
595,4.64843750,-1006600,16743068,-0.063907897924,355707F7B27A5E7B,1,1,0,853,899,-34,807,20,23,79,0,3
596,4.65625000,-875733,16750932,-0.056109497235,3EF1ABED855ADD23,1,0,0,1007,213,-74,85,21,23,36,0,3
597,4.66406250,-744813,16757774,-0.048307671912,2FC6CFF6F50B5E6B,1,1,0,764,871,-37,848,22,23,77,0,3
598,4.67187500,-613847,16763593,-0.040502898137,3E099BE8C58BDF1B,1,0,0,992,1229,-93,88,23,23,99,0,3
599,4.67968750,-482844,16768389,-0.032695652274,3C3E2A16BCEC5C43,1,1,0,963,1813,90,974,24,23,8,0,3
600,4.68750000,-351811,16772161,-0.024886410837,4FA926048B5CDF03,0,0,0,1274,1171,18,181,25,23,96,0,3
601,4.69531250,-220757,16774910,-0.017075650462,419662177A6D5E53,1,1,0,1049,817,93,934,26,23,74,0,3
602,4.70312500,-89690,16776635,-0.009263847877,43C9D5E9433DDF2B,0,0,0,1084,1258,-91,51,27,23,101,0,3
603,4.71093750,41383,16777336,-0.001451479875,3D4E3A1BBCBE604B,1,1,0,980,1821,110,971,28,24,9,0,3
604,4.71875000,172453,16777013,0.006360976718,50492C04CB7EE30B,0,0,0,1284,1174,19,183,29,24,97,0,3
605,4.72656250,303513,16775666,0.014173045070,41D66417BA5F625B,1,1,0,1053,818,94,933,30,24,75,0,3
606,4.73437500,434554,16773295,0.021984248373,43B1D7E9433FE133,0,0,0,1083,235,-91,51,31,24,38,0,3
607,4.74218750,565569,16769900,0.029794109870,43BE2BE943306137,0,1,0,1083,1813,-91,51,0,24,38,1,3
608,4.75000000,696549,16765481,0.037602152888,4455E42CC110E347,0,0,0,1093,754,179,17,1,24,104,1,3
609,4.75781250,827487,16760039,0.045407900865,38DA8002CA316227,1,1,0,909,1344,11,163,2,24,68,1,3
610,4.76562500,958374,16753574,0.053210877377,3EFE10123EB1E13F,1,0,0,1007,1800,72,1003,3,24,39,1,3
611,4.77343750,1089203,16746087,0.061010606172,502928054A826277,0,1,0,1282,1172,21,168,4,24,78,1,3
612,4.78125000,1219965,16737578,0.068806611194,41B66617FA72E327,0,0,0,1051,819,95,935,5,24,100,1,3
613,4.78906250,1350653,16728047,0.076598416614,43B9D5E94333624F,1,1,0,1083,1258,-91,51,6,24,73,1,3
614,4.79687500,1481258,16717495,0.084385546863,3D663A1BBCB3E337,1,0,0,982,797,110,971,7,24,102,1,3
615,4.80468750,1611773,16705923,0.092167526652,4329CBE4C364624F,1,1,0,1074,1253,-109,54,8,24,73,1,3
616,4.81250000,1742190,16693331,0.099943881011,3D1E361BBC94E137,1,0,0,977,1819,110,969,9,24,38,1,3
617,4.82031250,1872500,16679720,0.107714135310,4FF12C04CB756077,0,1,0,1279,150,19,183,10,24,14,1,3
618,4.82812500,2002696,16665091,0.115477815294,350F01F77255E107,1,0,0,848,1920,-35,805,11,24,32,1,3
619,4.83593750,2132770,16649445,0.123234447107,4BA90C0D8D66627F,0,1,0,1210,1158,54,214,12,24,79,1,3
620,4.84375000,2262714,16632783,0.130983557325,41B65A12FAD6E32F,0,1,0,1051,813,75,941,13,24,101,1,3
621,4.85156250,2392520,16615106,0.138724672981,4359D3E982F7624F,1,0,0,1077,1257,-90,47,14,24,73,1,3
622,4.85937500,2522179,16596414,0.146457321598,3D663A1B7CD7E337,1,1,0,982,797,109,973,15,24,102,1,3
623,4.86718750,2651685,16576709,0.154181031216,4309CBE4C368624F,1,0,0,1072,1253,-109,54,16,24,73,1,3
624,4.87500000,2781029,16555993,0.161895330418,3D26361BBC98E337,1,1,0,978,795,110,969,17,24,102,1,3
625,4.88281250,2910203,16534266,0.169599748363,42E9CBE4C379624F,1,1,0,1070,1253,-109,55,18,24,73,1,3
626,4.89062500,3039199,16511530,0.177293814814,3D3E361B7CA9E137,1,0,0,979,1819,109,970,19,24,38,1,3
627,4.89843750,3168010,16487786,0.184977060164,4FD12C04CB7A6077,0,1,0,1277,150,19,183,20,24,14,1,3
628,4.90625000,3296627,16463036,0.192649015468,351701F7725AE307,1,0,0,849,896,-35,805,21,24,96,1,3
629,4.91406250,3425043,16437281,0.200309212468,3E91ABED856B645F,0,1,0,1001,213,-74,86,22,25,11,1,3
630,4.92187500,3553250,16410523,0.207957183627,3016CDF6B50BE717,1,1,0,769,870,-38,848,23,25,98,1,3
631,4.92968750,3681240,16382763,0.215592462152,3DA99BE8C57C6667,1,0,0,986,1229,-93,87,24,25,76,1,3
632,4.93750000,3809006,16354003,0.223214582023,3C862A16BCFCE73F,1,1,0,968,789,90,975,25,25,103,1,3
633,4.94531250,3936539,16324245,0.230823078027,4269C7E4834D6657,1,0,0,1062,1251,-110,52,26,25,74,1,3
634,4.95312500,4063832,16293491,0.238417485780,3D26361B7CBDE73F,1,1,0,978,795,109,971,27,25,103,1,3
635,4.96093750,4190877,16261742,0.245997341759,42C9CBE4836E6657,1,1,0,1068,1253,-110,54,28,25,74,1,3
636,4.96875000,4317666,16229001,0.253562183328,3D46361B7CAEE73F,1,0,0,980,795,109,970,29,25,103,1,3
637,4.97656250,4444192,16195269,0.261111548768,42C9CBE4C36F6657,1,1,0,1068,1253,-109,54,30,25,74,1,3
638,4.98437500,4570446,16160549,0.268644977305,3D46361B7CAFE73F,1,0,0,980,795,109,970,31,25,103,1,3
639,4.99218750,4696421,16124842,0.276162009137,3D49CA1B7CA0673B,1,1,0,980,1253,109,970,0,25,103,0,3
640,5.00000000,4822110,16088151,0.283662185463,487185F306F0E52B,0,1,0,1159,194,-52,111,1,25,37,0,3
641,5.00781250,4947504,16050478,0.291145048512,3296E9F9B3A16683,1,0,0,809,884,-26,826,2,25,80,0,3
642,5.01562500,5072596,16011826,0.298610141567,3E11A5EAC581E533,1,1,0,993,210,-85,88,3,25,38,0,3
643,5.02343750,5197379,15972196,0.306057008999,3006CBF6B4F2667B,1,1,0,768,869,-38,847,4,25,79,0,3
644,5.03125000,5321845,15931591,0.313485196288,3D719BE8C572E52B,1,0,0,983,205,-93,87,5,25,37,0,3
645,5.03906250,5445986,15890014,0.320894250057,2FBEC9F674F3647B,1,1,0,763,1892,-39,847,6,25,15,0,3
646,5.04687500,5569794,15847467,0.328283718095,4A50FC08CD83E503,0,1,0,1189,126,35,216,7,25,32,0,3
647,5.05468750,5693262,15803953,0.335653149386,34AEF5F272B46483,1,0,0,842,1914,-55,811,8,25,16,0,3
648,5.06250000,5816383,15759474,0.343002094139,4AE9080D8D34E70B,0,1,0,1198,1156,54,211,9,25,97,0,3
649,5.07031250,5939149,15714034,0.350330103813,41F65A127AE5665B,1,1,0,1055,813,73,942,10,25,75,0,3
650,5.07812500,6061552,15667634,0.357636731142,42F1D3E982E5E53B,1,0,0,1071,233,-90,46,11,25,39,0,3
651,5.08593750,6183585,15620278,0.364921530169,30C6D9FB34D6667B,1,1,0,780,876,-20,845,12,25,79,0,3
652,5.09375000,6305241,15571969,0.372184056266,3DC99FE90596E72B,1,1,0,988,1231,-92,89,13,25,101,0,3
653,5.10156250,6426512,15522709,0.379423866167,3CE62A16BCF76653,1,0,0,974,789,90,975,14,25,74,0,3
654,5.10937500,6547391,15472502,0.386640517991,4229C7E4C337EB43,0,1,0,1058,1251,-109,51,15,26,104,0,3
655,5.11718750,6667870,15421351,0.393833571270,3D56341B3CB86A5B,1,1,0,981,794,108,971,16,26,75,0,3
656,5.12500000,6787942,15369258,0.401002586978,4271CBE4C368E943,1,1,0,1063,229,-109,54,17,26,40,0,3
657,5.13281250,6907600,15316227,0.408147127555,309ED5FB34A96883,1,0,0,777,1898,-20,842,18,26,16,0,3
658,5.14062500,7026836,15262261,0.415266756935,4A9100090DA9E913,0,1,0,1193,128,36,218,19,26,34,0,3
659,5.14843750,7145644,15207364,0.422361040572,34D6F5F272BA6A8B,1,1,0,845,890,-55,811,20,26,81,0,3
660,5.15625000,7264015,15151539,0.429429545469,3DD1A7ED852AE93B,1,0,0,989,211,-74,82,21,26,39,0,3
661,5.16406250,7381943,15094789,0.436471840199,3046CDF6752B6A83,1,1,0,772,870,-39,850,22,26,80,0,3
662,5.17187500,7499420,15037118,0.443487494938,3D499BE9056BEB33,1,1,0,980,1229,-92,86,23,26,102,0,3
663,5.17968750,7616440,14978529,0.450476081486,3CDE2A167D0C685B,1,1,0,973,1813,89,976,24,26,11,0,3
664,5.18750000,7732995,14919026,0.457437173296,4EF12804CB3CE91B,0,0,0,1263,148,19,179,25,26,35,0,3
665,5.19531250,7849078,14858612,0.464370345499,356F01F6F27D6893,1,1,0,854,1920,-37,807,26,26,18,0,3
666,5.20312500,7964682,14797291,0.471275174929,4B090C0DCD5DEB13,0,1,0,1200,1158,55,213,27,26,98,0,3
667,5.21093750,8079800,14735067,0.478151240151,424E5A127AEE6863,0,1,0,1060,1837,73,942,28,26,12,0,3
668,5.21875000,8194425,14671944,0.484998121487,4FB93409CAEEEB1B,0,0,0,1275,1178,39,174,29,26,99,0,3
669,5.22656250,8308549,14607925,0.491815401036,42D666173AAF6A6B,1,1,0,1069,819,92,938,30,26,77,0,3
670,5.23437500,8422166,14543014,0.498602662709,4311D7E9C30FE943,1,1,0,1073,235,-89,48,31,26,40,0,3
671,5.24218750,8535269,14477216,0.505359492245,431E2BE9C3006947,1,1,0,1073,1813,-89,48,0,26,40,1,3
672,5.25000000,8647851,14410534,0.512085477242,4525E42C8130EB57,0,0,0,1106,754,178,19,1,26,106,1,3
673,5.25781250,8759905,14342973,0.518780207181,382282030A11682F,1,1,0,898,321,12,161,2,26,5,1,3
674,5.26562500,8871425,14274536,0.525443273450,32C6AFF1F6C1EB27,1,1,0,812,855,-57,876,3,26,100,1,3
675,5.27343750,8982403,14205228,0.532074269370,3D899DE984A26A6F,1,1,0,984,1230,-90,74,4,26,77,1,3
676,5.28125000,9092833,14135053,0.538672790219,3D062C16FD12EB47,1,0,0,976,790,91,977,5,26,104,1,3
677,5.28906250,9202708,14064015,0.545238433257,41F1C7E4C333685F,0,1,0,1055,227,-109,51,6,26,11,1,3
678,5.29687500,9312021,13992119,0.551770797752,30B6D3FAF4B3EB1F,1,1,0,779,873,-21,843,7,26,99,1,3
679,5.30468750,9420766,13919369,0.558269485001,3D519FE905946C77,1,1,0,981,207,-92,89,8,27,14,1,3
680,5.31250000,9528936,13845769,0.564734098358,3046C9F674F4EF27,1,0,0,772,868,-39,847,9,27,100,1,3
681,5.32031250,9636524,13771324,0.571164243256,3CF19DE905656C77,1,1,0,975,206,-92,86,10,27,14,1,3
682,5.32812500,9743524,13696039,0.577559527233,3026C7F63505EF27,1,1,0,770,867,-40,848,11,27,100,1,3
683,5.33593750,9849930,13619918,0.583919559953,3CE99BE8C5666E77,1,1,0,974,1229,-93,86,12,27,78,1,3
684,5.34375000,9955734,13542965,0.590243953233,3D0628163D16EF4F,1,1,0,976,788,88,977,13,27,105,1,3
685,5.35156250,10060931,13465186,0.596532321064,41C9C7E4C3276E67,1,0,0,1052,1251,-109,50,14,27,76,1,3
686,5.35937500,10165514,13386585,0.602784279637,3DBE341AFCC7ED4F,1,1,0,987,1818,107,972,15,27,41,1,3
687,5.36718750,10269476,13307167,0.608999447365,4F112C050B586C8F,0,1,0,1265,150,20,181,16,27,17,1,3
688,5.37500000,10372811,13226937,0.615177444905,35CEFFF73278ED1F,1,1,0,860,1919,-36,807,17,27,35,1,3
689,5.38281250,10475513,13145899,0.621317895184,4AD10C0DCD496C97,0,1,0,1197,134,55,212,18,27,18,1,3
690,5.39062500,10577576,13064059,0.627420423422,3596F9F272E9EF1F,1,0,0,857,892,-55,814,19,27,99,1,3
691,5.39843750,10678993,12981422,0.633484657151,3D91A9EE051A6C6F,1,1,0,985,212,-72,81,20,27,13,1,3
692,5.40625000,10779759,12897992,0.639510226241,30A6CDF6353AEF27,1,1,0,778,870,-40,851,21,27,100,1,3
693,5.41406250,10879867,12813775,0.645496762924,3CF19BE9055B6C77,1,1,0,975,205,-92,85,22,27,14,1,3
694,5.42187500,10979311,12728776,0.651443901811,303EC9F6350BED27,1,1,0,771,1892,-40,848,23,27,36,1,3
695,5.42968750,11078084,12643000,0.657351279919,49D0FC090D6C6C9F,0,1,0,1181,126,36,214,24,27,19,1,3
696,5.43750000,11176181,12556452,0.663218536694,352EF5F232DCED1F,1,0,0,850,1914,-56,813,25,27,35,1,3
697,5.44531250,11273596,12469138,0.669045314028,4A69080DCD2D6E97,0,1,0,1190,1156,55,210,26,27,82,1,3
698,5.45312500,11370323,12381063,0.674831256284,428E58123B0DED47,1,1,0,1064,1836,72,944,27,27,40,1,3
699,5.46093750,11466356,12292232,0.680576010319,4F51340A0ADE6C8F,0,1,0,1269,154,40,173,28,27,17,1,3
700,5.46875000,11561689,12202651,0.686279225501,362F05F6F2BEED17,1,1,0,866,1922,-37,811,29,27,34,1,3
701,5.47656250,11656317,12112325,0.691940553737,4AD10C0E0D3F6C97,0,1,0,1197,134,56,211,30,27,18,1,3
702,5.48437500,11750233,12021260,0.697559649488,35B6F9F272FFEF1F,1,0,0,859,892,-55,815,31,27,99,1,3
703,5.49218750,11843432,11929461,0.703136169794,35B909F272F06F1B,1,1,0,859,1156,-55,815,0,27,99,0,3
704,5.50000000,11935908,11836934,0.708669774291,40E97FF64710F33B,0,1,0,1038,1215,-39,113,1,28,103,0,3
705,5.50781250,12027656,11743685,0.714160125238,3EF638157CA1726B,1,1,0,1007,796,85,970,2,28,77,0,3
706,5.51562500,12118669,11649719,0.719606887532,41E9CBE64301F353,0,1,0,1054,1253,-103,48,3,28,106,0,3
707,5.52343750,12208943,11555042,0.725009728731,3E16361AFCD2726B,1,1,0,993,795,107,973,4,28,77,0,3
708,5.53125000,12298472,11459660,0.730368319073,41F1CDE50342F153,1,1,0,1055,230,-108,52,5,28,42,0,3
709,5.53906250,12387250,11363578,0.735682331497,311ED3FAF4C37093,1,1,0,785,1897,-21,844,6,28,18,0,3
710,5.54687500,12475272,11266803,0.740951441663,4A0902094D83F323,0,0,0,1184,1153,37,216,7,28,100,0,3
711,5.55468750,12562532,11169340,0.746175327972,425654127AD47273,1,1,0,1061,810,73,941,8,28,78,0,3
712,5.56250000,12649026,11071195,0.751353671585,4231D5E9C2D4F153,1,1,0,1059,234,-89,45,9,28,42,0,3
713,5.57031250,12734748,10972374,0.756486156443,317ED7FAF4F57093,1,1,0,791,1899,-21,847,10,28,18,0,3
714,5.57812500,12819692,10872884,0.761572469285,4A1102094D75F123,0,1,0,1185,129,37,215,11,28,36,0,3
715,5.58593750,12903854,10772730,0.766612299668,3576F5F272D6729B,1,1,0,855,890,-55,813,12,28,83,0,3
716,5.59375000,12987228,10671919,0.771605339988,3D49A9EDC516F34B,1,1,0,980,1236,-73,81,13,28,105,0,3
717,5.60156250,13069810,10570456,0.776551285495,3DC62C163D47726B,1,1,0,988,790,88,980,14,28,77,0,3
718,5.60937500,13151594,10468348,0.781449834314,41A9C9E54317F353,0,0,0,1050,1252,-107,49,15,28,106,0,3
719,5.61718750,13232575,10365601,0.786300687463,3E0E341AFCD8706B,1,1,0,992,1818,107,973,16,28,13,0,3
720,5.62500000,13312749,10262222,0.791103548871,4EC92E050B48F32B,0,1,0,1260,1175,20,180,17,28,101,0,3
721,5.63281250,13392110,10158216,0.795858125395,430E60173A99707B,0,1,0,1072,1840,92,937,18,28,15,0,3
722,5.64062500,13470654,10053590,0.800564126842,4F793A0A0B09F32B,0,1,0,1271,1181,40,176,19,28,101,0,3
723,5.64843750,13548375,9948351,0.805221265980,437664173ABA727B,1,1,0,1079,818,92,939,20,28,79,0,3
724,5.65625000,13625270,9842504,0.809829258563,42A9D9EA02EAF353,0,1,0,1066,1260,-88,46,21,28,106,0,3
725,5.66406250,13701333,9736057,0.814387823342,3E96381B3CFB726B,1,1,0,1001,796,108,975,22,28,77,0,3
726,5.67187500,13776560,9629015,0.818896682086,4209CDE5433BF353,0,1,0,1056,1254,-107,51,23,28,106,0,3
727,5.67968750,13850946,9521386,0.823355559596,3E4E341B3CCC706B,1,1,0,996,1818,108,972,24,28,13,0,3
728,5.68750000,13924486,9413175,0.827764183728,4EC92E054B4CF32B,0,1,0,1260,1175,21,180,25,28,101,0,3
729,5.69531250,13997177,9304390,0.832122285400,43166016FA9D7683,1,0,0,1073,816,91,937,26,29,80,0,3
730,5.70312500,14069013,9195037,0.836429598616,4271D9E9C2FDF55B,1,1,0,1063,236,-89,47,27,29,43,0,3
731,5.71093750,14139991,9085123,0.840685860481,31A6D7FAF4EE769B,1,1,0,794,875,-21,846,28,29,83,0,3
732,5.71875000,14210105,8974654,0.844890811214,3D11A1E9457EF553,1,1,0,977,208,-91,87,29,29,42,0,3
733,5.72656250,14279352,8863638,0.849044194167,30BEC7F6350F749B,1,1,0,779,1891,-40,848,30,29,19,0,3
734,5.73437500,14347728,8752081,0.853145755838,4970FE094D5FF523,0,1,0,1175,127,37,213,31,29,36,0,3
735,5.74218750,14415228,8639989,0.857195245890,497F02094D507527,0,1,0,1175,1921,37,213,0,29,36,1,3
736,5.75000000,14481848,8527370,0.861192417162,4C2DDC2A00E0F577,0,1,0,1218,1774,168,14,1,29,46,1,3
737,5.75781250,14547584,8414231,0.865137025687,4599F626D121766F,1,1,0,1113,1275,155,274,2,29,77,1,3
738,5.76562500,14612432,8300578,0.869028830708,457E400E7CD1F55F,0,1,0,1111,1824,57,973,3,29,43,1,3
739,5.77343750,14676388,8186418,0.872867594687,4F99380A8A02769F,0,1,0,1273,1180,42,160,4,29,83,1,3
740,5.78125000,14739449,8071759,0.876653083328,43766817BAD2F74F,0,1,0,1079,820,94,941,5,29,105,1,3
741,5.78906250,14801610,7956607,0.880385065583,4299D9EA02F37677,1,1,0,1065,1260,-88,47,6,29,78,1,3
742,5.79687500,14862868,7840969,0.884063313671,3EBE381B3CF3F55F,1,1,0,1003,1820,108,975,7,29,43,1,3
743,5.80468750,14923218,7724853,0.887687603092,4EC92E058B34769F,0,0,0,1260,1175,22,179,8,29,83,1,3
744,5.81250000,14982658,7608265,0.891257712636,43366016FA94F757,0,1,0,1075,816,91,937,9,29,106,1,3
745,5.82031250,15041183,7491213,0.894773424403,4259D9EA02F57677,1,1,0,1061,1260,-88,47,10,29,78,1,3
746,5.82812500,15098790,7373704,0.898234523812,3EBE381AFCF5F55F,1,1,0,1003,1820,107,975,11,29,43,1,3
747,5.83593750,15155476,7255745,0.901640799616,4EC92E058B36769F,0,1,0,1260,1175,22,179,12,29,83,1,3
748,5.84375000,15211236,7137343,0.904992043912,43366016FA96F757,0,1,0,1075,816,91,937,13,29,106,1,3
749,5.85156250,15266068,7018505,0.908288052159,4259D9EA02F77677,1,1,0,1061,1260,-88,47,14,29,78,1,3
750,5.85937500,15319968,6899239,0.911528623184,3EBE381AFCF7F55F,1,1,0,1003,1820,107,975,15,29,43,1,3
751,5.86718750,15372933,6779552,0.914713559200,4EC92E058B38769F,0,1,0,1260,1175,22,179,16,29,83,1,3
752,5.87500000,15424960,6659451,0.917842665816,434E6016FA98F557,1,1,0,1076,1840,91,937,17,29,42,1,3
753,5.88281250,15476045,6538943,0.920915752045,4F313A0A0AF9749F,0,1,0,1267,157,40,175,18,29,19,1,3
754,5.89062500,15526186,6418036,0.923932630324,36AF03F6F2B9F92F,1,1,0,874,1921,-37,811,19,30,37,1,3
755,5.89843750,15575379,6296738,0.926893116517,4A710E0E4D2A78AF,0,1,0,1191,135,57,210,20,30,21,1,3
756,5.90625000,15623622,6175055,0.929797029932,3616F9F2330AFB37,1,1,0,865,892,-56,816,21,30,102,1,3
757,5.91406250,15670911,6052995,0.932644193328,3D29A9EE04FB7A87,1,1,0,978,1236,-72,79,22,30,80,1,3
758,5.92187500,15717244,5930566,0.935434432930,3E062C163D5BFB67,1,1,0,992,790,88,981,23,30,108,1,3
759,5.92968750,15762617,5807775,0.938167578436,4169C9E5430C7A7F,1,1,0,1046,1252,-107,48,24,30,79,1,3
760,5.93750000,15807028,5684630,0.940843463028,3E46341AFCECFB67,1,1,0,996,794,107,974,25,30,108,1,3
761,5.94531250,15850474,5561138,0.943461923384,41A9CDE5033D7A7F,1,1,0,1050,1254,-108,51,26,30,79,1,3
762,5.95312500,15892953,5437306,0.946022799687,3E5E341AFCDDF967,1,1,0,997,1818,107,973,27,30,44,1,3
763,5.96093750,15934462,5313142,0.948525935634,4E912E054B4E78A7,0,1,0,1257,151,21,180,28,30,20,1,3
764,5.96875000,15974998,5188654,0.950971178448,3656FFF6F29EFB37,1,1,0,869,895,-37,809,29,30,102,1,3
765,5.97656250,16014559,5063849,0.953358378882,3D51ADEE052F7887,1,1,0,981,214,-72,82,30,30,16,1,3
766,5.98437500,16053143,4938735,0.955687391234,3146CBF6354FFB3F,1,1,0,788,869,-40,852,31,30,103,1,3
767,5.99218750,16090747,4813320,0.957958073354,314937F635407B3B,1,1,0,788,1179,-40,852,0,30,103,0,3
768,6.00000000,16127369,4687611,0.960170286650,40716DF307B0F94B,1,1,0,1031,182,-52,123,1,30,41,0,3
769,6.00781250,16163007,4561616,0.962323896101,3246D5F4F4717AA3,1,1,0,804,874,-45,839,2,30,84,0,3
770,6.01562500,16197658,4435343,0.964418770262,3C89A1EA8531FB5B,1,1,0,968,1232,-86,83,3,30,107,0,3
771,6.02343750,16231320,4308799,0.966454781271,3DC628163D327A7B,1,1,0,988,788,88,979,4,30,79,0,3
772,6.03125000,16263992,4181992,0.968431804862,4149C9E50302FB63,0,1,0,1044,1252,-108,48,5,30,108,0,3
773,6.03906250,16295671,4054930,0.970349720368,3E4E341AFCE3787B,1,1,0,996,1818,107,974,6,30,15,0,3
774,6.04687500,16326356,3927620,0.972208410727,4E892E054B43FB3B,0,1,0,1256,1175,21,180,7,30,103,0,3
775,6.05468750,16356044,3800070,0.974007762496,43566016FA947A8B,1,0,0,1077,816,91,937,8,30,81,0,3
776,6.06250000,16384734,3672288,0.975747665852,4231D9EA02E4F963,1,1,0,1059,236,-88,46,9,30,44,0,3
777,6.07031250,16412424,3544282,0.977428014599,31DED7FAF4F578A3,1,1,0,797,1899,-21,847,10,30,20,0,3
778,6.07812500,16439112,3416060,0.979048706178,49D102098D65F933,0,1,0,1181,129,38,214,11,30,38,0,3
779,6.08593750,16464797,3287629,0.980609641670,35CEF3F232D67CB3,1,1,0,860,1913,-56,813,12,31,22,0,3
780,6.09375000,16489477,3158998,0.982110725804,49E90A0E0D06FF3B,0,1,0,1182,1157,56,208,13,31,103,0,3
781,6.10156250,16513150,3030174,0.983551866961,430E58123B177C8B,0,1,0,1072,1836,72,945,14,31,17,0,3
782,6.10937500,16535815,2901165,0.984932977182,4ED9360A4AC7FF43,0,1,0,1261,1179,41,172,15,31,104,0,3
783,6.11718750,16557471,2771979,0.986253972170,43AE6416FAD87C93,0,1,0,1082,1842,91,941,16,31,18,0,3
784,6.12500000,16578117,2642624,0.987514771299,4F393A0A4AE8FF43,0,1,0,1267,1181,41,174,17,31,104,0,3
785,6.13281250,16597751,2513107,0.988715297616,43CE6416FAC97C93,0,1,0,1084,1842,91,940,18,31,18,0,3
786,6.14062500,16616372,2383437,0.989855477848,4F413A0A4AE9FD43,0,1,0,1268,157,41,174,19,31,40,0,3
787,6.14843750,16633978,2253622,0.990935242403,36D703F6F2BA7EBB,1,1,0,877,897,-37,811,20,31,87,0,3
788,6.15625000,16650569,2123669,0.991954525378,3D69ADEE451AFF63,1,1,0,982,1238,-71,81,21,31,108,0,3
789,6.16406250,16666144,1993586,0.992913264562,3E462C163D4B7E83,1,1,0,996,790,88,980,22,31,80,0,3
790,6.17187500,16680702,1863382,0.993811401438,4151C9E5830BFD6B,1,1,0,1045,228,-106,48,23,31,45,0,3
791,6.17968750,16694242,1733064,0.994648881188,317ED3FAB4DC7CAB,1,1,0,791,1897,-22,845,24,31,21,0,3
792,6.18750000,16706763,1602640,0.995425652698,49A902094D7CFF3B,0,1,0,1178,1153,37,215,25,31,103,0,3
793,6.19531250,16718264,1472118,0.996141668555,42CE54123AED7C8B,0,1,0,1068,1834,72,942,26,31,17,0,3
794,6.20312500,16728745,1341507,0.996796885060,4EB9360A0ACDFF43,0,1,0,1259,1179,40,172,27,31,104,0,3
795,6.21093750,16738204,1210814,0.997391262221,43966416BADE7E93,1,1,0,1081,818,90,941,28,31,82,0,3
796,6.21875000,16746642,1080047,0.997924763759,4249D9EA02EEFF6B,0,1,0,1060,1260,-88,46,29,31,109,0,3
797,6.22656250,16754058,949214,0.998397357114,3EEE381AFCFF7C83,1,1,0,1006,1820,107,975,30,31,16,0,3
798,6.23437500,16760451,818323,0.998809013440,4EA92E058B2FFF43,0,1,0,1258,1175,22,178,31,31,104,0,3
799,6.24218750,16765821,687382,0.999159707611,4EA6D2058B207F47,0,1,0,1258,873,22,178,0,31,104,1,3
800,6.25000000,16770168,556399,0.999449418224,3F8E8E0DB830FD57,1,1,0,1016,1863,54,899,1,31,42,1,3
801,6.25781250,16773491,425382,0.999678127596,4DA92E0B4B917EAF,0,1,0,1242,1175,45,185,2,31,85,1,3
802,6.26562500,16775791,294339,0.999845821768,43966015BAD1FF67,0,1,0,1081,816,86,941,3,31,108,1,3
803,6.27343750,16777067,163278,0.999952490504,4239D9EA42D27E87,1,1,0,1059,1260,-87,45,4,31,80,1,3
804,6.28125000,16777319,32207,0.999998127294,3EDE381AFD028077,0,1,0,1005,1820,107,976,5,0,14,1,3
805,6.28906250,16776547,-98866,0.999982729352,4EA12E058B2303B7,0,1,0,1258,151,22,178,6,0,118,1,3
806,6.29687500,16774751,-229933,0.999906297619,366EFFF6F2938047,1,1,0,870,1919,-37,809,7,0,8,1,3
807,6.30468750,16771931,-360986,0.999768836759,4A490E0E0D3401BF,0,1,0,1188,1159,56,211,8,0,55,1,3
808,6.31250000,16768087,-492017,0.999570355162,432E58123B04806F,0,1,0,1074,1836,72,944,9,0,13,1,3
809,6.32031250,16763220,-623018,0.999310864942,4ED9360A4AB501B7,0,1,0,1261,1179,41,171,10,0,54,1,3
810,6.32812500,16757330,-753981,0.998990381938,43AE6416FAD58067,0,1,0,1082,1842,91,941,11,0,12,1,3
811,6.33593750,16750417,-884898,0.998608925711,4F393A0A4AE601B7,0,1,0,1267,1181,41,174,12,0,54,1,3
812,6.34375000,16742481,-1015761,0.998166519541,43CE6416FAC68067,0,1,0,1084,1842,91,940,13,0,12,1,3
813,6.35156250,16733523,-1146562,0.997663190432,4F413A0A4AE703B7,0,1,0,1268,157,41,174,14,0,118,1,3
814,6.35937500,16723544,-1277293,0.997098969103,36D703F6F2B7823F,1,1,0,877,897,-37,811,15,0,71,1,3
815,6.36718750,16712544,-1407946,0.996473889993,3D69ADEE45180197,1,1,0,982,1238,-71,81,16,0,50,1,3
816,6.37500000,16700524,-1538513,0.995787991253,3E462C163D488277,1,1,0,996,790,88,980,17,0,78,1,3
817,6.38281250,16687485,-1668986,0.995041314746,4151C9E58309038F,0,1,0,1045,228,-106,48,18,0,113,1,3
818,6.39062500,16673428,-1799357,0.994233906046,3176D3FAB4D9824F,1,1,0,791,873,-22,845,19,0,73,1,3
819,6.39843750,16658353,-1929618,0.993365814433,3CA9A1E9457A019F,1,1,0,970,1232,-91,87,20,0,51,1,3
820,6.40625000,16642261,-2059761,0.992437092890,3DE628163D2A8277,1,1,0,990,788,88,978,21,0,78,1,3
821,6.41406250,16625153,-2189779,0.991447798103,4131C9E5430B038F,0,1,0,1043,228,-107,48,22,0,113,1,3
822,6.42187500,16607031,-2319663,0.990397990452,316ED3FAB4EB804F,1,1,0,790,1897,-22,846,23,0,9,1,3
823,6.42968750,16587895,-2449405,0.989287734012,49A902094D7C01BF,0,1,0,1178,1153,37,215,24,0,55,1,3
824,6.43750000,16567747,-2578998,0.988117096549,42CE54123AEC806F,0,1,0,1068,1834,72,942,25,0,13,1,3
825,6.44531250,16546587,-2708434,0.986886149510,4EB9360A0ACD01B7,0,1,0,1259,1179,40,172,26,0,54,1,3
826,6.45312500,16524417,-2837704,0.985594968028,43966416BADD8267,1,1,0,1081,818,90,941,27,0,76,1,3
827,6.46093750,16501239,-2966801,0.984243630908,4251D9EA02EE038F,0,1,0,1061,236,-88,46,28,0,113,1,3
828,6.46875000,16477054,-3095717,0.982832220631,31EED7FAF4FE804F,1,1,0,798,1899,-21,847,29,0,9,1,3
829,6.47656250,16451863,-3224444,0.981360823340,49D102098D6F03BF,0,1,0,1181,129,38,214,30,0,119,1,3
830,6.48437500,16425668,-3352974,0.979829528843,35CEF3F232DF844F,1,1,0,860,1913,-56,813,31,1,9,1,3
831,6.49218750,16398470,-3481300,0.978238430601,35C10FF232D0044B,1,1,0,860,135,-56,813,0,1,9,0,3
832,6.50000000,16370271,-3609413,0.976587625728,336A1FD6BF20868B,1,1,0,822,1295,-166,1010,1,1,81,0,3
833,6.50781250,16341073,-3737306,0.974877214980,477D6DF8F6F10763,0,1,0,1143,1718,-29,879,2,1,108,0,3
834,6.51562500,16310878,-3864971,0.973107302751,4C394E0E0901865B,0,1,0,1219,1191,56,144,3,1,75,0,3
835,6.52343750,16279687,-3992400,0.971277997068,430E62163B9207A3,0,1,0,1072,1841,88,953,4,1,116,0,3
836,6.53125000,16247503,-4119585,0.969389409582,4F4136098AD28453,0,1,0,1268,155,38,173,5,1,10,0,3
837,6.53906250,16214327,-4246519,0.967441655563,36B703F6F2B305CB,1,1,0,875,897,-37,811,6,1,57,0,3
838,6.54687500,16180161,-4373193,0.965434853892,3D71ADEE45238473,1,1,0,983,214,-71,82,7,1,14,0,3
839,6.55468750,16145008,-4499601,0.963369127053,3146CBF6354405BB,1,1,0,788,869,-40,852,8,1,55,0,3
840,6.56250000,16108869,-4625734,0.961244601128,3C719DE94534846B,1,1,0,967,206,-91,83,9,1,13,0,3
841,6.57031250,16071747,-4751585,0.959061405787,30C6C7F5F52505BB,1,1,0,780,867,-41,850,10,1,55,0,3
842,6.57812500,16033644,-4877146,0.956819674281,3C519DE94545846B,1,1,0,965,206,-91,84,11,1,13,0,3
843,6.58593750,15994563,-5002409,0.954519543434,30C6C7F5F52605BB,1,1,0,780,867,-41,850,12,1,55,0,3
844,6.59375000,15954505,-5127367,0.952161153634,3C699DE94546866B,1,1,0,966,1230,-91,84,13,1,77,0,3
845,6.60156250,15913474,-5252012,0.949744648824,3DA628163D270593,1,1,0,986,788,88,978,14,1,50,0,3
846,6.60937500,15871471,-5376336,0.947270176497,4149C9E50317867B,1,1,0,1044,1252,-108,49,15,1,79,0,3
847,6.61718750,15828500,-5500332,0.944737887680,3E3E341AFCE80793,1,1,0,995,1818,107,974,16,1,114,0,3
848,6.62500000,15784563,-5623992,0.942147936932,4E912E054B488453,0,1,0,1257,151,21,180,17,1,10,0,3
849,6.63281250,15739662,-5747309,0.939500482329,364EFFF6F29907C3,1,1,0,868,1919,-37,809,18,1,120,0,3
850,6.64062500,15693800,-5870275,0.936795685460,4A510E0E0D39844B,0,1,0,1189,135,56,211,19,1,9,0,3
851,6.64843750,15646981,-5992883,0.934033711411,3616F7F2330A05C3,1,1,0,865,891,-56,816,20,1,56,0,3
852,6.65625000,15599207,-6115125,0.931214728758,3D29A9EE04FA8673,1,1,0,978,1236,-72,79,21,1,78,0,3
853,6.66406250,15550480,-6236994,0.928338909557,3E062C163D5B0593,1,1,0,992,790,88,981,22,1,50,0,3
854,6.67187500,15500804,-6358482,0.925406429334,4169C9E5430B867B,1,1,0,1046,1252,-107,48,23,1,79,0,3
855,6.67968750,15450182,-6479582,0.922417467073,3E46341AFCEC099B,1,1,0,996,794,107,974,24,2,51,0,3
856,6.68750000,15398617,-6600287,0.919372205204,41B1CDE5033C8883,0,1,0,1051,230,-108,51,25,2,16,0,3
857,6.69531250,15346112,-6720589,0.916270829594,316ED3FAF4CD0BC3,1,1,0,790,1897,-21,844,26,2,120,0,3
858,6.70312500,15292671,-6840481,0.913113529535,49C902094D7D8A53,0,1,0,1180,1153,37,215,27,2,74,0,3
859,6.71093750,15238296,-6959955,0.909900497732,429654123AEE09A3,1,1,0,1065,810,72,942,28,2,52,0,3
860,6.71875000,15182991,-7079004,0.906631930293,41F1D5E9C2CE8883,0,0,0,1055,234,-89,44,29,2,16,0,3
861,6.72656250,15126760,-7197621,0.903308026714,31AED7FAF50F0BC3,1,1,0,794,1899,-21,848,30,2,120,0,3
862,6.73437500,15069605,-7315799,0.899928989869,49E902094D7F8A53,0,1,0,1182,1153,37,215,31,2,74,0,3
863,6.74218750,15011531,-7433530,0.896495025997,49E6FE094D700A57,0,1,0,1182,895,37,215,0,2,74,1,3
864,6.75000000,14952540,-7550808,0.893006344689,3F567C0A38D08A77,1,1,0,1013,830,40,909,1,2,78,1,3
865,6.75781250,14892637,-7667625,0.889463158877,40B1C9EB03510B9F,0,1,0,1035,228,-84,53,2,2,115,1,3
866,6.76562500,14831825,-7783974,0.885865684817,316ED3F9B511885F,1,1,0,790,1897,-26,849,3,2,11,1,3
867,6.77343750,14770107,-7899848,0.882214142083,49D100094D620BD7,0,1,0,1181,128,37,214,4,2,122,1,3
868,6.78125000,14707488,-8015239,0.878508753544,3596F3F232D28A57,1,1,0,857,889,-56,813,5,2,74,1,3
869,6.78906250,14643971,-8130141,0.874749745358,3D11A9EDC5030BA7,1,1,0,977,212,-73,80,6,2,116,1,3
870,6.79687500,14579560,-8244547,0.870937346957,30FECBF63543885F,1,1,0,783,1893,-40,852,7,2,11,1,3
871,6.80468750,14514260,-8358450,0.867071791030,4990FE094D440BD7,0,1,0,1177,127,37,212,8,2,122,1,3
872,6.81250000,14448074,-8471843,0.863153313509,3576F3F232E48A57,1,1,0,855,889,-56,814,9,2,74,1,3
873,6.82031250,14381006,-8584719,0.859182153559,3D11A9EDC5050BA7,1,1,0,977,212,-73,80,10,2,116,1,3
874,6.82812500,14313060,-8697071,0.855158553558,30E6CBF635458A5F,1,1,0,782,869,-40,852,11,2,75,1,3
875,6.83593750,14244241,-8808892,0.851082759087,3CA99DE9454609AF,1,1,0,970,1230,-91,84,12,2,53,1,3
876,6.84375000,14174552,-8920175,0.846955018912,3D7E28163D268887,1,0,0,983,1812,88,978,13,2,16,1,3
877,6.85156250,14103998,-9030914,0.842775584967,4E512A050B270BC7,0,1,0,1253,149,20,178,14,2,120,1,3
878,6.85937500,14032583,-9141101,0.838544712344,360EFFF6B2978857,1,1,0,864,1919,-38,809,15,2,10,1,3
879,6.86718750,13960312,-9250731,0.834262659274,4A710C0E0D380BCF,0,1,0,1191,134,56,211,16,2,121,1,3
880,6.87500000,13887189,-9359796,0.829929687111,35EEF7F232F88C5F,1,1,0,862,1915,-56,815,17,3,11,1,3
881,6.88281250,13813218,-9468290,0.825546060318,4A490A0E0D090DD7,0,1,0,1188,1157,56,208,18,3,58,1,3
882,6.89062500,13738404,-9576206,0.821112046448,42B658123B098E87,1,1,0,1067,812,72,944,19,3,80,1,3
883,6.89843750,13662751,-9683537,0.816627916131,4231D5EA02CA0FA7,0,1,0,1059,234,-88,44,20,3,116,1,3
884,6.90625000,13586264,-9790277,0.812093943056,318ED7FAF4FA8C67,1,1,0,792,1899,-21,847,21,3,12,1,3
885,6.91406250,13508948,-9896420,0.807510403951,4A1102094D7B0FD7,0,1,0,1185,129,37,215,22,3,122,1,3
886,6.92187500,13430808,-10001959,0.802877578574,358EF5F272DB8C5F,1,1,0,856,1914,-55,813,23,3,11,1,3
887,6.92968750,13351848,-10106887,0.798195749687,4A310A0E0D1C0FD7,0,0,0,1187,133,56,209,24,3,122,1,3
888,6.93750000,13272073,-10211198,0.793465203046,35B6F7F2330C8E5F,1,1,0,859,891,-56,816,25,3,75,1,3
889,6.94531250,13191488,-10314886,0.788686227379,3D69A9EE050D0DAF,1,1,0,982,1236,-72,80,26,3,53,1,3
890,6.95312500,13110098,-10417945,0.783859114369,3DC62C163D4D8E8F,1,1,0,988,790,88,980,27,3,81,1,3
891,6.96093750,13027908,-10520368,0.778984158639,41A9C9E5431E0DA7,1,1,0,1050,1252,-107,49,28,3,52,1,3
892,6.96875000,12944922,-10622149,0.774061657731,3E06341AFCDE8E8F,1,1,0,992,794,107,973,29,3,81,1,3
893,6.97656250,12861146,-10723281,0.769091912089,41E9CDE5034F0DA7,1,1,0,1054,1254,-108,52,30,3,52,1,3
894,6.98437500,12776585,-10823759,0.764075225041,3E26341B3CCF8E8F,1,1,0,994,794,108,972,31,3,81,1,3
895,6.99218750,12691245,-10923576,0.759011902779,3E29CC1B3CC00E8B,1,1,0,994,1254,108,972,0,3,81,0,3
896,7.00000000,12605130,-11022726,0.753902254343,47C987F386D08E7B,0,0,0,1148,1219,-50,109,1,3,79,0,3
897,7.00781250,12518246,-11121204,0.748746591599,404E48197BC10FAB,0,1,0,1028,1828,101,956,2,3,117,0,3
898,7.01562500,12430598,-11219003,0.743545229223,4F3932074B218E63,0,1,0,1267,1177,29,178,3,3,76,0,3
899,7.02343750,12342191,-11316117,0.738298484677,432E62173A920FB3,0,1,0,1074,1841,92,937,4,3,118,0,3
900,7.03125000,12253031,-11412540,0.733006678198,4F993A0A0AF28E63,0,1,0,1273,1181,40,175,5,3,76,0,3
901,7.03906250,12163123,-11508267,0.727670132769,434E64173AB30FB3,0,1,0,1076,1842,92,939,6,3,118,0,3
902,7.04687500,12072472,-11603291,0.722289174106,4FB93A0A0AF38E63,0,1,0,1275,1181,40,175,7,3,76,0,3
903,7.05468750,11981084,-11697607,0.716864130634,435666173AB40DB3,1,0,0,1077,819,92,939,8,3,54,0,3
904,7.06250000,11888965,-11791209,0.711395333471,42D1D9EA02F48C8B,0,1,0,1069,236,-88,47,9,3,17,0,3
905,7.07031250,11796121,-11884092,0.705883116403,318ED9FB34E513D3,1,1,0,792,1900,-20,846,10,4,122,0,3
906,7.07812500,11702557,-11976249,0.700327815868,4A4902094D759263,0,1,0,1188,1153,37,215,11,4,76,0,3
907,7.08593750,11608278,-12067675,0.694729770933,424E56127AD613B3,0,1,0,1060,1835,73,941,12,4,118,0,3
908,7.09375000,11513291,-12158365,0.689089323273,4F413409CAE6906B,0,1,0,1268,154,39,174,13,4,13,0,3
909,7.10156250,11417601,-12248313,0.683406817153,362F03F6F2B713E3,1,1,0,866,1921,-37,811,14,4,124,0,3
910,7.10937500,11321214,-12337513,0.677682599403,4AE90C0E0D379263,0,0,0,1198,1158,56,211,15,4,76,0,3
911,7.11718750,11224136,-12425960,0.671917019400,42AE5A127AF813B3,0,1,0,1066,1837,73,943,16,4,118,0,3
912,7.12500000,11126373,-12513649,0.666110429045,4F61360A0AD8906B,0,1,0,1270,155,40,173,17,4,13,0,3
913,7.13281250,11027931,-12600574,0.660263182743,361705F6F2B911E3,1,1,0,865,898,-37,811,18,4,60,0,3
914,7.14062500,10928816,-12686730,0.654375637380,3DF1ABEDC539908B,1,1,0,991,213,-73,83,19,4,17,0,3
915,7.14843750,10829034,-12772111,0.648448152300,30C6CDF6752A11D3,1,1,0,780,870,-39,850,20,4,58,0,3
916,7.15625000,10728591,-12856713,0.642481089288,3D099DE9455A9283,1,0,0,976,1230,-91,85,21,4,80,0,3
917,7.16406250,10627493,-12940530,0.636474812541,3D3E28167D1B13AB,1,1,0,979,1812,89,977,22,4,117,0,3
918,7.17187500,10525746,-13023557,0.630429688652,4EC928050B2B926B,0,1,0,1260,1172,20,178,23,4,77,0,3
919,7.17968750,10423357,-13105789,0.624346086584,42966016FA8C11BB,1,1,0,1065,816,91,936,24,4,55,0,3
920,7.18750000,10320332,-13187221,0.618224377649,42C9D7E9C30C9293,1,1,0,1068,1259,-89,48,25,4,82,0,3
921,7.19531250,10216677,-13267849,0.612064935485,3E3E381B3CED13AB,0,0,0,995,1820,108,974,26,4,117,0,3
922,7.20312500,10112398,-13347667,0.605868136032,4F412E054B4D906B,0,1,0,1268,151,21,180,27,4,13,0,3
923,7.21093750,10007502,-13426670,0.599634357510,35CF01F7327E13E3,1,1,0,860,1920,-36,807,28,4,124,0,3
924,7.21875000,9901995,-13504854,0.593363980398,4AF10C0DCD4E9063,0,1,0,1199,134,55,212,29,4,12,0,3
925,7.22656250,9795884,-13582213,0.587057387406,358EF9F272EF13DB,1,1,0,856,1916,-55,814,30,4,123,0,3
926,7.23437500,9689175,-13658743,0.580714963458,4AB1080E0D1F9063,0,0,0,1195,132,56,209,31,4,12,0,3
927,7.24218750,9581875,-13734440,0.574337095661,4ABEF80E0D101067,0,1,0,1195,1916,56,209,0,4,12,1,3
928,7.25000000,9473990,-13809298,0.567924173289,4BF5E42A00E092A7,0,1,0,1215,754,168,14,1,4,84,1,3
929,7.25781250,9365527,-13883314,0.561476587752,394292070931137F,1,1,0,916,329,28,147,2,4,111,1,3
930,7.26562500,9256492,-13956482,0.554994732578,3326B5F2B6F1967F,1,1,0,818,858,-54,879,3,5,79,1,3
931,7.27343750,9146892,-14028798,0.548479003386,3DB19DE9849217C7,0,0,0,987,206,-90,73,4,5,120,1,3
932,7.28125000,9036734,-14100258,0.541929797862,3016CBF6F5129677,1,1,0,769,869,-37,849,5,5,78,1,3
933,7.28906250,8926024,-14170857,0.535347515737,3D299BE8C57315C7,1,1,0,978,1229,-93,87,6,5,56,1,3
934,7.29687500,8814769,-14240592,0.528732558759,3CFE28167D03949F,1,1,0,975,1812,89,976,7,5,19,1,3
935,7.30468750,8702976,-14309457,0.522085330671,4ED12804CB3417DF,0,0,0,1261,148,19,179,8,5,123,1,3
936,7.31250000,8590652,-14377449,0.515406237185,3576FFF6F284966F,1,1,0,855,895,-37,808,9,5,77,1,3
937,7.32031250,8477804,-14444563,0.508695685959,3E09ABED854515BF,1,1,0,992,1237,-74,84,10,5,55,1,3
938,7.32812500,8364438,-14510796,0.501954086570,3D662E16BD25969F,1,1,0,982,791,90,978,11,5,83,1,3
939,7.33593750,8250562,-14576143,0.495181850491,4229C9E5032615B7,1,0,0,1058,1252,-108,50,12,5,54,1,3
940,7.34375000,8136182,-14640601,0.488379391064,3D9E341B3CC6949F,1,1,0,985,1818,108,972,13,5,19,1,3
941,7.35156250,8021306,-14704165,0.481547123476,4F512C050B5717DF,0,1,0,1269,150,20,181,14,5,123,1,3
942,7.35937500,7905940,-14766831,0.474685464733,359701F73277966F,1,1,0,857,896,-36,807,15,5,77,1,3
943,7.36718750,7790092,-14828596,0.467794833637,3E31ABEDC54817BF,0,0,0,995,213,-73,84,16,5,119,1,3
944,7.37500000,7673768,-14889456,0.460875650755,306ECDF675189477,1,1,0,774,1894,-39,849,17,5,14,1,3
945,7.38281250,7556976,-14949407,0.453928338399,4A48FC090D6915EF,0,1,0,1188,1150,36,214,18,5,61,1,3
946,7.39062500,7439723,-15008446,0.446953320596,41CE56127AC99497,0,0,0,1052,1835,73,940,19,5,18,1,3
947,7.39843750,7322015,-15066569,0.439951023067,4F9934098AFA15DF,0,1,0,1273,1178,38,175,20,5,59,1,3
948,7.40625000,7203861,-15123772,0.432921873194,42AE64173AAA948F,0,1,0,1066,1842,92,938,21,5,17,1,3
949,7.41406250,7085267,-15180052,0.425866300002,50213809CB0B17DF,0,1,0,1282,156,39,176,22,5,123,1,3
950,7.42187500,6966240,-15235406,0.418784734126,35D705F7729B9667,1,0,0,861,898,-35,809,23,5,76,1,3
951,7.42968750,6846788,-15289830,0.411677607789,3E51ABEDC54C17BF,0,1,0,997,213,-73,84,24,5,119,1,3
952,7.43750000,6726918,-15343321,0.404545354772,3056CDF6B51C9677,1,1,0,773,870,-38,849,25,5,78,1,3
953,7.44531250,6606638,-15395875,0.397388410391,3D699BE9056D15C7,1,0,0,982,1229,-92,86,26,5,56,1,3
954,7.45312500,6485954,-15447489,0.390207211470,3CC62A167D0D969F,1,1,0,972,789,89,976,27,5,83,1,3
955,7.46093750,6364875,-15498161,0.383002196313,4229C7E4C33E19BF,1,1,0,1058,1251,-109,51,28,6,55,1,3
956,7.46875000,6243407,-15547887,0.375773804675,3D5E341B3CBE98A7,1,0,0,981,1818,108,971,29,6,20,1,3
957,7.47656250,6121558,-15596664,0.368522477741,4F892C04CB6F19E7,0,1,0,1272,1174,19,182,30,6,60,1,3
958,7.48437500,5999335,-15644489,0.361248658094,425662177A7F9A97,1,1,0,1061,817,93,935,31,6,82,1,3
959,7.49218750,5876746,-15691359,0.353952789692,42599E177A701A93,1,1,0,1061,1231,93,935,0,6,82,0,3
960,7.50000000,5753799,-15737271,0.346635317835,487197F686509893,0,0,0,1159,203,-38,101,1,6,18,0,3
961,7.50781250,5630500,-15782223,0.339296689145,32CEEBF9B3E11BEB,1,1,0,812,1909,-26,830,2,6,125,0,3
962,7.51562500,5506858,-15826211,0.331937351534,4B29040B0D719A73,0,1,0,1202,1154,44,215,3,6,78,0,3
963,7.52343750,5382880,-15869233,0.324557754178,41D65812BAC219C3,1,0,0,1053,812,74,940,4,6,56,0,3
964,7.53125000,5258573,-15911287,0.317158347490,42F1D3E982E298A3,0,1,0,1071,233,-90,46,5,6,20,0,3
965,7.53906250,5133945,-15952370,0.309739583090,30AED9FB34D31BE3,1,1,0,778,1900,-20,845,6,6,124,0,3
966,7.54687500,5009004,-15992479,0.302301913783,4AE900090D939A73,0,0,0,1198,1152,36,217,7,6,78,0,3
967,7.55468750,4883757,-16031612,0.294845793526,41AE5612BAB41BC3,0,1,0,1050,1835,74,939,8,6,120,0,3
968,7.56250000,4758212,-16069766,0.287371677400,4FE134098AF4987B,0,0,0,1278,154,38,175,9,6,15,0,3
969,7.57031250,4632377,-16106940,0.279880021589,358F05F732951BF3,1,1,0,856,1922,-36,809,10,6,126,0,3
970,7.57812500,4506259,-16143130,0.272371283344,4B910C0DCD559873,0,1,0,1209,134,55,213,11,6,14,0,3
971,7.58593750,4379866,-16178335,0.264845920959,350EFBF2B2D61BEB,1,0,0,848,1917,-54,813,12,6,125,0,3
972,7.59375000,4253205,-16212553,0.257304393745,4B31080DCD269873,0,1,0,1203,132,55,210,13,6,14,0,3
973,7.60156250,4126285,-16245781,0.249747161996,34EEF9F2B2E71BEB,1,1,0,846,1916,-54,814,14,6,125,0,3
974,7.60937500,3999113,-16278018,0.242174686968,4B49080D8D279A73,0,0,0,1204,1156,54,210,15,6,78,0,3
975,7.61718750,3871697,-16309261,0.234587430846,41CE5A12BAE81BC3,0,1,0,1052,1837,74,942,16,6,120,0,3
976,7.62500000,3744045,-16339509,0.226985856715,501934098AF89A7B,0,0,0,1281,1178,38,175,17,6,79,0,3
977,7.63281250,3616164,-16368759,0.219370428538,426E66177A991BCB,0,1,0,1062,1843,93,937,18,6,121,0,3
978,7.64062500,3488062,-16397010,0.211741611121,50813809CB19987B,0,1,0,1288,156,39,177,19,6,15,0,3
979,7.64843750,3359747,-16424260,0.204099870087,358F05F7728A1BF3,1,0,0,856,1922,-35,808,20,6,126,0,3
980,7.65625000,3231227,-16450508,0.196445671849,4BB10C0DCD5A9C7B,0,1,0,1211,134,55,213,21,7,15,0,3
981,7.66406250,3102510,-16475752,0.188779483580,34EEFBF2B2CB1FF3,1,0,0,846,1917,-54,812,22,7,126,0,3
982,7.67187500,2973604,-16499990,0.181101773184,4B69080DCD3B9E7B,0,1,0,1206,1156,55,211,23,7,79,0,3
983,7.67968750,2844516,-16523221,0.173413009269,41B65A12BADC1DCB,1,1,0,1051,813,74,941,24,7,57,0,3
984,7.68750000,2715255,-16545444,0.165713661118,4349D3E982FC9EAB,1,0,0,1076,1257,-90,47,25,7,85,0,3
985,7.69531250,2585828,-16566657,0.158004198659,3D663A1B7CDD1DC3,1,1,0,982,797,109,973,26,7,56,0,3
986,7.70312500,2456243,-16586859,0.150285092438,4309CBE4C36D9EAB,1,0,0,1072,1253,-109,54,27,7,85,0,3
987,7.71093750,2326508,-16606048,0.142556813590,3D1E361BBC9E1FC3,1,1,0,977,1819,110,969,28,7,120,0,3
988,7.71875000,2196631,-16624224,0.134819833808,4FE92C04CB7E9E83,0,0,0,1278,1174,19,183,29,7,80,0,3
989,7.72656250,2066620,-16641385,0.127074625319,41F662177A6F1DD3,1,1,0,1055,817,93,934,30,7,58,0,3
990,7.73437500,1936483,-16657530,0.119321660850,4391D7E9432F9CAB,0,1,0,1081,235,-91,50,31,7,21,0,3
991,7.74218750,1806228,-16672659,0.111561413601,439E2BE943201CAF,0,0,0,1081,1813,-91,50,0,7,21,1,3
992,7.75000000,1675863,-16686770,0.103794357219,4475E42CC1109EBF,0,1,0,1095,754,179,17,1,7,87,1,3
993,7.75781250,1545395,-16699863,0.096020965765,38DA8202CA311D97,1,0,0,909,1345,11,163,2,7,50,1,3
994,7.76562500,1414833,-16711936,0.088241713685,3F0610123EB19EB7,1,1,0,1008,776,72,1003,3,7,86,1,3
995,7.77343750,1284185,-16722989,0.080457075786,4331C7E502721FC7,0,0,0,1075,227,-108,39,4,7,120,1,3
996,7.78125000,1153458,-16733022,0.072667527202,2FD6D9FBF4A29E87,1,1,0,765,876,-17,842,5,7,80,1,3
997,7.78906250,1022661,-16742033,0.064873543366,3E319DE885B31FD7,0,0,0,995,206,-94,91,6,7,122,1,3
998,7.79687500,891801,-16750023,0.057075599984,2F6EC9F6B4D39C87,1,1,0,758,1892,-38,845,7,7,16,1,3
999,7.80468750,760887,-16756990,0.049274173001,4AD0FC08CD941FFF,0,0,0,1197,126,35,217,8,7,127,1,3
1000,7.81250000,629927,-16762934,0.041469738577,3416F5F2B2A49E7F,1,1,0,833,890,-54,810,9,7,79,1,3
1001,7.82031250,498928,-16767855,0.033662773054,3E69A5ED45451DCF,1,0,0,998,1234,-75,84,10,7,57,1,3
1002,7.82812500,367899,-16771753,0.025853752928,3C862E16BD159EAF,1,1,0,968,791,90,977,11,7,85,1,3
1003,7.83593750,236847,-16774627,0.018043154823,42E9C7E483461DC7,1,0,0,1070,1251,-110,52,12,7,56,1,3
1004,7.84375000,105781,-16776477,0.010231455457,3CC6361BBCA69EAF,1,1,0,972,795,110,970,13,7,85,1,3
1005,7.85156250,-25292,-16777303,0.002419131615,4329CBE4837721CF,1,0,0,1074,1253,-110,55,14,8,57,1,3
1006,7.85937500,-156363,-16777105,-0.005393339878,3CE6361BBC97A2B7,1,1,0,974,795,110,969,15,8,86,1,3
1007,7.86718750,-287425,-16775883,-0.013205482190,4311CBE4837823CF,0,0,0,1073,229,-110,55,16,8,121,1,3
1008,7.87500000,-418469,-16773637,-0.021016818506,2FF6D5FB7498A28F,1,1,0,767,874,-19,841,17,8,81,1,3
1009,7.88281250,-549488,-16770368,-0.028826872065,3E319FE885B923DF,0,0,0,995,207,-94,91,18,8,123,1,3
1010,7.89062500,-680473,-16766075,-0.036635166180,2F56C9F6B4D9A28F,1,1,0,757,868,-38,845,19,8,81,1,3
1011,7.89843750,-811416,-16760759,-0.044441224273,3DD19BE8858A23DF,0,0,0,989,205,-94,88,20,8,123,1,3
1012,7.90625000,-942310,-16754420,-0.052244569903,2F4EC9F6B4EAA08F,1,1,0,756,1892,-38,846,21,8,17,1,3
1013,7.91406250,-1073146,-16747058,-0.060044726794,4AB0FA088D9B2007,0,0,0,1195,125,34,217,22,8,0,1,3
1014,7.92187500,-1203917,-16738674,-0.067841218864,342EF5F272ABA087,1,1,0,834,1914,-55,810,23,8,16,1,3
1015,7.92968750,-1334614,-16729268,-0.075633570255,4B51060D4D4C23FF,0,0,0,1205,131,53,212,24,8,127,1,3
1016,7.93750000,-1465230,-16718841,-0.083421305364,3496F9F2B2DCA287,1,1,0,841,892,-54,813,25,8,80,1,3
1017,7.94531250,-1595757,-16707394,-0.091203948865,3E71A7ED853D23D7,0,0,0,999,211,-74,83,26,8,122,1,3
1018,7.95312500,-1726186,-16694927,-0.098981025748,2FB6CFF6B51DA28F,1,1,0,763,871,-38,849,27,8,81,1,3
1019,7.96093750,-1856510,-16681441,-0.106752061340,3DD199E8C57E23DF,0,0,0,989,204,-93,87,28,8,123,1,3
1020,7.96875000,-1986720,-16666937,-0.114516581335,2F6EC9F6B4EEA08F,1,1,0,758,1892,-38,846,29,8,17,1,3
1021,7.97656250,-2116809,-16651416,-0.122274111829,4AA8FC088D8F2207,0,0,0,1194,1150,34,216,30,8,64,1,3
1022,7.98437500,-2246769,-16634878,-0.130024179341,41365612BABFA2AF,1,0,0,1043,811,74,939,31,8,85,1,3
1023,7.99218750,-2376592,-16617325,-0.137766310848,4139AA12BAB022AB,1,1,0,1043,1237,74,939,0,8,85,0,3
1024,8.00000000,-2506270,-16598758,-0.145500033809,488991F68650A2A3,0,0,0,1160,1224,-38,101,1,8,84,0,3
1025,8.00781250,-2635795,-16579178,-0.153224876197,3F6E4C19BBE123D3,0,1,0,1014,1830,102,958,2,8,122,0,3
1026,8.01562500,-2765159,-16558586,-0.160940366530,50393006CB41A28B,0,0,0,1283,1176,27,180,3,8,81,0,3
1027,8.02343750,-2894354,-16536983,-0.168646033891,42366417BA7221DB,1,0,0,1059,818,94,935,4,8,59,0,3
1028,8.03125000,-3023373,-16514371,-0.176341407968,4389D7E98322A2B3,1,1,0,1080,1259,-90,50,5,8,86,0,3
1029,8.03906250,-3152207,-16490751,-0.184026019074,3D9E3A1BBCC323CB,0,0,0,985,1821,110,972,6,8,121,0,3
1030,8.04687500,-3280849,-16466124,-0.191699398181,4FF92C050B63A28B,0,1,0,1279,1174,20,182,7,8,81,0,3
1031,8.05468750,-3409290,-16440492,-0.199361076944,422E6217BA6427E3,0,0,0,1058,1841,94,934,8,9,124,0,3
1032,8.06250000,-3537523,-16413857,-0.207010587735,506138098B24A493,0,1,0,1286,156,38,178,9,9,18,0,3
1033,8.07031250,-3665540,-16386220,-0.214647463667,358F05F77285240B,1,0,0,856,1922,-35,808,10,9,1,0,3
1034,8.07812500,-3793334,-16357583,-0.222271238623,4BA90C0DCD55A68B,0,0,0,1210,1158,55,213,11,9,81,0,3
1035,8.08593750,-3920896,-16327948,-0.229881447289,41EE5A12FAD627DB,0,1,0,1054,1837,75,941,12,9,123,0,3
1036,8.09375000,-4048219,-16297316,-0.237477625177,50213409CAF6A493,0,0,0,1282,154,39,175,13,9,18,0,3
1037,8.10156250,-4175295,-16265689,-0.245059308654,358F05F77297240B,1,0,0,856,1922,-35,809,14,9,1,0,3
1038,8.10937500,-4302116,-16233070,-0.252626034973,4B910C0DCD57A48B,0,1,0,1209,134,55,213,15,9,17,0,3
1039,8.11718750,-4428674,-16199460,-0.260177342302,350EFBF2B2D82403,1,0,0,848,1917,-54,813,16,9,0,0,3
1040,8.12500000,-4554962,-16164861,-0.267712769747,4B31080DCD28A48B,0,1,0,1203,132,55,210,17,9,17,0,3
1041,8.13281250,-4680972,-16129275,-0.275231857384,34F6F9F2B2E92603,1,0,0,847,892,-54,814,18,9,64,0,3
1042,8.14062500,-4806696,-16092705,-0.282734146287,3E29A7ED8529A6B3,1,0,0,994,1235,-74,82,19,9,86,0,3
1043,8.14843750,-4932127,-16055153,-0.290219178555,3CFE2E16BD2A27D3,1,1,0,975,1815,90,978,20,9,122,0,3
1044,8.15625000,-5057257,-16016621,-0.297686497341,4F692804CB3AA693,0,0,0,1270,1172,19,179,21,9,82,0,3
1045,8.16406250,-5182078,-15977111,-0.305135646877,422E62177A7B27E3,0,0,0,1058,1841,93,935,22,9,124,0,3
1046,8.17187500,-5306583,-15936626,-0.312566172505,503938098B2BA693,0,1,0,1283,1180,38,178,23,9,82,0,3
1047,8.17968750,-5430764,-15895168,-0.319977620706,42AE66177A9C27E3,0,0,0,1066,1843,93,937,24,9,124,0,3
1048,8.18750000,-5554614,-15852740,-0.327369539122,50593809CB1CA693,0,0,0,1285,1180,39,177,25,9,82,0,3
1049,8.19531250,-5678125,-15809345,-0.334741476588,42B666177A9D25E3,1,1,0,1067,819,93,937,26,9,60,0,3
1050,8.20312500,-5801289,-15764985,-0.342092983160,4351D7E9C30DA4BB,0,0,0,1077,235,-89,48,27,9,23,0,3
1051,8.21093750,-5924099,-15719662,-0.349423610140,30EED9FB74CE27FB,1,0,0,782,1900,-19,844,28,9,127,0,3
1052,8.21875000,-6046547,-15673380,-0.356732910103,4AD100090D9EA48B,0,1,0,1197,128,36,217,29,9,17,0,3
1053,8.22656250,-6168626,-15626141,-0.364020436929,34CEF5F2B2BF2403,1,0,0,844,1914,-54,811,30,9,0,0,3
1054,8.23437500,-6290329,-15577949,-0.371285745823,4AD1080D8D3FA48B,0,0,0,1197,132,54,211,31,9,17,0,3
1055,8.24218750,-6411648,-15528806,-0.378528393349,4ADEF80D8D30248F,0,1,0,1197,1916,54,211,0,9,17,1,3
1056,8.25000000,-6532575,-15478715,-0.385747937452,4BADE42A00D0A8D7,0,0,0,1210,1778,168,13,1,10,26,1,3
1057,8.25781250,-6653104,-15427679,-0.392943937490,4679F426D14129D7,1,0,0,1127,1274,155,276,2,10,58,1,3
1058,8.26562500,-6773227,-15375702,-0.400115954255,44C6420EBCA1AABF,0,0,0,1100,801,58,970,3,10,87,1,3
1059,8.27343750,-6892936,-15322786,-0.407263550005,4361D5EA42122BDF,0,1,0,1078,234,-87,33,4,10,123,1,3
1060,8.28125000,-7012225,-15268935,-0.414386288486,30EEDDFBF4E2A89F,1,0,0,782,1902,-17,846,5,10,19,1,3
1061,8.28906250,-7131086,-15214152,-0.421483734965,4AC900090D932A17,0,0,0,1196,1152,36,217,6,10,66,1,3
1062,8.29687500,-7249511,-15158440,-0.428555456248,41EE5612BAB3A8BF,0,1,0,1054,1835,74,939,7,10,23,1,3
1063,8.30468750,-7367494,-15101803,-0.435601020716,4FA13409CAF42807,0,0,0,1274,154,39,175,8,10,0,1,3
1064,8.31250000,-7485027,-15044244,-0.442619998342,35CF05F732A4A88F,1,0,0,860,1922,-36,810,9,10,17,1,3
1065,8.32031250,-7602103,-14985767,-0.449611960725,4B490C0DCD452A0F,0,0,0,1204,1158,55,212,10,10,65,1,3
1066,8.32812500,-7718715,-14926376,-0.456576481111,424E5A12BAE5A8BF,0,1,0,1060,1837,74,942,11,10,23,1,3
1067,8.33593750,-7834856,-14866074,-0.463513134422,4FC13409CAE62807,0,0,0,1276,154,39,174,12,10,0,1,3
1068,8.34375000,-7950519,-14804864,-0.470421497281,35D705F732A6AA8F,1,0,0,861,898,-36,810,13,10,81,1,3
1069,8.35156250,-8065697,-14742751,-0.477301148035,3E31ABEDC5472BE7,0,0,0,995,213,-73,84,14,10,124,1,3
1070,8.35937500,-8180382,-14679738,-0.484151666788,3076CDF67517AA9F,1,1,0,775,870,-39,849,15,10,83,1,3
1071,8.36718750,-8294568,-14615829,-0.490972635419,3D319BE905682BEF,0,0,0,979,205,-92,86,16,10,125,1,3
1072,8.37500000,-8408248,-14551028,-0.497763637610,300EC9F67508A89F,1,0,0,768,1892,-39,848,17,10,19,1,3
1073,8.38281250,-8521415,-14485339,-0.504524258875,4A08FC090D792A17,0,1,0,1184,1150,36,215,18,10,66,1,3
1074,8.39062500,-8634062,-14418765,-0.511254086579,41D656127AD9AABF,1,0,0,1053,811,73,941,19,10,87,1,3
1075,8.39843750,-8746182,-14351311,-0.517952709969,4289D3E982EA29DF,1,0,0,1064,1257,-90,46,20,10,59,1,3
1076,8.40625000,-8857768,-14282981,-0.524619720195,3DE6381B3CEAAAC7,1,0,0,990,796,108,974,21,10,88,1,3
1077,8.41406250,-8968813,-14213780,-0.531254710337,4251CDE5034B2BDF,0,0,0,1061,230,-108,52,22,10,123,1,3
1078,8.42187500,-9079311,-14143711,-0.537857275430,30D6D5FB34BBAA9F,1,1,0,781,874,-20,843,23,10,83,1,3
1079,8.42968750,-9189255,-14072779,-0.544427012488,3D69A1E9059C29EF,1,0,0,982,1232,-92,89,24,10,61,1,3
1080,8.43750000,-9298638,-14000988,-0.550963520526,3D2628167D0CAAC7,1,0,0,978,788,89,976,25,10,88,1,3
1081,8.44531250,-9407453,-13928342,-0.557466400591,41E9C9E4C32D2DE7,1,0,0,1054,1252,-109,50,26,11,60,1,3
1082,8.45312500,-9515694,-13854846,-0.563935255780,3DA6341B3CCDAECF,1,1,0,986,794,108,972,27,11,89,1,3
1083,8.46093750,-9623354,-13780505,-0.570369691268,4231CDE4C35E2FE7,0,0,0,1059,230,-109,53,28,11,124,1,3
1084,8.46875000,-9730427,-13705323,-0.576769314329,30D6D3FB34BEAEA7,1,0,0,781,873,-20,843,29,11,84,1,3
1085,8.47656250,-9836906,-13629304,-0.583133734365,3D51A1E9058F2FF7,0,0,0,981,208,-92,88,30,11,126,1,3
1086,8.48437500,-9942785,-13552453,-0.589462562922,304EC9F6750FACA7,1,0,0,772,1892,-39,848,31,11,20,1,3
1087,8.49218750,-10048057,-13474775,-0.595755413723,304139F675002CA3,1,1,0,772,156,-39,848,0,11,20,0,3
1088,8.50000000,-10152715,-13396275,-0.602011902685,33EA0BD2FFD0AEDB,1,0,0,830,1285,-181,1021,1,11,91,0,3
1089,8.50781250,-10256754,-13316957,-0.608231647943,46BD6BF8F6912FB3,0,0,0,1131,1717,-29,873,2,11,118,0,3
1090,8.51562500,-10360167,-13236826,-0.614414269875,4CA14C0DC921ACAB,0,0,0,1226,166,55,146,3,11,21,0,3
1091,8.52343750,-10462947,-13155887,-0.620559391128,357703F673722E1B,1,0,0,855,897,-39,823,4,11,67,0,3
1092,8.53125000,-10565089,-13074145,-0.626666636634,3DF1A9ED4522ACC3,1,1,0,991,212,-75,82,5,11,24,0,3
1093,8.53906250,-10666586,-12991605,-0.632735633638,30BECDF675232C0B,1,0,0,779,1894,-39,850,6,11,1,0,3
1094,8.54687500,-10767432,-12908272,-0.638766011721,49F0FE094D53AC93,0,0,0,1183,127,37,213,7,11,18,0,3
1095,8.55468750,-10867621,-12824151,-0.644757402818,352EF5F232D42C13,1,0,0,850,1914,-56,813,8,11,2,0,3
1096,8.56250000,-10967146,-12739248,-0.650709441247,4A71080DCD24AC9B,0,0,0,1191,132,55,210,9,11,19,0,3
1097,8.57031250,-11066002,-12653567,-0.656621763725,3576F9F232F52E13,1,0,0,855,892,-56,815,10,11,66,0,3
1098,8.57812500,-11164183,-12567114,-0.662494009395,3D89A7EDC515AEC3,1,1,0,984,1235,-73,81,11,11,88,0,3
1099,8.58593750,-11261682,-12479894,-0.668325819846,3D9E2C167D362FE3,0,0,0,985,1814,89,979,12,11,124,0,3
1100,8.59375000,-11358494,-12391912,-0.674116839133,4EC12A054B26ACA3,0,0,0,1260,149,21,178,13,11,20,0,3
1101,8.60156250,-11454613,-12303174,-0.679866713803,35CEFFF6F2872C13,1,0,0,860,1919,-37,808,14,11,2,0,3
1102,8.60937500,-11550032,-12213685,-0.685575092913,4AB10C0DCD47AC9B,0,0,0,1195,134,55,212,15,11,19,0,3
1103,8.61718750,-11644746,-12123450,-0.691241628053,35B6F9F272F82E13,1,0,0,859,892,-55,815,16,11,66,0,3
1104,8.62500000,-11738750,-12032475,-0.696865973366,3D89A9EE0508AEC3,1,1,0,984,1236,-72,80,17,11,88,0,3
1105,8.63281250,-11832037,-11940766,-0.702447785572,3DBE2C167D492FE3,0,0,0,987,1814,89,980,18,11,124,0,3
1106,8.64062500,-11924602,-11848328,-0.707986723986,4EB92A054B19B2AB,0,0,0,1259,1173,21,177,19,12,85,0,3
1107,8.64843750,-12016439,-11755167,-0.713482450540,42CE6016FA9A33FB,0,0,0,1068,1840,91,937,20,12,127,0,3
1108,8.65625000,-12107543,-11661289,-0.718934629802,4F813809CB0AB0AB,0,0,0,1272,156,39,176,21,12,21,0,3
1109,8.66406250,-12197908,-11566699,-0.724342929000,365703F6F2AB3223,1,0,0,869,897,-37,810,22,12,68,0,3
1110,8.67187500,-12287528,-11471403,-0.729707018039,3DC9ADEE052BB2CB,1,0,0,988,1238,-72,82,23,12,89,0,3
1111,8.67968750,-12376398,-11375407,-0.735026569522,3DDE2C167D3C33EB,0,1,0,989,1814,89,979,24,12,125,0,3
1112,8.68750000,-12464513,-11278716,-0.740301258772,4EA12A054B1CB0AB,0,0,0,1258,149,21,177,25,12,21,0,3
1113,8.69531250,-12551867,-11181337,-0.745530763849,35EEFFF6F29D301B,1,0,0,862,1919,-37,809,26,12,3,0,3
1114,8.70312500,-12638455,-11083276,-0.750714765571,4AA90C0DCD4DB2A3,0,0,0,1194,1158,55,212,27,12,84,0,3
1115,8.71093750,-12724272,-10984538,-0.755852947533,42CE58127AFE33F3,0,0,0,1068,1836,73,943,28,12,126,0,3
1116,8.71875000,-12809312,-10885130,-0.760944996127,4F39360A0ACEB2AB,0,0,0,1267,1179,40,172,29,12,85,0,3
1117,8.72656250,-12893570,-10785057,-0.765990600560,434E6416FACF33FB,0,0,0,1076,1842,91,940,30,12,127,0,3
1118,8.73437500,-12977041,-10684326,-0.770989452875,4F993A0A0AFFB2AB,0,0,0,1273,1181,40,175,31,12,85,0,3
1119,8.74218750,-13059720,-10582943,-0.775941247968,4F96C60A0AF032AF,0,0,0,1273,867,40,175,0,12,85,1,3
1120,8.75000000,-13141602,-10480914,-0.780845683606,3F6E960D7830B0BF,1,1,0,1014,1867,53,899,1,12,23,1,3
1121,8.75781250,-13222682,-10378245,-0.785702460448,4E292C0B4BA13217,0,0,0,1250,1174,45,186,2,12,66,1,3
1122,8.76562500,-13302955,-10274943,-0.790511282062,43566215BAC1B2C7,1,0,0,1077,817,86,940,3,12,88,1,3
1123,8.77343750,-13382416,-10171014,-0.795271854941,4289D9EA02E231EF,1,0,0,1064,1260,-88,46,4,12,61,1,3
1124,8.78125000,-13461060,-10066464,-0.799983888526,3E9E381B3CF2B0D7,1,0,0,1001,1820,108,975,5,12,26,1,3
1125,8.78906250,-13538883,-9961299,-0.804647095217,4EF12E054B333017,0,0,0,1263,151,21,179,6,12,2,1,3
1126,8.79687500,-13615879,-9855526,-0.809261190397,362EFFF73283B0A7,1,0,0,866,1919,-36,808,7,12,20,1,3
1127,8.80468750,-13692044,-9749152,-0.813825892445,4A910E0E0D34301F,0,0,0,1193,135,56,211,8,12,3,1,3
1128,8.81250000,-13767374,-9642183,-0.818340922755,35D6F9F232F4B2A7,1,0,0,861,892,-56,815,9,12,84,1,3
1129,8.82031250,-13841863,-9534625,-0.822806005753,3D49A9EE050531F7,1,0,0,980,1236,-72,80,10,12,62,1,3
1130,8.82812500,-13915507,-9426485,-0.827220868913,3DE62C163D45B2D7,1,1,0,990,790,88,980,11,12,90,1,3
1131,8.83593750,-13988302,-9317770,-0.831585242775,4189C9E5430635F7,1,0,0,1048,1252,-107,48,12,13,62,1,3
1132,8.84375000,-14060243,-9208486,-0.835898860960,3E1E341AFCD6B4DF,1,0,0,993,1818,107,973,13,13,27,1,3
1133,8.85156250,-14131326,-9098640,-0.840161460187,4EC92E054B47361F,0,0,0,1260,1175,21,180,14,13,67,1,3
1134,8.85937500,-14201547,-8988239,-0.844372780289,43166016FA97B6D7,1,0,0,1073,816,91,937,15,13,90,1,3
1135,8.86718750,-14270901,-8877289,-0.848532564228,4271D9E9C2F837F7,0,0,0,1063,236,-89,47,16,13,126,1,3
1136,8.87500000,-14339384,-8765798,-0.852640558113,31AED7FAF4E8B4B7,1,0,0,794,1899,-21,846,17,13,22,1,3
1137,8.88281250,-14406992,-8653772,-0.856696511213,49F102098D793427,0,0,0,1183,129,38,215,18,13,4,1,3
1138,8.89062500,-14473720,-8541217,-0.860700175974,3596F5F232D9B6AF,1,0,0,857,890,-56,813,19,13,85,1,3
1139,8.89843750,-14539565,-8428141,-0.864651308032,3D29A9EE050A35FF,1,0,0,978,1236,-72,80,20,13,63,1,3
1140,8.90625000,-14604522,-8314551,-0.868549666231,3DFE2C163D4AB4DF,1,0,0,991,1814,88,980,21,13,27,1,3
1141,8.91406250,-14668588,-8200453,-0.872395012635,4E712A054B1B341F,0,0,0,1255,149,21,177,22,13,3,1,3
1142,8.92187500,-14731759,-8085855,-0.876187112544,3616FFF6F29BB6AF,1,0,0,865,895,-37,809,23,13,85,1,3
1143,8.92968750,-14794031,-7970763,-0.879925734507,3D71ADEDC53C37FF,0,0,0,983,214,-73,83,24,13,127,1,3
1144,8.93750000,-14855400,-7855185,-0.883610650339,3116CBF6353CB6B7,1,1,0,785,869,-40,851,25,13,86,1,3
1145,8.94531250,-14915862,-7739127,-0.887241635131,3C899DE9454D3607,1,0,0,968,1230,-91,84,26,13,64,1,3
1146,8.95312500,-14975414,-7622597,-0.890818467267,3D9E28163D2DB4DF,1,0,0,985,1812,88,978,27,13,27,1,3
1147,8.96093750,-15034052,-7505602,-0.894340928435,4E492A054B1E361F,0,0,0,1252,1173,21,177,28,13,67,1,3
1148,8.96875000,-15091772,-7388148,-0.897808803642,43166016FAAEB6D7,1,0,0,1073,816,91,938,29,13,90,1,3
1149,8.97656250,-15148571,-7270244,-0.901221881228,4251D9E9C2FF37F7,0,0,0,1061,236,-89,47,30,13,126,1,3
1150,8.98437500,-15204445,-7151896,-0.904579952874,31CED7FAF4FFB4B7,1,0,0,796,1899,-21,847,31,13,22,1,3
1151,8.99218750,-15259391,-7033111,-0.907882813623,31C12BFAF4F034B3,1,0,0,796,149,-21,847,0,13,22,0,3
1152,9.00000000,-15313406,-6913897,-0.911130261885,33CA13D2FFB0B6EB,1,0,0,828,1289,-181,1019,1,13,93,0,3
1153,9.00781250,-15366486,-6794261,-0.914322099451,47456BF936A135C3,0,0,0,1140,693,-28,874,2,13,56,0,3
1154,9.01562500,-15418628,-6674210,-0.917458131509,3F41EFEDC101B4E3,1,0,0,1012,247,-73,16,3,13,28,0,3
1155,9.02343750,-15469829,-6553752,-0.920538166651,3126D5FA35C2361B,1,0,0,786,874,-24,860,4,13,67,0,3
1156,9.03125000,-15520086,-6432894,-0.923562016889,3CE99DE8C552BAD3,1,0,0,974,1230,-93,85,5,14,90,0,3
1157,9.03906250,-15569396,-6311643,-0.926529497660,3DBE28167D133BFB,0,0,0,987,1812,89,977,6,14,127,0,3
1158,9.04687500,-15617755,-6190007,-0.929440427847,4E392A054B13BABB,0,0,0,1251,1173,21,177,7,14,87,0,3
1159,9.05468750,-15665161,-6067993,-0.932294629781,432E6016BAA4380B,0,0,0,1074,1840,90,938,8,14,1,0,3
1160,9.06250000,-15711611,-5945609,-0.935091929256,4F393A0A0AF4BABB,0,0,0,1267,1181,40,175,9,14,87,0,3
1161,9.07031250,-15757102,-5822862,-0.937832155539,43AE6416FAC5380B,0,0,0,1082,1842,91,940,10,14,1,0,3
1162,9.07812500,-15801631,-5699760,-0.940515141381,4F593A0A4AE5BABB,0,0,0,1269,1181,41,174,11,14,87,0,3
1163,9.08593750,-15845196,-5576310,-0.943140723026,43B664173AC63A0B,1,0,0,1083,818,92,940,12,14,65,0,3
1164,9.09375000,-15887794,-5452519,-0.945708740223,4271D9EA02E6B8E3,0,0,0,1063,236,-88,46,13,14,28,0,3
1165,9.10156250,-15929422,-5328396,-0.948219036233,31D6D7FAF4F73A23,1,0,0,797,875,-21,847,14,14,68,0,3
1166,9.10937500,-15970078,-5203947,-0.950671457840,3CD1A1E98567B8DB,1,0,0,973,208,-90,86,15,14,27,0,3
1167,9.11718750,-16009759,-5079181,-0.953065855361,30E6C7F635183A23,1,0,0,782,867,-40,849,16,14,68,0,3
1168,9.12500000,-16048463,-4954105,-0.955402082655,3C519DE94548B8D3,1,0,0,965,206,-91,84,17,14,26,0,3
1169,9.13281250,-16086187,-4828726,-0.957679997129,30C6C7F5F5293A23,1,0,0,780,867,-41,850,18,14,68,0,3
1170,9.14062500,-16122930,-4703053,-0.959899459753,3C519DE94549B8D3,1,0,0,965,206,-91,84,19,14,26,0,3
1171,9.14843750,-16158689,-4577093,-0.962060335062,30C6C7F5F52A3A23,1,0,0,780,867,-41,850,20,14,68,0,3
1172,9.15625000,-16193461,-4450853,-0.964162491166,3C519DE9454AB8D3,1,0,0,965,206,-91,84,21,14,26,0,3
1173,9.16406250,-16227245,-4324342,-0.966205799761,30C6C7F5F52B3A23,1,1,0,780,867,-41,850,22,14,68,0,3
1174,9.17187500,-16260038,-4197567,-0.968190136134,3C519DE9454BB8D3,1,0,0,965,206,-91,84,23,14,26,0,3
1175,9.17968750,-16291839,-4070535,-0.970115379172,30C6C7F5F52C3A23,1,0,0,780,867,-41,850,24,14,68,0,3
1176,9.18750000,-16322646,-3943255,-0.971981411366,3C519DE9454CB8D3,1,0,0,965,206,-91,84,25,14,26,0,3
1177,9.19531250,-16352456,-3815734,-0.973788118826,30C6C7F5F52D3A23,1,0,0,780,867,-41,850,26,14,68,0,3
1178,9.20312500,-16381268,-3687980,-0.975535391277,3C519DE9454DB8D3,1,0,0,965,206,-91,84,27,14,26,0,3
1179,9.21093750,-16409081,-3560001,-0.977223122077,30C6C7F5F52E3A23,1,0,0,780,867,-41,850,28,14,68,0,3
1180,9.21875000,-16435892,-3431805,-0.978851208214,3C519DE9454EB8D3,1,0,0,965,206,-91,84,29,14,26,0,3
1181,9.22656250,-16461700,-3303400,-0.980419550318,30C6C7F5F52F3E2B,1,0,0,780,867,-41,850,30,15,69,0,3
1182,9.23437500,-16486503,-3174793,-0.981928052666,3C519DE9454FBCDB,1,0,0,965,206,-91,84,31,15,27,0,3
1183,9.24218750,-16510300,-3045992,-0.983376623187,3C5E65E945403CDF,1,0,0,965,1842,-91,84,0,15,27,1,3
1184,9.25000000,-16533089,-2917005,-0.984765173467,4585C82901F0BF07,0,0,0,1112,740,164,31,1,15,96,1,3
1185,9.25781250,-16554869,-2787840,-0.986093618757,371A8202C9B13DD7,1,0,0,881,1345,11,155,2,15,58,1,3
1186,9.26562500,-16575639,-2658505,-0.987361877975,405E0C11BEF1BCF7,1,0,0,1029,1798,70,1007,3,15,30,1,3
1187,9.27343750,-16595397,-2529008,-0.988569873713,4E912C05CA423C2F,0,0,0,1257,150,23,164,4,15,5,1,3
1188,9.28125000,-16614142,-2399356,-0.989717532241,363701F732B2BEBF,1,0,0,867,896,-36,811,5,15,87,1,3
1189,9.28906250,-16631873,-2269558,-0.990804783512,3D49ADEDC5333E0F,1,0,0,980,1238,-73,83,6,15,65,1,3
1190,9.29687500,-16648589,-2139621,-0.991831561166,3E462C163D43BEEF,1,0,0,996,790,88,980,7,15,93,1,3
1191,9.30468750,-16664289,-2009554,-0.992797802533,4151C9E583043C07,0,0,0,1045,228,-106,48,8,15,0,1,3
1192,9.31250000,-16678972,-1879364,-0.993703448640,3176D3FAB4D4BEC7,1,0,0,791,873,-22,845,9,15,88,1,3
1193,9.32031250,-16692637,-1749060,-0.994548444210,3CA9A1E945753E17,1,0,0,970,1232,-91,87,10,15,66,1,3
1194,9.32812500,-16705283,-1618649,-0.995332737669,3DE628163D25BEEF,1,0,0,990,788,88,978,11,15,93,1,3
1195,9.33593750,-16716909,-1488139,-0.996056281148,4131C9E543063C07,0,0,0,1043,228,-107,48,12,15,0,1,3
1196,9.34375000,-16727515,-1357538,-0.996719030485,316ED3FAB4E6BCC7,1,0,0,790,1897,-22,846,13,15,24,1,3
1197,9.35156250,-16737100,-1226854,-0.997320945230,49A902094D773E37,0,0,0,1178,1153,37,215,14,15,70,1,3
1198,9.35937500,-16745663,-1096095,-0.997861988645,42CE54123AE7BCE7,0,0,0,1068,1834,72,942,15,15,28,1,3
1199,9.36718750,-16753204,-965270,-0.998342127707,4EB9360A0AC83E2F,0,0,0,1259,1179,40,172,16,15,69,1,3
1200,9.37500000,-16759723,-834386,-0.998761333111,43966416BAD8BEDF,0,0,0,1081,818,90,941,17,15,91,1,3
1201,9.38281250,-16765219,-703451,-0.999119579272,4241D9EA02E93C07,0,0,0,1060,236,-88,46,18,15,0,1,3
1202,9.39062500,-16769691,-572473,-0.999416844323,31F6D7FAF4F9BEC7,1,0,0,799,875,-21,847,19,15,88,1,3
1203,9.39843750,-16773140,-441460,-0.999653110121,3CD1A3E9856A3C0F,0,0,0,973,209,-90,86,20,15,1,1,3
1204,9.40625000,-16775565,-310420,-0.999828362245,30F6C7F6351ABEC7,1,0,0,783,867,-40,849,21,15,88,1,3
1205,9.41406250,-16776966,-179361,-0.999942590000,3C499DE9454B3E17,1,0,0,964,1230,-91,84,22,15,66,1,3
1206,9.42187500,-16777343,-48291,-0.999995786412,3DBE2815FD3BC0F7,1,0,0,987,1812,87,979,23,16,30,1,3
1207,9.42968750,-16776696,82782,-0.999987948236,4E112A054B1C4037,0,0,0,1249,149,21,177,24,16,6,1,3
1208,9.43750000,-16775025,213850,-0.999919075950,364EFFF6B2ACC0C7,1,0,0,868,1919,-38,810,25,16,24,1,3
1209,9.44531250,-16772330,344905,-0.999789173758,4A310E0E0D3D403F,0,0,0,1187,135,56,211,26,16,7,1,3
1210,9.45312500,-16768612,475939,-0.999598249587,362EF7F2330DC0C7,1,0,0,866,1915,-56,816,27,16,24,1,3
1211,9.46093750,-16763870,606944,-0.999346315091,4A090A0E4CFE423F,0,0,0,1184,1157,57,207,28,16,71,1,3
1212,9.46875000,-16758105,737912,-0.999033385647,430E58123B1EC0EF,0,0,0,1072,1836,72,945,29,16,29,1,3
1213,9.47656250,-16751317,868835,-0.998659480354,4ED9360A4ACF4237,0,0,0,1261,1179,41,172,30,16,70,1,3
1214,9.48437500,-16743507,999705,-0.998224622034,43AE6416FADFC0E7,0,0,0,1082,1842,91,941,31,16,28,1,3
1215,9.49218750,-16734675,1130514,-0.997728837228,43A19C16FAD040E3,0,0,0,1082,206,91,941,0,16,28,0,3
1216,9.50000000,-16724821,1261254,-0.997172156196,3A8239D73E10C10B,1,0,0,936,284,-164,993,1,16,33,0,3
1217,9.50781250,-16713947,1391917,-0.996554612916,3BFE1FDD6E514003,1,0,0,959,1807,-139,741,2,16,0,0,3
1218,9.51562500,-16702053,1522495,-0.995876245078,47D12812CB51C0CB,0,0,0,1149,148,75,181,3,16,25,0,3
1219,9.52343750,-16689139,1652980,-0.995137094087,35B6F7F1B3C2423B,1,0,0,859,891,-58,828,4,16,71,0,3
1220,9.53125000,-16675206,1783364,-0.994337205058,3D11A7ED84E2C0EB,1,0,0,977,211,-74,78,5,16,29,0,3
1221,9.53906250,-16660256,1913639,-0.993476626810,3126CBF635434233,1,0,0,786,869,-40,852,6,16,70,0,3
1222,9.54687500,-16644289,2043797,-0.992555411869,3C699DE94543C2E3,1,0,0,966,1230,-91,84,7,16,92,0,3
1223,9.55468750,-16627306,2173831,-0.991573616462,3DC628163D24420B,1,0,0,988,788,88,978,8,16,65,0,3
1224,9.56250000,-16609308,2303732,-0.990531300512,4129C9E54314C2F3,1,0,0,1042,1252,-107,49,9,16,94,0,3
1225,9.57031250,-16590296,2433492,-0.989428527637,3E5E321ABCE5400B,0,0,0,997,1817,106,974,10,16,1,0,3
1226,9.57812500,-16570272,2563104,-0.988265365144,4E792E054B35C2CB,0,0,0,1255,1175,21,179,11,16,89,0,3
1227,9.58593750,-16549236,2692559,-0.987041884027,43566016FA96421B,1,0,0,1077,816,91,937,12,16,67,0,3
1228,9.59375000,-16527190,2821850,-0.985758158961,4229D9EA02E6C2F3,1,0,0,1058,1260,-88,46,13,16,94,0,3
1229,9.60156250,-16504136,2950969,-0.984414268298,3EC6381AFD07420B,1,0,0,1004,796,107,976,14,16,65,0,3
1230,9.60937500,-16480074,3079908,-0.983010294062,41C9CDE54327C2F3,1,0,0,1052,1254,-107,50,15,16,94,0,3
1231,9.61718750,-16455006,3208659,-0.981546321943,3E7E341B3CD8400B,0,0,0,999,1818,108,973,16,16,1,0,3
1232,9.62500000,-16428934,3337214,-0.980022441297,4E992E054B38C6D3,0,0,0,1257,1175,21,179,17,17,90,0,3
1233,9.63281250,-16401859,3465565,-0.978438745132,43566016FA994623,1,0,0,1077,816,91,937,18,17,68,0,3
1234,9.64062500,-16373783,3593705,-0.976795330109,4231D9EA02E9C4FB,0,0,0,1059,236,-88,46,19,17,31,0,3
1235,9.64843750,-16344708,3721625,-0.975092296533,31D6D7FAF4FA463B,1,0,0,797,875,-21,847,20,17,71,0,3
1236,9.65625000,-16314635,3849318,-0.973329748350,3CD1A1E9856AC4F3,1,0,0,973,208,-90,86,21,17,30,0,3
1237,9.66406250,-16283566,3976776,-0.971507793135,30E6C7F6351B463B,1,0,0,782,867,-40,849,22,17,71,0,3
1238,9.67187500,-16251504,4103991,-0.969626542092,3C519DE9454BC4EB,1,0,0,965,206,-91,84,23,17,29,0,3
1239,9.67968750,-16218450,4230956,-0.967686110043,30C6C7F5F52C463B,1,0,0,780,867,-41,850,24,17,71,0,3
1240,9.68750000,-16184406,4357663,-0.965686615421,3C519DE9454CC4EB,1,0,0,965,206,-91,84,25,17,29,0,3
1241,9.69531250,-16149374,4484104,-0.963628180266,30C6C7F5F52D463B,1,0,0,780,867,-41,850,26,17,71,0,3
1242,9.70312500,-16113356,4610271,-0.961510930213,3C519DE9454DC4EB,1,0,0,965,206,-91,84,27,17,29,0,3
1243,9.71093750,-16076355,4736157,-0.959334994488,30C6C7F5F52E463B,1,0,0,780,867,-41,850,28,17,71,0,3
1244,9.71875000,-16038373,4861754,-0.957100505900,3C519DE9454EC4EB,1,0,0,965,206,-91,84,29,17,29,0,3
1245,9.72656250,-15999412,4987054,-0.954807600831,30C6C7F5F52F463B,1,0,0,780,867,-41,850,30,17,71,0,3
1246,9.73437500,-15959474,5112049,-0.952456419227,3C699DE9454FC6EB,1,0,0,966,1230,-91,84,31,17,93,0,3
1247,9.74218750,-15918562,5236732,-0.950047104592,3C6665E9454046EF,1,0,0,966,818,-91,84,0,17,93,1,3
1248,9.75000000,-15876678,5361096,-0.947579803978,3866680939F0C6EF,1,0,0,902,820,36,927,1,17,93,1,3
1249,9.75781250,-15833825,5485133,-0.945054667977,3F51B7E6C3F1441F,0,0,0,1013,219,-101,63,2,17,3,1,3
1250,9.76562500,-15790006,5608835,-0.942471850711,3116CDF8F4F1C6D7,1,0,0,785,870,-29,847,3,17,90,1,3
1251,9.77343750,-15745223,5732194,-0.939831509820,3C919FE905624427,1,0,0,969,207,-92,86,4,17,4,1,3
1252,9.78125000,-15699479,5855204,-0.937133806458,30C6C7F63512C6D7,1,0,0,780,867,-40,849,5,17,90,1,3
1253,9.78906250,-15652777,5977856,-0.934378905278,3C699DE945534627,1,0,0,966,1230,-91,85,6,17,68,1,3
1254,9.79687500,-15605120,6100143,-0.931566974426,3DA62815FD23C6FF,1,0,0,986,788,87,978,7,17,95,1,3
1255,9.80468750,-15556510,6222058,-0.928698185528,4149C9E503144617,1,0,0,1044,1252,-108,49,8,17,66,1,3
1256,9.81250000,-15506951,6343593,-0.925772713679,3E3E341AFCE4C4FF,1,0,0,995,1818,107,974,9,17,31,1,3
1257,9.82031250,-15456445,6464741,-0.922790737435,4E912E054B454847,0,0,0,1257,151,21,180,10,18,8,1,3
1258,9.82812500,-15404996,6585494,-0.919752438801,3636FFF6F295CAD7,1,0,0,867,895,-37,809,11,18,90,1,3
1259,9.83593750,-15352607,6705846,-0.916658003218,3D71ADEE05364827,0,0,0,983,214,-72,83,12,18,4,1,3
1260,9.84375000,-15299281,6825788,-0.913507619556,312ECBF63536C8DF,1,1,0,786,1893,-40,851,13,18,27,1,3
1261,9.85156250,-15245021,6945314,-0.910301480096,4988FE098D474A57,0,0,0,1176,1151,38,212,14,18,74,1,3
1262,9.85937500,-15189830,7064416,-0.907039780527,428E54123AE7C8FF,0,0,0,1064,1834,72,942,15,18,31,1,3
1263,9.86718750,-15133712,7183087,-0.903722719924,4EE1360A0AD84847,0,0,0,1262,155,40,173,16,18,8,1,3
1264,9.87500000,-15076670,7301319,-0.900350500744,368F03F6B2C8C8CF,1,0,0,872,1921,-38,812,17,18,25,1,3
1265,9.88281250,-15018708,7419105,-0.896923328811,4A890E0E4D294A4F,0,0,0,1192,1159,57,210,18,18,73,1,3
1266,9.89062500,-14959830,7536439,-0.893441413300,430E58127B09C8FF,0,0,0,1072,1836,73,944,19,18,31,1,3
1267,9.89843750,-14900038,7653313,-0.889904966730,4F01360A4ACA4847,0,0,0,1264,155,41,172,20,18,8,1,3
1268,9.90625000,-14839337,7769720,-0.886314204948,367703F6F2CACACF,1,0,0,871,897,-37,812,21,18,89,1,3
1269,9.91406250,-14777730,7885652,-0.882669347115,3D91ADEE052B4827,0,0,0,985,214,-72,82,22,18,4,1,3
1270,9.92187500,-14715221,8001103,-0.878970615695,3116CBF6353BCADF,1,0,0,785,869,-40,851,23,18,91,1,3
1271,9.92968750,-14651814,8116066,-0.875218236439,3C919DE9454C482F,1,0,0,969,206,-91,84,24,18,5,1,3
1272,9.93750000,-14587513,8230533,-0.871412438372,309EC7F6352CC8DF,1,0,0,777,1891,-40,850,25,18,27,1,3
1273,9.94531250,-14522322,8344498,-0.867553453782,4970FE090D5D4857,0,0,0,1175,127,36,213,26,18,10,1,3
1274,9.95312500,-14456244,8457954,-0.863641518200,3576F3F1F2EDCAD7,1,0,0,855,889,-57,814,27,18,90,1,3
1275,9.96093750,-14389284,8570893,-0.859676870392,3D11A7EDC50E4827,0,0,0,977,211,-73,80,28,18,4,1,3
1276,9.96875000,-14321446,8683309,-0.855659752338,30EECBF5F54EC8DF,1,0,0,782,1893,-41,852,29,18,27,1,3
1277,9.97656250,-14252734,8795195,-0.851590409223,4990FE094D4F4857,0,1,0,1177,127,37,212,30,18,10,1,3
1278,9.98437500,-14183152,8906544,-0.847469089419,356EF3F232EFC8D7,1,0,0,854,1913,-56,814,31,18,26,1,3
1279,9.99218750,-14112704,9017350,-0.843296044470,35610FF232E048D3,1,0,0,854,135,-56,814,0,18,26,0,3
1280,10.00000000,-14041395,9127606,-0.839071529076,33921DD67F20C913,1,0,0,825,270,-167,1010,1,18,34,0,3
1281,10.00781250,-13969229,9237304,-0.834795801082,3A460BD8EEE14A13,1,0,0,932,773,-157,750,2,18,66,0,3
1282,10.01562500,-13896210,9346439,-0.830469121454,3A91C1F1C341CD0B,1,0,0,937,224,-57,52,3,19,33,0,3
1283,10.02343750,-13822343,9455003,-0.826091754271,3066C9F5B6024E4B,1,0,0,774,868,-42,864,4,19,73,0,3
1284,10.03125000,-13747632,9562990,-0.821663966706,3CB199E88532CCFB,1,0,0,971,204,-94,83,5,19,31,0,3
1285,10.03906250,-13672082,9670393,-0.817186029007,307EC7F635134C4B,1,0,0,775,1891,-40,849,6,19,9,0,3
1286,10.04687500,-13595698,9777206,-0.812658214485,4988FC090D63CED3,0,0,0,1176,1150,36,214,7,19,90,0,3
1287,10.05468750,-13518484,9883422,-0.808080799494,424E54123AE44C2B,0,0,0,1060,1834,72,942,8,19,5,0,3
1288,10.06250000,-13440445,9989035,-0.803454063416,4F013409CAD4CCE3,0,0,0,1264,154,39,173,9,19,28,0,3
1289,10.07031250,-13361585,10094038,-0.798778288643,365703F6F2B54E5B,1,1,0,869,897,-37,811,10,19,75,0,3
1290,10.07812500,-13281910,10198425,-0.794053760561,3DB1ADEE0525CD03,1,0,0,987,214,-72,82,11,19,32,0,3
1291,10.08593750,-13201424,10302190,-0.789280767529,30FECDF675364C4B,1,0,0,783,1894,-39,851,12,19,9,0,3
1292,10.09375000,-13120132,10405326,-0.784459600868,49C8FE094D56CED3,0,0,0,1180,1151,37,213,13,19,90,0,3
1293,10.10156250,-13038040,10507827,-0.779590554836,425654123AE74E2B,1,0,0,1061,810,72,942,14,19,69,0,3
1294,10.10937500,-12955152,10609687,-0.774673926614,4229D5E9C2D7CF0B,0,0,0,1058,1258,-89,45,15,19,97,0,3
1295,10.11718750,-12871473,10710899,-0.769710016289,3E6E381AFCF84C23,0,0,0,998,1820,107,975,16,19,4,0,3
1296,10.12500000,-12787008,10811457,-0.764699126832,4EF92E054B38CEE3,0,0,0,1263,1175,21,179,17,19,92,0,3
1297,10.13281250,-12701763,10911356,-0.759641564082,42F660173A894E33,1,0,0,1071,816,92,936,18,19,70,0,3
1298,10.14062500,-12615743,11010589,-0.754537636725,4291D9E9C2F9CD0B,0,1,0,1065,236,-89,47,19,19,33,0,3
1299,10.14843750,-12528953,11109149,-0.749387656281,318ED7FB34EA4C4B,1,0,0,792,1899,-20,846,20,19,9,0,3
1300,10.15625000,-12441398,11207031,-0.744191937076,4A3102094D7ACCDB,0,0,0,1187,129,37,215,21,19,27,0,3
1301,10.16406250,-12353084,11304229,-0.738950796231,356EF5F272CB4C53,1,0,0,854,1914,-55,812,22,19,10,0,3
1302,10.17187500,-12264016,11400737,-0.733664553639,4A51080E0D1BCCDB,0,0,0,1189,132,56,209,23,19,27,0,3
1303,10.17968750,-12174199,11496550,-0.728333531943,3596F9F2330C4E53,1,0,0,857,892,-56,816,24,19,74,0,3
1304,10.18750000,-12083639,11591661,-0.722958056523,3D71A7EDC50CCD03,1,0,0,983,211,-73,80,25,19,32,0,3
1305,10.19531250,-11992342,11686064,-0.717538455469,30BECDF6353D4C4B,1,1,0,779,1894,-40,851,26,19,9,0,3
1306,10.20312500,-11900313,11779754,-0.712075059566,49D0FC094D5DCCD3,0,0,0,1181,126,37,213,27,19,26,0,3
1307,10.21093750,-11807557,11872725,-0.706568202271,3536F5F232DE525B,1,0,0,851,890,-56,813,28,20,75,0,3
1308,10.21875000,-11714081,11964972,-0.701018219696,3D51A7EDC51ED10B,1,0,0,981,211,-73,81,29,20,33,0,3
1309,10.22656250,-11619890,12056488,-0.695425450581,30A6CBF6353F5253,1,0,0,778,869,-40,851,30,20,74,0,3
1310,10.23437500,-11524989,12147268,-0.689790236281,3CE99DE9055FD303,1,0,0,974,1230,-92,85,31,20,96,0,3
1311,10.24218750,-11429385,12237307,-0.684112920741,3CE665E905505307,1,0,0,974,818,-92,85,0,20,96,1,3
1312,10.25000000,-11333083,12326599,-0.678393850474,3806680979E0D307,1,1,0,896,820,37,926,1,20,96,1,3
1313,10.25781250,-11236090,12415139,-0.672633374543,3FB1B7E684015037,0,0,0,1019,219,-102,64,2,20,6,1,3
1314,10.26562500,-11138411,12502921,-0.666831844537,30AECFF8F4E1D0EF,1,0,0,778,1895,-29,846,3,20,29,1,3
1315,10.27343750,-11040052,12589940,-0.660989614553,4A0900090D725267,0,0,0,1184,1152,36,215,4,20,76,1,3
1316,10.28125000,-10941019,12676190,-0.655107041169,422E54127AD2D10F,1,0,0,1058,1834,73,941,5,20,33,1,3
1317,10.28906250,-10841318,12761667,-0.649184483429,4F493409CAE35257,0,0,0,1268,1178,39,174,6,20,74,1,3
1318,10.29687500,-10740956,12846365,-0.643222302813,430E6416FAB3D107,0,1,0,1072,1842,91,939,7,20,32,1,3
1319,10.30468750,-10639938,12930279,-0.637220863224,4FC1380A0AF45057,0,0,0,1276,156,40,175,8,20,10,1,3
1320,10.31250000,-10538271,13013404,-0.631180530957,362F05F732A4D0DF,1,0,0,866,1922,-36,810,9,20,27,1,3
1321,10.32031250,-10435961,13095734,-0.625101674684,4B090C0E0D35525F,0,0,0,1200,1158,56,211,10,20,75,1,3
1322,10.32812500,-10333014,13177265,-0.618984665426,428E5A12BAF5D10F,0,0,0,1064,1837,74,943,11,20,33,1,3
1323,10.33593750,-10229436,13257992,-0.612829876535,4F81360A0AD65057,0,1,0,1272,155,40,173,12,20,10,1,3
1324,10.34375000,-10125234,13337909,-0.606637683667,361705F732B6D2DF,1,0,0,865,898,-36,811,13,20,91,1,3
1325,10.35156250,-10020414,13417012,-0.600408464761,3E09ABEDC5375237,1,0,0,992,1237,-73,83,14,20,70,1,3
1326,10.35937500,-9914982,13495296,-0.594142600018,3D9E2E16BD27D117,1,0,0,985,1815,90,978,15,20,34,1,3
1327,10.36718750,-9808945,13572757,-0.587840471872,4EF12A054B285057,0,0,0,1263,149,21,178,16,20,10,1,3
1328,10.37500000,-9702309,13649389,-0.581502464974,35AF01F6F288D0E7,1,1,0,858,1920,-37,808,17,20,28,1,3
1329,10.38281250,-9595081,13725188,-0.575128966162,4AE90C0DCD49525F,0,0,0,1198,1158,55,212,18,20,75,1,3
1330,10.39062500,-9487267,13800150,-0.568720364443,42765A127AF9D30F,0,0,0,1063,813,73,943,19,20,97,1,3
1331,10.39843750,-9378874,13874269,-0.562277050964,42A1D5E9C2DA502F,0,0,0,1066,234,-89,45,20,20,5,1,3
1332,10.40625000,-9269909,13947541,-0.555799418992,3116D9FB34EAD6F7,1,1,0,785,876,-20,846,21,21,94,1,3
1333,10.41406250,-9160378,14019962,-0.549287863888,3D899FE9058B5647,1,0,0,984,1231,-92,88,22,21,72,1,3
1334,10.42187500,-9050288,14091527,-0.542742783084,3D262A16BD0BD71F,1,0,0,978,789,90,976,23,21,99,1,3
1335,10.42968750,-8939646,14162232,-0.536164576057,41F1C9E4C32C5437,0,0,0,1055,228,-109,50,24,21,6,1,3
1336,10.43750000,-8828458,14232073,-0.529553644309,30AED3FB34CCD4F7,1,0,0,778,1897,-20,844,25,21,30,1,3
1337,10.44531250,-8716731,14301045,-0.522910391336,4A6900090D9D566F,0,1,0,1190,1152,36,217,26,21,77,1,3
1338,10.45312500,-8604472,14369144,-0.516235222607,41F656127ACDD717,0,0,0,1055,811,73,940,27,21,98,1,3
1339,10.46093750,-8491688,14436366,-0.509528545541,4299D3E982EE5637,1,0,0,1065,1257,-90,46,28,21,70,1,3
1340,10.46875000,-8378386,14502707,-0.502790769479,3DE6381B3CEED71F,1,0,0,990,796,108,974,29,21,99,1,3
1341,10.47656250,-8264572,14568163,-0.496022305660,4271CDE5034F5437,0,1,0,1063,230,-108,52,30,21,6,1,3
1342,10.48437500,-8150254,14632730,-0.489223567196,30B6D5FB34BFD6F7,1,0,0,779,874,-20,843,31,21,94,1,3
1343,10.49218750,-8035438,14696404,-0.482394969048,30B92DFB34B056F3,1,0,0,779,1174,-20,843,0,21,94,0,3
1344,10.50000000,-7920132,14759181,-0.475536927996,415171F247F0D503,1,0,0,1045,184,-55,127,1,21,32,0,3
1345,10.50781250,-7804342,14821057,-0.468649862621,317ED5F53441545B,1,1,0,791,1898,-44,836,2,21,11,0,3
1346,10.51562500,-7688076,14882028,-0.461734193275,4A51000A4D61D4EB,0,0,0,1189,128,41,214,3,21,29,0,3
1347,10.52343750,-7571341,14942091,-0.454790342053,34EEF5F272D25463,1,0,0,846,1914,-55,813,4,21,12,0,3
1348,10.53125000,-7454144,15001242,-0.447818732772,4AC9080D8D22D6EB,0,1,0,1196,1156,54,210,5,21,93,0,3
1349,10.53906250,-7336492,15059478,-0.440819790945,42165A127AF3563B,1,0,0,1057,813,73,943,6,21,71,0,3
1350,10.54687500,-7218392,15116794,-0.433793943749,42D1D3E9C2E3D51B,0,0,0,1069,233,-89,46,7,21,35,0,3
1351,10.55468750,-7099851,15173188,-0.426741620007,30EED9FB34D4545B,1,0,0,782,1900,-20,845,8,21,11,0,3
1352,10.56250000,-6980877,15228656,-0.419663250156,4AB100090D94D4EB,0,1,0,1195,128,36,217,9,21,29,0,3
1353,10.57031250,-6861477,15283194,-0.412559266223,34EEF5F2B2B55463,1,0,0,846,1914,-54,811,10,21,12,0,3
1354,10.57812500,-6741658,15336799,-0.405430101799,4AE9080DCD35D6EB,0,0,0,1198,1156,55,211,11,21,93,0,3
1355,10.58593750,-6621428,15389468,-0.398276192011,420E5A127AE6543B,0,1,0,1056,1837,73,942,12,21,7,0,3
1356,10.59375000,-6500794,15441198,-0.391097973497,4FD93409CAE6D6F3,0,0,0,1277,1178,39,174,13,21,94,0,3
1357,10.60156250,-6379763,15491985,-0.383895884379,42AE66173AA7584B,0,0,0,1066,1843,92,938,14,22,9,0,3
1358,10.60937500,-6258342,15541827,-0.376670364234,50393809CB17DAFB,0,1,0,1283,1180,39,177,15,22,95,0,3
1359,10.61718750,-6136539,15590720,-0.369421854072,42B666177A985A4B,1,0,0,1067,819,93,937,16,22,73,0,3
1360,10.62500000,-6014362,15638662,-0.362150796304,4351D7E9C308D923,0,0,0,1077,235,-89,48,17,22,36,0,3
1361,10.63281250,-5891818,15685649,-0.354857634719,30EED9FB74C95863,1,0,0,782,1900,-19,844,18,22,12,0,3
1362,10.64062500,-5768914,15731679,-0.347542814452,4AD100090D99D8F3,0,1,0,1197,128,36,217,19,22,30,0,3
1363,10.64843750,-5645658,15776749,-0.340206781963,34B6F5F2B2BA5A6B,1,0,0,843,890,-54,811,20,22,77,0,3
1364,10.65625000,-5522058,15820856,-0.332849985005,3E09A7ED853ADB1B,1,0,0,992,1235,-74,83,21,22,99,0,3
1365,10.66406250,-5398121,15863997,-0.325472872600,3D062E167D2B5A3B,1,1,0,976,791,89,978,22,22,71,0,3
1366,10.67187500,-5273854,15906170,-0.318075895008,4269C7E4C33BDB23,0,0,0,1062,1251,-109,51,23,22,100,0,3
1367,10.67968750,-5149265,15947372,-0.310659503703,3D4E361B7CBC583B,1,1,0,980,1819,109,971,24,22,7,0,3
1368,10.68750000,-5024362,15987601,-0.303224151344,4FA92C04CB6CDAFB,0,0,0,1274,1174,19,182,25,22,95,0,3
1369,10.69531250,-4899152,16026854,-0.295770291745,423662177A6D5A4B,1,0,0,1059,817,93,934,26,22,73,0,3
1370,10.70312500,-4773643,16065129,-0.288298379851,4351D7E9831DD923,0,1,0,1077,235,-90,49,27,22,36,0,3
1371,10.71093750,-4647843,16102423,-0.280808871711,30CED9FB74CE5863,1,0,0,780,1900,-19,844,28,22,12,0,3
1372,10.71875000,-4521759,16138734,-0.273302224444,4AF100090D9ED8F3,0,0,0,1199,128,36,217,29,22,30,0,3
1373,10.72656250,-4395399,16174060,-0.265778896219,34AEF5F2B2AF586B,1,1,0,842,1914,-54,810,30,22,13,0,3
1374,10.73437500,-4268771,16208399,-0.258239346219,4B11080D8D3FD8F3,0,0,0,1201,132,54,211,31,22,30,0,3
1375,10.74218750,-4141882,16241749,-0.250684034621,4B1EF80D8D3058F7,0,0,0,1201,1916,54,211,0,22,30,1,3
1376,10.75000000,-4014741,16274107,-0.243113422561,4B55E42A40D0DB37,0,1,0,1205,754,169,13,1,22,102,1,3
1377,10.75781250,-3887354,16305472,-0.235527972111,39C292068941580F,1,0,0,924,329,26,148,2,22,1,1,3
1378,10.76562500,-3759730,16335842,-0.227928146248,32A6B5F2F6D1DB07,1,1,0,810,858,-53,877,3,22,96,1,3
1379,10.77343750,-3631877,16365215,-0.220314408825,3E319DE944B2584F,0,0,0,995,206,-91,75,4,22,9,1,3
1380,10.78125000,-3503802,16393589,-0.212687224546,2F8ECDF734F2D8FF,1,0,0,760,1894,-36,847,5,22,31,1,3
1381,10.78906250,-3375513,16420962,-0.205047058936,4A90FC08CD935877,0,1,0,1193,126,35,217,6,22,14,1,3
1382,10.79687500,-3247018,16447333,-0.197394378309,346EF5F272B3DCFF,1,0,0,838,1914,-55,811,7,23,31,1,3
1383,10.80468750,-3118325,16472700,-0.189729649748,4B29060D8D345E77,0,1,0,1202,1155,54,211,8,23,78,1,3
1384,10.81250000,-2989442,16497062,-0.182053341066,41B65A12BAE4DF27,0,0,0,1051,813,74,942,9,23,100,1,3
1385,10.82031250,-2860376,16520417,-0.174365920787,4341D3E982F55C47,0,0,0,1076,233,-90,47,10,23,8,1,3
1386,10.82812500,-2731136,16542764,-0.166667858110,3076D9FB74C5DF07,1,1,0,775,876,-19,844,11,23,96,1,3
1387,10.83593750,-2601729,16564101,-0.158959622887,3E299FE8C5A65E57,1,0,0,994,1231,-93,90,12,23,74,1,3
1388,10.84375000,-2472163,16584427,-0.151241685588,3C9E2A16FCE6DD2F,1,1,0,969,1813,91,974,13,23,37,1,3
1389,10.85156250,-2342446,16603741,-0.143514517275,4F912804CB475C6F,0,0,0,1273,148,19,180,14,23,13,1,3
1390,10.85937500,-2212586,16622041,-0.135778589576,34EF01F77267DCFF,1,1,0,846,1920,-35,806,15,23,31,1,3
1391,10.86718750,-2082591,16639327,-0.128034374652,4BA90A0D8D685E77,0,0,0,1210,1157,54,214,16,23,78,1,3
1392,10.87500000,-1952469,16655597,-0.120282345170,41B65A12FAD8DF27,0,0,0,1051,813,75,941,17,23,100,1,3
1393,10.88281250,-1822228,16670851,-0.112522974273,4361D3E982F95C47,0,1,0,1078,233,-90,47,18,23,8,1,3
1394,10.89062500,-1691876,16685087,-0.104756735554,306ED9FB74C9DD07,1,0,0,774,1900,-19,844,19,23,32,1,3
1395,10.89843750,-1561420,16698305,-0.096984103024,4B310008CDAA5C7F,0,1,0,1203,128,35,218,20,23,15,1,3
1396,10.90625000,-1430869,16710504,-0.089205551083,3456F7F2F2AADEFF,1,0,0,837,891,-53,810,21,23,95,1,3
1397,10.91406250,-1300231,16721683,-0.081421554496,3E71A7ED454B5C4F,0,1,0,999,211,-75,84,22,23,9,1,3
1398,10.92187500,-1169513,16731841,-0.073632588357,2FAECDF6B50BDD07,1,0,0,762,1894,-38,848,23,23,32,1,3
1399,10.92968750,-1038724,16740978,-0.065839128064,4AD0FC08CD8C5C7F,0,1,0,1197,126,35,216,24,23,15,1,3
1400,10.93750000,-907872,16749093,-0.058041649290,342EF5F2B2ACDCFF,1,0,0,834,1914,-54,810,25,23,31,1,3
1401,10.94531250,-776964,16756186,-0.050240627953,4B69060D4D4D5E77,0,1,0,1206,1155,53,212,26,23,78,1,3
1402,10.95312500,-646009,16762256,-0.042436540187,416E5A12BADDDD27,1,0,0,1046,1837,74,941,27,23,36,1,3
1403,10.96093750,-515014,16767303,-0.034629862313,506932098B0E5E6F,0,1,0,1286,1177,38,176,28,23,77,1,3
1404,10.96875000,-383988,16771327,-0.026821070811,421668177A8EDF1F,0,0,0,1057,820,93,936,29,23,99,1,3
1405,10.97656250,-252939,16774327,-0.019010642289,43E1D7E9832F5C47,0,1,0,1086,235,-90,50,30,23,8,1,3
1406,10.98437500,-121874,16776303,-0.011199053456,3056DBFBB4BFDF07,1,0,0,773,877,-18,843,31,23,96,1,3
1407,10.99218750,9198,16777255,-0.003386781090,305927FBB4B0630B,1,1,0,773,1171,-18,843,0,24,97,0,3
1408,11.00000000,140270,16777183,0.004425697988,423171F207F0E11B,1,0,0,1059,184,-56,127,1,24,35,0,3
1409,11.00781250,271333,16776087,0.012237906944,30DED7F5B4316073,1,1,0,781,1899,-42,835,2,24,14,0,3
1410,11.01562500,402380,16773967,0.020049368961,4B08FE0A0D71E2FB,0,0,0,1200,1151,40,215,3,24,95,0,3
1411,11.02343750,533402,16770823,0.027859607268,412E5812BAB26053,0,1,0,1042,1836,74,939,4,24,10,0,3
1412,11.03125000,664392,16766656,0.035668145168,505932094B02E30B,0,0,0,1285,1177,37,176,5,24,97,0,3
1413,11.03906250,795341,16761465,0.043474506069,421666177A83625B,1,1,0,1057,819,93,936,6,24,75,0,3
1414,11.04687500,926241,16755251,0.051278213510,43C9D7E98323E333,0,0,0,1084,1259,-90,50,7,24,102,0,3
1415,11.05468750,1057085,16748015,0.059078791192,3D6E3A1BBCC4604B,1,1,0,982,1821,110,972,8,24,9,0,3
1416,11.06250000,1187864,16739757,0.066875763010,50292C04CB64E30B,0,0,0,1282,1174,19,182,9,24,97,0,3
1417,11.07031250,1318571,16730477,0.074668653076,41EE6417BA55605B,0,1,0,1054,1842,94,933,10,24,11,0,3
1418,11.07812500,1449197,16720176,0.082456985753,509938098B35E30B,0,0,0,1289,1180,38,179,11,24,97,0,3
1419,11.08593750,1579735,16708854,0.090240285680,42566617BA86625B,1,1,0,1061,819,94,936,12,24,75,0,3
1420,11.09375000,1710177,16696512,0.098018077805,43C9D7E98316E333,0,0,0,1084,1259,-90,49,13,24,102,0,3
1421,11.10156250,1840514,16683151,0.105789887411,3D763A1BBCC7624B,1,1,0,983,797,110,972,14,24,73,0,3
1422,11.10937500,1970739,16668772,0.113555240148,4311CBE4C367E133,1,0,0,1073,229,-109,54,15,24,38,0,3
1423,11.11718750,2100844,16653376,0.121313662059,3026D5FB74986273,1,1,0,770,874,-19,841,16,24,78,0,3
1424,11.12500000,2230820,16636963,0.129064679609,3E119FE8C5A8E123,1,1,0,993,207,-93,90,17,24,36,0,3
1425,11.13281250,2360660,16619535,0.136807819716,2F86C9F6B4E96273,1,0,0,760,868,-38,846,18,24,78,0,3
1426,11.14062500,2490356,16601092,0.144542609779,3DA99BE88589E323,1,1,0,986,1229,-94,88,19,24,100,0,3
1427,11.14843750,2619900,16581636,0.152268577706,3C662A16BCFA624B,1,0,0,966,789,90,975,20,24,73,0,3
1428,11.15625000,2749284,16561168,0.159985251944,4289C7E4834AE333,0,1,0,1064,1251,-110,52,21,24,102,0,3
1429,11.16406250,2878500,16539689,0.167692161507,3CF6361B7CAB624B,1,0,0,975,795,109,970,22,24,73,0,3
1430,11.17187500,3007541,16517201,0.175388836005,42D1CBE4837BE133,1,1,0,1069,229,-110,55,23,24,38,0,3
1431,11.17968750,3136398,16493705,0.183074805672,303ED5FB749C6073,1,1,0,771,1898,-19,841,24,24,14,0,3
1432,11.18750000,3265064,16469202,0.190749601396,4AF10008CDBCE103,0,0,0,1199,128,35,219,25,24,32,0,3
1433,11.19531250,3393530,16443694,0.198412754748,348EF5F2B2AD6483,1,1,0,840,1914,-54,810,26,25,16,0,3
1434,11.20312500,3521789,16417182,0.206063798008,4B11080D8D3DE50B,0,0,0,1201,132,54,211,27,25,33,0,3
1435,11.21093750,3649833,16389668,0.213702264196,34CEF9F272EE6483,1,1,0,844,1916,-55,814,28,25,16,0,3
1436,11.21875000,3777655,16361154,0.221327687099,4B31060D8D3EE50B,0,1,0,1203,131,54,211,29,25,33,0,3
1437,11.22656250,3905246,16331641,0.228939601301,34CEF9F272DF6483,1,0,0,844,1916,-55,813,30,25,16,0,3
1438,11.23437500,4032599,16301131,0.236537542210,4B31080D8D3FE50B,0,1,0,1203,132,54,211,31,25,33,0,3
1439,11.24218750,4159705,16269626,0.244121046086,4B3EF80D8D30650F,0,1,0,1203,1916,54,211,0,25,33,1,3
1440,11.25000000,4286558,16237128,0.251689650072,4B75E42A40D0E74F,0,0,0,1207,754,169,13,1,25,105,1,3
1441,11.25781250,4413149,16203639,0.259242892219,39BA9206C9416627,1,1,0,923,1353,27,148,2,25,68,1,3
1442,11.26562500,4539471,16169161,0.266780311515,3FA61612FEE1E747,1,0,0,1018,779,75,1006,3,25,104,1,3
1443,11.27343750,4665516,16133696,0.274301447917,42F1C9E542726457,0,1,0,1071,228,-107,39,4,25,10,1,3
1444,11.28125000,4791276,16097247,0.281805842372,304ED9FBF4B2E517,1,1,0,772,1900,-17,843,5,25,34,1,3
1445,11.28906250,4916743,16059815,0.289293036851,4AD10008CDB3648F,0,0,0,1197,128,35,219,6,25,17,1,3
1446,11.29687500,5041910,16021403,0.296762574374,34AEF5F2B2A3E50F,1,1,0,842,1914,-54,810,7,25,33,1,3
1447,11.30468750,5166769,15982013,0.304213999039,4AF1080D8D346487,0,1,0,1199,132,54,211,8,25,16,1,3
1448,11.31250000,5291313,15941648,0.311646856050,34F6F9F272E4E70F,1,0,0,847,892,-55,814,9,25,97,1,3
1449,11.32031250,5415534,15900310,0.319060691743,3E11A7ED8525645F,1,1,0,993,211,-74,82,10,25,11,1,3
1450,11.32812500,5539425,15858001,0.326455053615,301ECDF67525E517,1,1,0,769,1894,-39,850,11,25,34,1,3
1451,11.33593750,5662978,15814724,0.333829490354,4A70FC090D76648F,0,0,0,1191,126,36,215,12,25,17,1,3
1452,11.34375000,5786185,15770482,0.341183551862,34AEF5F272B6E50F,1,1,0,842,1914,-55,811,13,25,33,1,3
1453,11.35156250,5909039,15725277,0.348516789283,4AE9080D8D376687,0,1,0,1198,1156,54,211,14,25,80,1,3
1454,11.35937500,6031532,15679113,0.355828755037,41F65A127AE7E737,0,0,0,1055,813,73,942,15,25,102,1,3
1455,11.36718750,6153657,15631992,0.363119002837,42F9D3E982E86657,1,1,0,1071,1257,-90,46,16,25,74,1,3
1456,11.37500000,6275406,15583917,0.370387087725,3DC63A1B7CD8E73F,1,1,0,988,797,109,973,17,25,103,1,3
1457,11.38281250,6396772,15534890,0.377632566094,42A9CBE503596657,1,0,0,1066,1253,-108,53,18,25,74,1,3
1458,11.39062500,6517748,15484915,0.384854995717,3D86361B7CA9EB47,1,1,0,984,795,109,970,19,26,104,1,3
1459,11.39843750,6638326,15433995,0.392053935776,4289CDE4C36A6A5F,1,1,0,1064,1254,-109,54,20,26,75,1,3
1460,11.40625000,6758499,15382133,0.399228946882,3D86341B7CBAEB47,1,1,0,984,794,109,971,21,26,104,1,3
1461,11.41406250,6878259,15329332,0.406379591112,4271CDE4C35B685F,0,0,0,1063,230,-109,53,22,26,11,1,3
1462,11.42187500,6997600,15275596,0.413505432026,3096D5FB34ABEB1F,1,1,0,777,874,-20,842,23,26,99,1,3
1463,11.42968750,7116513,15220927,0.420606034699,3D919FE8C59C686F,1,1,0,985,207,-93,89,24,26,13,1,3
1464,11.43750000,7234992,15165329,0.427680965748,2FFEC9F674FCE91F,1,0,0,767,1892,-39,847,25,26,35,1,3
1465,11.44531250,7353030,15108806,0.434729793356,4A28FC090D7D6A97,0,1,0,1186,1150,36,215,26,26,82,1,3
1466,11.45312500,7470619,15051360,0.441752087297,41CE56127ACDE93F,1,1,0,1052,1835,73,940,27,26,39,1,3
1467,11.46093750,7587752,14992996,0.448747418968,4F9134098AFE6887,0,1,0,1273,154,38,175,28,26,16,1,3
1468,11.46875000,7704422,14933717,0.455715361409,35CF05F732AEE90F,1,0,0,860,1922,-36,810,29,26,33,1,3
1469,11.47656250,7820621,14873526,0.462655489334,4B490C0DCD4F6A8F,0,1,0,1204,1158,55,212,30,26,81,1,3
1470,11.48437500,7936343,14812427,0.469567379152,42565A12BAEFEB3F,0,1,0,1061,813,74,942,31,26,103,1,3
1471,11.49218750,8051581,14750424,0.476450608997,4259A612BAE06B3B,0,0,0,1061,1235,74,942,0,26,103,0,3
1472,11.50000000,8166327,14687521,0.483304758753,481993F70620EB33,0,1,0,1153,1225,-36,98,1,26,102,0,3
1473,11.50781250,8280575,14623722,0.490129410078,3FF64C19BBF16A63,1,1,0,1023,806,102,959,2,26,76,0,3
1474,11.51562500,8394317,14559030,0.496924146429,42B1D1E70331E943,1,1,0,1067,232,-100,51,3,26,40,0,3
1475,11.52343750,8507547,14493449,0.503688553092,30FED7FB34C26883,1,0,0,783,1899,-20,844,4,26,16,0,3
1476,11.53125000,8620258,14426984,0.510422217202,4A7100090D92E913,0,1,0,1191,128,36,217,5,26,34,0,3
1477,11.53906250,8732443,14359638,0.517124727770,350EF5F272B3688B,1,1,0,848,1914,-55,811,6,26,17,0,3
1478,11.54687500,8844095,14291416,0.523795675711,4AA9080DCD23EB13,0,1,0,1194,1156,55,210,7,26,98,0,3
1479,11.55468750,8955207,14222322,0.530434653863,424E5A127AF46863,0,1,0,1060,1837,73,943,8,26,12,0,3
1480,11.56250000,9065772,14152359,0.537041257018,4F993409CAE4EB1B,0,0,0,1273,1178,39,174,9,26,99,0,3
1481,11.57031250,9175784,14081533,0.543615081942,42EE66173AA5686B,0,1,0,1070,1843,92,938,10,26,13,0,3
1482,11.57812500,9285236,14009847,0.550155727404,4FF9380A0B05EB1B,0,1,0,1279,1180,40,176,11,26,99,0,3
1483,11.58593750,9394121,13937306,0.556662794196,431666177AA66E73,1,1,0,1073,819,93,938,12,27,78,0,3
1484,11.59375000,9502433,13863914,0.563135885160,4309D9E9C2F6EF4B,0,0,0,1072,1260,-89,47,13,27,105,0,3
1485,11.60156250,9610165,13789676,0.569574605212,3E363A1B7CE76E63,1,1,0,995,797,109,974,14,27,76,0,3
1486,11.60937500,9717310,13714597,0.575978561366,4269CDE50347EF4B,0,1,0,1062,1254,-108,52,15,27,105,0,3
1487,11.61718750,9823862,13638681,0.582347362757,3DD6341B7CB86E63,1,1,0,989,794,109,971,16,27,76,0,3
1488,11.62500000,9929815,13561932,0.588680620666,4249CDE50358EF4B,0,1,0,1060,1254,-108,53,17,27,105,0,3
1489,11.63281250,10035162,13484355,0.594977948545,3DEE341B3CB96C63,1,0,0,990,1818,108,971,18,27,12,0,3
1490,11.64062500,10139896,13405955,0.601238962037,4F292E050B59EF23,0,1,0,1266,1175,20,181,19,27,100,0,3
1491,11.64843750,10244011,13326737,0.607463279001,42CE60173A8A6C73,0,1,0,1068,1840,92,936,20,27,14,0,3
1492,11.65625000,10347501,13246706,0.613650519537,4FB93A09CB0AEF23,0,1,0,1275,1181,39,176,21,27,100,0,3
1493,11.66406250,10450359,13165866,0.619800306009,432E64173AAB6C73,0,1,0,1074,1842,92,938,22,27,14,0,3
1494,11.67187500,10552579,13084223,0.625912263064,4FD93A0A0AFBEF23,0,0,0,1277,1181,40,175,23,27,100,0,3
1495,11.67968750,10654155,13001781,0.631986017661,433666177AAC6E73,1,1,0,1075,819,93,938,24,27,78,0,3
1496,11.68750000,10755081,12918545,0.638021199089,42E9D9EA02FCEF4B,0,1,0,1070,1260,-88,47,25,27,105,0,3
1497,11.69531250,10855351,12834521,0.644017438992,3E563A1B7CED6E63,1,1,0,997,797,109,974,26,27,76,0,3
1498,11.70312500,10954958,12749714,0.649974371389,4249CDE5434DEF4B,0,1,0,1060,1254,-107,52,27,27,105,0,3
1499,11.71093750,11053897,12664128,0.655891632701,3DF6341B3CCE6E63,1,1,0,991,794,108,972,28,27,76,0,3
1500,11.71875000,11152161,12577769,0.661768861768,4211CDE5034EED4B,1,0,0,1057,230,-108,52,29,27,41,0,3
1501,11.72656250,11249744,12490643,0.667605699875,3106D3FB34BF6E8B,1,1,0,784,873,-20,843,30,27,81,0,3
1502,11.73437500,11346641,12402754,0.673401790770,3D31A1E9058FED43,1,1,0,979,208,-92,88,31,27,40,0,3
1503,11.74218750,11442845,12314108,0.679156780692,3D3E61E905806D47,1,1,0,979,1840,-92,88,0,27,40,1,3
1504,11.75000000,11538351,12224711,0.684870318384,451DCA2941C0ED67,0,1,0,1105,1765,165,28,1,27,44,1,3
1505,11.75781250,11633152,12134568,0.690542055121,4499E222D1D16E5F,1,1,0,1097,1265,139,285,2,27,75,1,3
1506,11.76562500,11727243,12043684,0.696171644731,44C63A0DBCA1EF4F,0,0,0,1100,797,54,970,3,27,105,1,3
1507,11.77343750,11820619,11952065,0.701758743612,42B9D5EA42026E67,1,1,0,1067,1258,-87,32,4,27,76,1,3
1508,11.78125000,11913273,11859716,0.707303010756,3E3E3C1BBD02F157,1,1,0,995,1822,110,976,5,28,42,1,3
1509,11.78906250,12005200,11766644,0.712804107769,4F292E054B437297,0,1,0,1266,1175,21,180,6,28,82,1,3
1510,11.79687500,12096394,11672853,0.718261698895,42F660173A83F34F,0,1,0,1071,816,92,936,7,28,105,1,3
1511,11.80468750,12186850,11578350,0.723675451027,4299D9E9C2F4726F,1,1,0,1065,1260,-89,47,8,28,77,1,3
1512,11.81250000,12276562,11483140,0.729045033741,3E7E381B3CF4F157,1,1,0,999,1820,108,975,9,28,42,1,3
1513,11.82031250,12365525,11387229,0.734370119303,4F112E054B357097,0,0,0,1265,151,21,179,10,28,18,1,3
1514,11.82812500,12453733,11290623,0.739650382698,360F01F73285F127,1,1,0,864,1920,-36,808,11,28,36,1,3
1515,11.83593750,12541181,11193328,0.744885501646,4AB10E0E0D46709F,0,1,0,1195,135,56,212,12,28,19,1,3
1516,11.84375000,12627863,11095350,0.750075156623,35CEF9F272F6F127,1,1,0,860,1916,-55,815,13,28,36,1,3
1517,11.85156250,12713775,10996695,0.755219030878,4A710A0E0D07709F,0,1,0,1191,133,56,208,14,28,19,1,3
1518,11.85937500,12798911,10897369,0.760316810455,35B6F9F23307F327,1,1,0,859,892,-56,816,15,28,100,1,3
1519,11.86718750,12883266,10797378,0.765368184214,3D69A7EE05087277,1,1,0,982,1235,-72,80,16,28,78,1,3
1520,11.87500000,12966834,10696727,0.770372843843,3DC62C163D48F357,1,1,0,988,790,88,980,17,28,106,1,3
1521,11.88281250,13049611,10595424,0.775330483885,41A9C9E54319726F,1,0,0,1050,1252,-107,49,18,28,77,1,3
1522,11.89062500,13131591,10493474,0.780240801750,3E06341AFCD9F357,1,1,0,992,794,107,973,19,28,106,1,3
1523,11.89843750,13212770,10390883,0.785103497738,41E9CDE5034A726F,1,1,0,1054,1254,-108,52,20,28,77,1,3
1524,11.90625000,13293142,10287658,0.789918275055,3E3E341B3CCAF157,1,1,0,995,1818,108,972,21,28,42,1,3
1525,11.91406250,13372703,10183805,0.794684839832,4ED12E054B4B7097,0,1,0,1261,151,21,180,22,28,18,1,3
1526,11.92187500,13451448,10079331,0.799402901142,3616FFF6F28BF327,1,1,0,865,895,-37,808,23,28,100,1,3
1527,11.92968750,13529372,9974242,0.804072171020,3D91ADEDC53C7077,1,1,0,985,214,-73,83,24,28,14,1,3
1528,11.93750000,13606470,9868544,0.808692364476,30FECBF6353CF12F,1,1,0,783,1893,-40,851,25,28,37,1,3
1529,11.94531250,13682738,9762243,0.813263199519,49B0FE094D5D70A7,0,1,0,1179,127,37,213,26,28,20,1,3
1530,11.95312500,13758170,9655347,0.817784397168,356EF3F232DDF127,1,1,0,854,1913,-56,813,27,28,36,1,3
1531,11.96093750,13832763,9547861,0.822255681472,4A11080DCD1E709F,0,0,0,1185,132,55,209,28,28,19,1,3
1532,11.96875000,13906511,9439793,0.826676779528,35CEF7F1F30EF127,1,1,0,860,1915,-57,816,29,28,36,1,3
1533,11.97656250,13979411,9331148,0.831047421493,4A31080E0D0F74A7,0,1,0,1187,132,56,208,30,29,20,1,3
1534,11.98437500,14051457,9221934,0.835367340608,35CEF9F2330FF52F,1,1,0,860,1916,-56,816,31,29,37,1,3
1535,11.99218750,14122646,9112157,0.839636273205,35C109F23300752B,1,1,0,860,132,-56,816,0,29,37,0,3
1536,12.00000000,14192973,9001824,0.843853958732,33AA1FD67F10F76B,1,1,0,826,1295,-167,1009,1,29,109,0,3
1537,12.00781250,14262433,8890941,0.848020139763,47456DF936E17643,0,1,0,1140,694,-28,878,2,29,72,0,3
1538,12.01562500,14331023,8779516,0.852134562016,3F79EDEDC101F763,1,1,0,1015,1270,-73,16,3,29,108,0,3
1539,12.02343750,14398738,8667555,0.856196974367,3E06361A7DC27673,1,1,0,992,795,105,988,4,29,78,0,3
1540,12.03125000,14465574,8555065,0.860207128867,41E9C9E4C322F75B,0,1,0,1054,1252,-109,50,5,29,107,0,3
1541,12.03906250,14531528,8442053,0.864164780758,3E36341B3CC37673,1,1,0,995,794,108,972,6,29,78,0,3
1542,12.04687500,14596595,8328525,0.868069688485,41C9CDE50343F75B,0,1,0,1052,1254,-108,52,7,29,107,0,3
1543,12.05468750,14660771,8214489,0.871921613712,3E4E341AFCC47473,1,1,0,996,1818,107,972,8,29,14,0,3
1544,12.06250000,14724052,8099952,0.875720321338,4EB12E054B44F533,0,1,0,1259,151,21,180,9,29,38,0,3
1545,12.07031250,14786434,7984920,0.879465579510,3636FFF6F28576A3,1,0,0,867,895,-37,808,10,29,84,0,3
1546,12.07812500,14847914,7869401,0.883157159635,3D71ADEE0535F553,1,1,0,983,214,-72,83,11,29,42,0,3
1547,12.08593750,14908487,7753402,0.886794836399,3126CBF63536769B,1,1,0,786,869,-40,851,12,29,83,0,3
1548,12.09375000,14968151,7636929,0.890378387777,3C919DE94546F54B,1,1,0,969,206,-91,84,13,29,41,0,3
1549,12.10156250,15026901,7519990,0.893907595048,30A6C7F63527769B,1,1,0,778,867,-40,850,14,29,83,0,3
1550,12.10937500,15084734,7402592,0.897382242806,3C699DE90557F74B,1,1,0,966,1230,-92,85,15,29,105,0,3
1551,12.11718750,15141646,7284743,0.900802118977,3D9E28163D287473,1,1,0,985,1812,88,978,16,29,14,0,3
1552,12.12500000,15197634,7166449,0.904167014830,4E492A054B18F733,0,1,0,1252,1173,21,177,17,29,102,0,3
1553,12.13281250,15252694,7047717,0.907476724989,43166016FAA97683,1,1,0,1073,816,91,938,18,29,80,0,3
1554,12.14062500,15306823,6928555,0.910731047445,4251D9E9C2F9F55B,1,1,0,1061,236,-89,47,19,29,43,0,3
1555,12.14843750,15360018,6808970,0.913929783573,31C6D7FAF4FA769B,1,1,0,796,875,-21,847,20,29,83,0,3
1556,12.15625000,15412276,6688970,0.917072738137,3CF1A1E9456AF553,1,1,0,975,208,-91,86,21,29,42,0,3
1557,12.16406250,15463593,6568562,0.920159719308,30DEC7F6351B749B,1,1,0,781,1891,-40,849,22,29,19,0,3
1558,12.17187500,15513966,6447753,0.923190538672,4968FE094D5BFB2B,0,1,0,1174,1151,37,213,23,30,101,0,3
1559,12.17968750,15563392,6326550,0.926165011245,428E54123AEC7883,0,1,0,1064,1834,72,942,24,30,16,0,3
1560,12.18750000,15611868,6204961,0.929082955478,4ED9360A0ADCFB3B,0,1,0,1261,1179,40,173,25,30,103,0,3
1561,12.19531250,15659391,6082993,0.931944193277,438E6416FACD788B,0,1,0,1080,1842,91,940,26,30,17,0,3
1562,12.20312500,15705959,5960654,0.934748550005,4F593A0A4AEDFB3B,0,1,0,1269,1181,41,174,27,30,103,0,3
1563,12.21093750,15751568,5837951,0.937495854500,43B664173ACE7A8B,1,1,0,1083,818,92,940,28,30,81,0,3
1564,12.21875000,15796216,5714892,0.940185939080,4271D9EA02EEF963,1,1,0,1063,236,-88,46,29,30,44,0,3
1565,12.22656250,15839899,5591484,0.942818639556,31DED7FAF4FF78A3,1,1,0,797,1899,-21,847,30,30,20,0,3
1566,12.23437500,15882616,5467735,0.945393795242,49E902098D6FFB33,0,1,0,1182,1153,38,214,31,30,102,0,3
1567,12.24218750,15924363,5343652,0.947911248963,49E6FE098D607B37,0,1,0,1182,895,38,214,0,30,102,1,3
1568,12.25000000,15965138,5219243,0.950370847068,3F6E7C0A38D0F957,1,1,0,1014,1854,40,909,1,30,42,1,3
1569,12.25781250,16004939,5094515,0.952772439434,4D912A0B0B6178A7,0,1,0,1241,149,44,182,2,30,20,1,3
1570,12.26562500,16043763,4969476,0.955115879481,3676FFF572D1FB37,1,1,0,871,895,-43,813,3,30,102,1,3
1571,12.27343750,16081608,4844134,0.957401024178,3D51ABEE05127887,1,1,0,981,213,-72,81,4,30,16,1,3
1572,12.28125000,16118471,4718496,0.959627734051,313ECBF63542F93F,1,0,0,787,1893,-40,852,5,30,39,1,3
1573,12.28906250,16154350,4592570,0.961795873193,4970FE098D4378B7,0,1,0,1175,127,38,212,6,30,22,1,3
1574,12.29687500,16189243,4466364,0.963905309273,35AEF3F1F2E3F937,1,1,0,858,1913,-57,814,7,30,38,1,3
1575,12.30468750,16223148,4339886,0.965955913540,49E90A0E0D047AAF,0,1,0,1182,1157,56,208,8,30,85,1,3
1576,12.31250000,16256063,4213143,0.967947560838,42F658123B14FB5F,0,1,0,1071,812,72,945,9,30,107,1,3
1577,12.32031250,16287986,4086143,0.969880129605,41F9D5EA02B57A7F,1,1,0,1055,1258,-88,43,10,30,79,1,3
1578,12.32812500,16318915,3958893,0.971753501888,3EBE381AFD05F967,1,1,0,1003,1820,107,976,11,30,44,1,3
1579,12.33593750,16348848,3831401,0.973567563345,4EA92E058B367AA7,0,1,0,1258,1175,22,179,12,30,84,1,3
1580,12.34375000,16377783,3703676,0.975322203257,43566016FA96FB5F,0,1,0,1077,816,91,937,13,30,107,1,3
1581,12.35156250,16405718,3575725,0.977017314528,4239D9EA02E77A7F,1,1,0,1059,1260,-88,46,14,30,79,1,3
1582,12.35937500,16432652,3447555,0.978652793699,3EC6381AFD07FB67,1,1,0,1004,796,107,976,15,30,108,1,3
1583,12.36718750,16458583,3319175,0.980228540947,41C9CDE543287E87,1,1,0,1052,1254,-107,50,16,31,80,1,3
1584,12.37500000,16483510,3190592,0.981744460097,3E7E341B3CD8FD6F,1,1,0,999,1818,108,973,17,31,45,1,3
1585,12.38281250,16507430,3061815,0.983200458625,4E892E054B397EAF,0,1,0,1256,1175,21,179,18,31,85,1,3
1586,12.39062500,16530343,2932851,0.984596447665,436E6016FA99FD67,1,1,0,1078,1840,91,937,19,31,44,1,3
1587,12.39843750,16552247,2803708,0.985932342012,4F113A0A0AFA7CAF,0,1,0,1265,157,40,175,20,31,21,1,3
1588,12.40625000,16573141,2674394,0.987208060131,36CF03F6F2BAFD37,1,1,0,876,1921,-37,811,21,31,38,1,3
1589,12.41406250,16593023,2544916,0.988423524159,4A690E0E4D2B7EB7,0,1,0,1190,1159,57,210,22,31,86,1,3
1590,12.42187500,16611892,2415283,0.989578659908,432E58123B0BFD67,1,1,0,1074,1836,72,944,23,31,44,1,3
1591,12.42968750,16629747,2285503,0.990673396877,4ED1360A4ABC7CAF,0,1,0,1261,155,41,171,24,31,21,1,3
1592,12.43750000,16646587,2155583,0.991707668248,36AF03F6B2CCFD37,1,1,0,874,1921,-38,812,25,31,38,1,3
1593,12.44531250,16662411,2025532,0.992681410895,4A510E0E4D2D7CB7,0,1,0,1189,135,57,210,26,31,22,1,3
1594,12.45312500,16677218,1895357,0.993594565384,3636F7F2330DFF3F,1,1,0,867,891,-56,816,27,31,103,1,3
1595,12.46093750,16691008,1765066,0.994447075983,3D09A9EE44FE7E8F,1,1,0,976,1236,-71,79,28,31,81,1,3
1596,12.46875000,16703779,1634667,0.995238890657,3E262C163D5EFF6F,1,1,0,994,790,88,981,29,31,109,1,3
1597,12.47656250,16715530,1504169,0.995969961079,4151C9E5430F7C87,0,1,0,1045,228,-107,48,30,31,16,1,3
1598,12.48437500,16726261,1373579,0.996640242629,3176D3FAB4DFFF47,1,1,0,791,873,-22,845,31,31,104,1,3
1599,12.49218750,16735971,1242905,0.997249694394,31792FFAB4D07F43,1,1,0,791,1175,-22,845,0,31,104,0,3
1600,12.50000000,16744660,1112155,0.997798279179,408973F2C7D0FF53,0,1,0,1032,1209,-53,125,1,31,106,0,3
1601,12.50781250,16752327,981337,0.998285963499,3F563414FC717E83,1,1,0,1013,794,83,967,2,31,80,0,3
1602,12.51562500,16758971,850459,0.998712717589,4151CDE682F1FD6B,1,1,0,1045,230,-102,47,3,31,45,0,3
1603,12.52343750,16764592,719530,0.999078515403,3186D3FAB4E27EAB,1,1,0,792,873,-22,846,4,31,85,0,3
1604,12.53125000,16769190,588557,0.999383334613,3CA9A1E94562FF63,1,1,0,970,1232,-91,86,5,31,108,0,3
1605,12.53906250,16772765,457548,0.999627156616,3DDE28163D237C83,1,1,0,989,1812,88,978,6,31,16,0,3
1606,12.54687500,16775316,326511,0.999809966529,4E292A054B13FF43,0,1,0,1250,1173,21,177,7,31,104,0,3
1607,12.55468750,16776843,195454,0.999931753196,434E6016BAA47C93,0,1,0,1076,1840,90,938,8,31,18,0,3
1608,12.56250000,16777346,64385,0.999992509182,4F193A0A0AF4824B,0,1,0,1265,1181,40,175,9,0,73,0,3
1609,12.57031250,16776825,-66688,0.999992230779,43CE6416FAC5039B,0,1,0,1084,1842,91,940,10,0,115,0,3
1610,12.57812500,16775280,-197757,0.999930918005,4F413A0A4AE5804B,0,1,0,1268,157,41,174,11,0,9,0,3
1611,12.58593750,16772711,-328814,0.999808574601,36D703F6F2B601C3,1,1,0,877,897,-37,811,12,0,56,0,3
1612,12.59375000,16769118,-459851,0.999625208035,3D69ADEE4516826B,1,1,0,982,1238,-71,81,13,0,77,0,3
1613,12.60156250,16764502,-590860,0.999380829498,3E462C163D47018B,1,1,0,996,790,88,980,14,0,49,0,3
1614,12.60937500,16758863,-721833,0.999075453907,4151C9E583078073,0,1,0,1045,228,-106,48,15,0,14,0,3
1615,12.61718750,16752201,-852762,0.998709099900,3176D3FAB4D801B3,1,1,0,791,873,-22,845,16,0,54,0,3
1616,12.62500000,16744516,-983639,0.998281789836,3CA9A1E94578826B,1,1,0,970,1232,-91,87,17,0,77,0,3
1617,12.63281250,16735809,-1114456,0.997793549798,3DE628163D29018B,1,1,0,990,788,88,978,18,0,49,0,3
1618,12.64062500,16726081,-1245205,0.997244409584,4131C9E543098073,0,1,0,1043,228,-107,48,19,0,14,0,3
1619,12.64843750,16715332,-1375878,0.996634402711,316ED3FAB4EA03B3,1,1,0,790,1897,-22,846,20,0,118,0,3
1620,12.65625000,16703563,-1506467,0.995963566411,49A902094D7A8243,0,1,0,1178,1153,37,215,21,0,72,0,3
1621,12.66406250,16690774,-1636964,0.995231941629,42CE54123AEB0393,0,1,0,1068,1834,72,942,22,0,114,0,3
1622,12.67187500,16676966,-1767361,0.994439573018,4EB9360A0ACB824B,0,1,0,1259,1179,40,172,23,0,73,0,3
1623,12.67968750,16662141,-1897650,0.993586508941,43966416BADC019B,1,1,0,1081,818,90,941,24,0,51,0,3
1624,12.68750000,16646299,-2027823,0.992672801465,4249D9EA02EC8273,1,1,0,1060,1260,-88,46,25,0,78,0,3
1625,12.69531250,16629441,-2157872,0.991698506358,3EE6381AFCFD018B,1,1,0,1006,796,107,975,26,0,49,0,3
1626,12.70312500,16611568,-2287790,0.990663683085,41B1CFE5832D8073,0,1,0,1051,231,-106,50,27,0,14,0,3
1627,12.71093750,16592681,-2417568,0.989568394807,3196D3FAF4DE01B3,1,1,0,793,873,-21,845,28,0,54,0,3
1628,12.71875000,16572781,-2547198,0.988412708374,3CB1A1E9457E806B,1,1,0,971,208,-91,87,29,0,13,0,3
1629,12.72656250,16551869,-2676673,0.987196694325,30FEC7F6351F03B3,1,1,0,783,1891,-40,849,30,0,118,0,3
1630,12.73437500,16529947,-2805984,0.985920426877,4948FE094D5F823B,0,1,0,1172,1151,37,213,31,0,71,0,3
1631,12.74218750,16507016,-2935124,0.984583983928,494702094D50023F,0,1,0,1172,897,37,213,0,0,71,1,3
1632,12.75000000,16483078,-3064085,0.983187447048,3F567A0A38F08267,1,1,0,1013,829,40,911,1,0,76,1,3
1633,12.75781250,16458134,-3192859,0.981730901473,4091C9EAC351038F,0,1,0,1033,228,-85,53,2,0,113,1,3
1634,12.76562500,16432185,-3321438,0.980214436104,318ED3F975118457,1,1,0,792,1897,-27,849,3,1,10,1,3
1635,12.77343750,16405233,-3449814,0.978638143498,49B100098D6207CF,0,1,0,1179,128,38,214,4,1,121,1,3
1636,12.78125000,16377280,-3577980,0.977002119864,35B6F3F232D2864F,1,1,0,859,889,-56,813,5,1,73,1,3
1637,12.78906250,16348327,-3705928,0.975306465056,3CF1A9EE0503079F,1,1,0,975,212,-72,80,6,1,115,1,3
1638,12.79687500,16318377,-3833649,0.973551282568,3126CBF5F5438657,1,1,0,786,869,-41,852,7,1,74,1,3
1639,12.80468750,16287431,-3961136,0.971736679528,3C719DE9454407A7,1,1,0,967,206,-91,84,8,1,116,1,3
1640,12.81250000,16255491,-4088382,0.969862766690,30C6C7F5F5248657,1,1,0,780,867,-41,850,9,1,74,1,3
1641,12.82031250,16222558,-4215378,0.967929658427,3C519DE9454507A7,1,1,0,965,206,-91,84,10,1,116,1,3
1642,12.82812500,16188635,-4342117,0.965937472727,30C6C7F5F5258657,1,1,0,780,867,-41,850,11,1,74,1,3
1643,12.83593750,16153724,-4468591,0.963886331182,3C519DE9454607A7,1,1,0,965,206,-91,84,12,1,116,1,3
1644,12.84375000,16117827,-4594792,0.961776358983,30C6C7F5F5268657,1,1,0,780,867,-41,850,13,1,74,1,3
1645,12.85156250,16080946,-4720713,0.959607684913,3C519DE9454707A7,1,1,0,965,206,-91,84,14,1,116,1,3
1646,12.85937500,16043084,-4846345,0.957380441335,30C6C7F5F5278657,1,1,0,780,867,-41,850,15,1,74,1,3
1647,12.86718750,16004243,-4971682,0.955094764190,3C519DE9454807A7,1,1,0,965,206,-91,84,16,1,116,1,3
1648,12.87500000,15964425,-5096715,0.952750792983,30BEC7F5F5288457,1,1,0,779,1891,-41,850,17,1,10,1,3
1649,12.88281250,15923633,-5221437,0.950348670779,4950FE094D5907CF,0,1,0,1173,127,37,213,18,1,121,1,3
1650,12.89062500,15881869,-5345840,0.947888544190,3596F3F1F2E9864F,1,1,0,857,889,-57,814,19,1,73,1,3
1651,12.89843750,15839135,-5469917,0.945370563369,3CF1A9EDC50A079F,1,1,0,975,212,-73,80,20,1,115,1,3
1652,12.90625000,15795435,-5593660,0.942794882003,311ECBF5F54A8457,1,1,0,785,1893,-41,852,21,1,10,1,3
1653,12.91406250,15750770,-5717062,0.940161657296,4970FE098D4B07CF,0,1,0,1175,127,38,212,22,1,121,1,3
1654,12.92187500,15705144,-5840115,0.937471049967,3596F3F1F2EB864F,1,1,0,857,889,-57,814,23,1,73,1,3
1655,12.92968750,15658560,-5962811,0.934723224237,3CF1A9EDC50C079F,1,1,0,975,212,-73,80,24,1,115,1,3
1656,12.93750000,15611020,-6085144,0.931918347819,311ECBF5F54C8457,1,1,0,785,1893,-41,852,25,1,10,1,3
1657,12.94531250,15562527,-6207105,0.929056591909,4970FE098D4D07CF,0,1,0,1175,127,38,212,26,1,121,1,3
1658,12.95312500,15513084,-6328687,0.926138131173,3596F3F1F2ED864F,1,1,0,857,889,-57,814,27,1,73,1,3
1659,12.96093750,15462694,-6449883,0.923163143738,3CF1A9EDC50E0BA7,1,1,0,975,212,-73,80,28,2,116,1,3
1660,12.96875000,15411361,-6570685,0.920131811184,3106CBF5F54E8A5F,1,1,0,784,869,-41,852,29,2,75,1,3
1661,12.97656250,15359087,-6691086,0.917044318526,3C899DE9454F09AF,1,0,0,968,1230,-91,84,30,2,53,1,3
1662,12.98437500,15305875,-6811079,0.913900854210,3D9E28163D2F8887,1,1,0,985,1812,88,978,31,2,16,1,3
1663,12.99218750,15251729,-6930656,0.910701610096,3D91D8163D200883,1,1,0,985,236,88,978,0,2,16,0,3
1664,13.00000000,15196652,-7049810,0.907446781450,3A4A1FD3FEC08A93,1,1,0,932,1295,-177,1004,1,2,82,0,3
1665,13.00781250,15140648,-7168534,0.904136566930,48857DFCF611096B,0,1,0,1160,702,-13,865,2,2,45,0,3
1666,13.01562500,15083720,-7286820,0.900771168573,3FB9F3EE81218A8B,1,1,0,1019,1273,-70,18,3,2,81,0,3
1667,13.02343750,15025871,-7404662,0.897350791787,3E3E361A7DC20B9B,1,1,0,995,1819,105,988,4,2,115,0,3
1668,13.03125000,14967105,-7522052,0.893875645334,4ED12A04CB22885B,0,1,0,1261,149,19,178,5,2,11,0,3
1669,13.03906250,14907425,-7638983,0.890345941318,3636FFF6F28309CB,1,1,0,867,895,-37,808,6,2,57,0,3
1670,13.04687500,14846836,-7755447,0.886761895176,3D71ADEE0533887B,1,1,0,983,214,-72,83,7,2,15,0,3
1671,13.05468750,14785340,-7871438,0.883123725658,311ECBF635340BC3,1,1,0,785,1893,-40,851,8,2,120,0,3
1672,13.06250000,14722942,-7986948,0.879431654819,4990FE098D44884B,0,1,0,1177,127,38,212,9,2,9,0,3
1673,13.07031250,14659645,-8101971,0.875685908005,3576F3F232E509CB,1,1,0,855,889,-56,814,10,2,57,0,3
1674,13.07812500,14595454,-8216499,0.871886713837,3D11A9EDC505887B,1,1,0,977,212,-73,80,11,2,15,0,3
1675,13.08593750,14530372,-8330526,0.868034304197,30FECBF635460BC3,1,1,0,783,1893,-40,852,12,2,120,0,3
1676,13.09375000,14464403,-8444045,0.864128914218,4990FE094D46884B,0,1,0,1177,127,37,212,13,2,9,0,3
1677,13.10156250,14397551,-8557048,0.860170782263,3576F3F232E709CB,1,1,0,855,889,-56,814,14,2,57,0,3
1678,13.10937500,14329820,-8669529,0.856160149918,3D29A9EDC5078A7B,1,0,0,978,1236,-73,80,15,2,79,0,3
1679,13.11718750,14261215,-8781481,0.852097261969,3DDE2C163D480B9B,1,1,0,989,1814,88,980,16,2,115,0,3
1680,13.12500000,14191739,-8892897,0.847982366396,4E712A054B18885B,0,1,0,1255,149,21,177,17,2,11,0,3
1681,13.13281250,14121397,-9003770,0.843815714350,360EFFF6F2990BCB,1,1,0,864,1919,-37,809,18,2,121,0,3
1682,13.14062500,14050193,-9114093,0.839597560141,4A890C0E0D398A53,0,1,0,1192,1158,56,211,19,2,74,0,3
1683,13.14843750,13978132,-9223860,0.835328161226,42EE58127B0A0BA3,0,1,0,1070,1836,73,944,20,2,116,0,3
1684,13.15625000,13905217,-9333064,0.831007778184,4F21360A0ACA8C63,0,1,0,1266,155,40,172,21,3,12,0,3
1685,13.16406250,13831454,-9441699,0.826636674711,366F03F6F2BB0FDB,1,1,0,870,1921,-37,811,22,3,123,0,3
1686,13.17187500,13756847,-9549757,0.822215117596,4AB10E0E0D3B8C5B,0,1,0,1195,135,56,211,23,3,11,0,3
1687,13.17968750,13681400,-9657232,0.817743376708,35EEF9F272FC0FD3,1,1,0,862,1916,-55,815,24,3,122,0,3
1688,13.18750000,13605118,-9764118,0.813221724979,4A510A0E0D0C8C5B,0,1,0,1189,133,56,208,25,3,11,0,3
1689,13.19531250,13528005,-9870408,0.808650438388,35CEF9F2330D0FD3,1,1,0,860,1916,-56,816,26,3,122,0,3
1690,13.20312500,13450067,-9976096,0.804029795941,4A51080E0D0D8C5B,0,0,0,1189,132,56,208,27,3,11,0,3
1691,13.21093750,13371308,-10081175,0.799360079660,35B6F9F2330E0DD3,1,1,0,859,892,-56,816,28,3,58,0,3
1692,13.21875000,13291733,-10185638,0.794641574560,3D51A7EE050E8C83,1,1,0,981,211,-72,80,29,3,16,0,3
1693,13.22656250,13211346,-10289480,0.789874568634,30DECBF6354F0FCB,1,1,0,781,1893,-40,852,30,3,121,0,3
1694,13.23437500,13130153,-10392694,0.785059352836,49B0FE094D5F8C53,0,1,0,1179,127,37,213,31,3,10,0,3
1695,13.24218750,13048159,-10495273,0.780196221060,49BF02094D500C57,0,1,0,1179,1921,37,213,0,3,10,1,3
1696,13.25000000,12965368,-10597212,0.775285470129,4C0DDE2A00E08CA7,0,1,0,1216,1775,168,14,1,3,20,1,3
1697,13.25781250,12881786,-10698504,0.770327399769,45C1F426D1210F9F,0,1,0,1116,250,155,274,2,3,115,1,3
1698,13.26562500,12797418,-10799143,0.765322312595,3856DFEE74C18E67,1,1,0,901,879,-71,844,3,3,76,1,3
1699,13.27343750,12712269,-10899123,0.760270514091,3DF1A9EE84420FAF,1,0,0,991,212,-70,68,4,3,117,1,3
1700,13.28125000,12626344,-10998438,0.755172312593,30C6CFF6B5428E67,1,1,0,780,871,-38,852,5,3,76,1,3
1701,13.28906250,12539648,-11097081,0.750028019270,3CD19DE905530FB7,1,1,0,973,206,-92,85,6,3,118,1,3
1702,13.29687500,12452187,-11195047,0.744837948103,3066C7F635138E67,1,1,0,774,867,-40,849,7,3,76,1,3
1703,13.30468750,12363966,-11292330,0.739602415866,3CB19DE905540FB7,1,1,0,971,206,-92,85,8,3,118,1,3
1704,13.31250000,12274990,-11388923,0.734321742110,3066C7F635148E67,1,1,0,774,867,-40,849,9,3,76,1,3
1705,13.32031250,12185265,-11484821,0.728996249139,3CB19DE905550FB7,1,1,0,971,206,-92,85,10,3,118,1,3
1706,13.32812500,12094796,-11580018,0.723626261995,305EC7F635158C67,1,1,0,773,1891,-40,849,11,3,12,1,3
1707,13.33593750,12003589,-11674509,0.718212108434,49B0FC090D660FDF,0,0,0,1179,126,36,214,12,3,123,1,3
1708,13.34375000,11911649,-11768287,0.712754118907,352EF3F232D68C5F,1,1,0,850,1913,-56,813,13,3,11,1,3
1709,13.35156250,11818982,-11861347,0.707252626542,4A49080DCD1711DF,0,1,0,1188,1156,55,209,14,4,59,1,3
1710,13.35937500,11725594,-11953683,0.701707967123,428E58123B07908F,0,1,0,1064,1836,72,944,15,4,17,1,3
1711,13.36718750,11631490,-12045289,0.696120479065,4F59340A0AD811D7,0,1,0,1269,1178,40,173,16,4,58,1,3
1712,13.37500000,11536676,-12136160,0.690490503402,43166416FAB89287,1,1,0,1073,818,91,939,17,4,80,1,3
1713,13.38281250,11441158,-12226290,0.684818383757,42C9D9E9C2F911AF,1,0,0,1068,1260,-89,47,18,4,53,1,3
1714,13.39062500,11344942,-12315674,0.679104466328,3E5E381B3CE99097,1,1,0,997,1820,108,974,19,4,18,1,3
1715,13.39843750,11248033,-12404306,0.673349099863,4F292E054B4A11D7,0,1,0,1266,1175,21,180,20,4,58,1,3
1716,13.40625000,11150438,-12492181,0.667552635639,42EE60173A8A908F,0,1,0,1070,1840,92,936,21,4,17,1,3
1717,13.41406250,11052162,-12579294,0.661715427443,4FB93A09CB0B11D7,0,1,0,1275,1181,39,176,22,4,58,1,3
1718,13.42187500,10953212,-12665639,0.655837831547,433664173AAB9287,1,1,0,1075,818,92,938,23,4,80,1,3
1719,13.42968750,10853593,-12751211,0.649920206691,42E9D9EA02FC11AF,1,0,0,1070,1260,-88,47,24,4,53,1,3
1720,13.43750000,10753312,-12836005,0.643962914055,3E5E3A1B7CEC9097,1,1,0,997,1821,109,974,25,4,18,1,3
1721,13.44531250,10652374,-12920015,0.637966317242,4F492E054B4D11D7,0,1,0,1268,1175,21,180,26,4,58,1,3
1722,13.45312500,10550786,-13003237,0.631930782253,42CE62173A8D9087,0,1,0,1068,1841,92,936,27,4,16,1,3
1723,13.46093750,10448554,-13085665,0.625856677467,4FC13809CB0E13D7,0,1,0,1276,156,39,176,28,4,122,1,3
1724,13.46875000,10345685,-13167294,0.619744373614,362F05F732AE905F,1,1,0,866,1922,-36,810,29,4,11,1,3
1725,13.47656250,10242184,-13248120,0.613594243760,4B090C0E0D3F11DF,0,0,0,1200,1158,56,211,30,4,59,1,3
1726,13.48437500,10138058,-13328137,0.607406663275,428E5A12BAFF908F,0,1,0,1064,1837,74,943,31,4,17,1,3
1727,13.49218750,10033313,-13407341,0.601182009818,4281A612BAF0108B,0,1,0,1064,211,74,943,0,4,17,0,3
1728,13.50000000,9927956,-13485726,0.594920663310,3B0231D73E2090AB,1,1,0,944,280,-164,994,1,4,21,0,3
1729,13.50781250,9821993,-13563288,0.588623005911,3B4621DD6E3111AB,1,1,0,948,784,-139,739,2,4,53,0,3
1730,13.51562500,9715430,-13640022,0.582289421997,3B89C5F243719293,1,0,0,952,1250,-55,55,3,4,82,0,3
1731,13.52343750,9608274,-13715924,0.575920298139,3D1E2C15FDF213AB,1,1,0,977,1814,87,991,4,4,117,0,3
1732,13.53125000,9500532,-13790989,0.569516023074,4EF126048B12906B,0,1,0,1263,147,18,177,5,4,13,0,3
1733,13.53906250,9392210,-13865212,0.563076987686,358F01F7327313E3,1,1,0,856,1920,-36,807,6,4,124,0,3
1734,13.54687500,9283315,-13938589,0.556603584981,4AF10C0DCD53946B,0,0,0,1199,134,55,213,7,5,13,0,3
1735,13.55468750,9173853,-14011115,0.550096210062,3576F9F272E415E3,1,1,0,855,892,-55,814,8,5,60,0,3
1736,13.56250000,9063831,-14082786,0.543555260106,3DC9A7EDC5149693,1,1,0,988,1235,-73,81,9,5,82,0,3
1737,13.57031250,8953256,-14153597,0.536981134338,3D662E167D3515B3,1,1,0,982,791,89,979,10,5,54,0,3
1738,13.57812500,8842135,-14223544,0.530374234009,4211C7E50325949B,0,1,0,1057,227,-108,50,11,5,19,0,3
1739,13.58593750,8730474,-14292623,0.523734962371,30AED5FB34B617DB,1,0,0,778,1898,-20,843,12,5,123,0,3
1740,13.59375000,8618280,-14360830,0.517063724651,4A6900090D96966B,0,1,0,1190,1152,36,217,13,5,77,0,3
1741,13.60156250,8505560,-14428160,0.510360928025,41F656127AC715BB,1,1,0,1055,811,73,940,14,5,55,0,3
1742,13.60937500,8392321,-14494610,0.503626981599,4291D3E982E7949B,0,1,0,1065,233,-90,46,15,5,19,0,3
1743,13.61718750,8278570,-14560175,0.496862296378,30F6D7FB34E815DB,1,0,0,783,875,-20,846,16,5,59,0,3
1744,13.62500000,8164313,-14624851,0.490067285243,3DA99FE90588968B,1,1,0,986,1231,-92,88,17,5,81,0,3
1745,13.63281250,8049558,-14688635,0.483242362927,3D062A16BCF915B3,1,1,0,976,789,90,975,18,5,54,0,3
1746,13.64062500,7934312,-14751522,0.476387945988,4209C9E4C339969B,1,1,0,1056,1252,-109,51,19,5,83,0,3
1747,13.64843750,7818581,-14813509,0.469504452784,3D7E341B3CCA17B3,1,0,0,983,1818,108,972,20,5,118,0,3
1748,13.65625000,7702373,-14874592,0.462592303448,4F692C04CB6A9673,0,1,0,1270,1174,19,182,21,5,78,0,3
1749,13.66406250,7585695,-14934767,0.455651919862,428E62177A7B17C3,0,1,0,1064,1841,93,935,22,5,120,0,3
1750,13.67187500,7468554,-14994030,0.448683725632,50013809CB1B9473,0,0,0,1280,156,39,177,23,5,14,0,3
1751,13.67968750,7350957,-15052378,0.441688146059,35EF05F7329C17EB,1,1,0,862,1922,-36,809,24,5,125,0,3
1752,13.68750000,7232912,-15109807,0.434665608119,4B510C0E0D4C946B,0,1,0,1205,134,56,212,25,5,13,0,3
1753,13.69531250,7114425,-15166314,0.427616540430,354EF9F2B2DD17E3,1,1,0,852,1916,-54,813,26,5,124,0,3
1754,13.70312500,6995504,-15221895,0.420541373232,4AF1080DCD2D946B,0,0,0,1199,132,55,210,27,5,13,0,3
1755,13.71093750,6876156,-15276547,0.413440538356,352EF9F272EE17E3,1,1,0,850,1916,-55,814,28,5,124,0,3
1756,13.71875000,6756388,-15330267,0.406314469200,4B09080DCD2E966B,0,1,0,1200,1156,55,210,29,5,77,0,3
1757,13.72656250,6636208,-15383051,0.399163600703,42165A12BAEF15BB,1,0,0,1057,813,74,942,30,5,55,0,3
1758,13.73437500,6515623,-15434896,0.391988369318,42E9D3E9C2EF969B,1,1,0,1070,1257,-89,46,31,5,83,0,3
1759,13.74218750,6394640,-15485799,0.384789212983,42E62FE9C2E01AA7,1,1,0,1070,791,-89,46,0,6,84,1,3
1760,13.75000000,6273267,-15535757,0.377566571097,37E6820CB9309A8F,1,0,0,894,833,50,915,1,6,81,1,3
1761,13.75781250,6151511,-15584767,0.370320884494,4089B7E6C45119C7,1,1,0,1032,1243,-101,69,2,6,56,1,3
1762,13.76562500,6029380,-15632826,0.363052595413,3D3E30197CC198A7,1,1,0,979,1816,101,972,3,6,20,1,3
1763,13.77343750,5906881,-15679931,0.355762147473,4F692A04CB5219E7,0,0,0,1270,1173,19,181,4,6,60,1,3
1764,13.78125000,5784021,-15726079,0.348449985645,424E62177A729897,0,1,0,1060,1841,93,935,5,6,18,1,3
1765,13.78906250,5660808,-15771267,0.341116556226,503938098B2319E7,0,1,0,1283,1180,38,178,6,6,60,1,3
1766,13.79687500,5537249,-15815492,0.333762306810,42AE66177A939897,0,0,0,1066,1843,93,937,7,6,18,1,3
1767,13.80468750,5413352,-15858752,0.326387686264,50593809CB1419E7,0,1,0,1285,1180,39,177,8,6,60,1,3
1768,13.81250000,5289125,-15901044,0.318993144695,42B666177A949A97,1,1,0,1067,819,93,937,9,6,82,1,3
1769,13.82031250,5164575,-15942365,0.311579133429,4369D7E9C30519BF,1,0,0,1078,1259,-89,48,10,6,55,1,3
1770,13.82812500,5039710,-15982713,0.304146104979,3DBE3A1B7CD598A7,1,1,0,987,1821,109,973,11,6,20,1,3
1771,13.83593750,4914537,-16022086,0.296694513018,4FC92C050B5619E7,0,1,0,1276,1174,20,181,12,6,60,1,3
1772,13.84375000,4789064,-16060481,0.289224812353,424E62177A669897,0,0,0,1060,1841,93,934,13,6,18,1,3
1773,13.85156250,4663299,-16097896,0.281737458897,504138098B271BE7,0,1,0,1284,156,38,178,14,6,124,1,3
1774,13.85937500,4537250,-16134328,0.274232909637,359705F772879A6F,1,1,0,857,898,-35,808,15,6,77,1,3
1775,13.86718750,4410924,-16169775,0.266711622615,3E91ABEDC5581BC7,0,0,0,1001,213,-73,85,16,6,120,1,3
1776,13.87500000,4284328,-16204235,0.259174056890,302ECDF6B518987F,1,1,0,770,1894,-38,849,17,6,15,1,3
1777,13.88281250,4157471,-16237706,0.251620672516,4A90FC090D791BF7,0,1,0,1193,126,36,215,18,6,126,1,3
1778,13.89062500,4030360,-16270186,0.244051930513,3476F5F272B99A77,1,0,0,839,890,-55,811,19,6,78,1,3
1779,13.89843750,3903003,-16301673,0.236468292839,3E29A7ED453A19C7,1,1,0,994,1235,-75,83,20,6,56,1,3
1780,13.90625000,3775408,-16332165,0.228870222358,3CDE2E16BD2A98A7,1,0,0,973,1815,90,978,21,6,20,1,3
1781,13.91406250,3647583,-16361660,0.221258182819,4F712804CB3B1BE7,0,1,0,1271,148,19,179,22,6,124,1,3
1782,13.92187500,3519535,-16390157,0.213632638821,350F01F7326B9877,1,1,0,848,1920,-36,806,23,6,14,1,3
1783,13.92968750,3391272,-16417653,0.205994055788,4B890C0D8D6C19EF,0,0,0,1208,1158,54,214,24,6,61,1,3
1784,13.93750000,3262802,-16444147,0.198342899939,41D65A12BADC9EA7,1,1,0,1053,813,74,941,25,7,84,1,3
1785,13.94531250,3134133,-16469638,0.190679638262,4331D3E982ED1FC7,0,0,0,1075,233,-90,46,26,7,120,1,3
1786,13.95312500,3005273,-16494123,0.183004738482,308ED9FB74DD9C87,1,1,0,776,1900,-19,845,27,7,16,1,3
1787,13.96093750,2876229,-16517602,0.175318669037,4B290008CDAE1DFF,0,1,0,1202,1152,35,218,28,7,63,1,3
1788,13.96875000,2747010,-16540073,0.167621899043,41765612FAAE9EA7,1,0,0,1047,811,75,938,29,7,84,1,3
1789,13.97656250,2617623,-16561534,0.159914898273,4329D3E942FF1DC7,1,1,0,1074,1257,-91,47,30,7,56,1,3
1790,13.98437500,2488076,-16581984,0.152198137122,3D5E3A1B7CDF9CAF,1,0,0,981,1821,109,973,31,7,21,1,3
1791,13.99218750,2358377,-16601422,0.144472086581,3D51C61B7CD01CAB,1,1,0,981,227,109,973,0,7,21,0,3
1792,14.00000000,2228534,-16619847,0.136737218208,3BD223D33EF09CC3,1,0,0,957,273,-180,1007,1,7,24,0,3
1793,14.00781250,2098555,-16637257,0.128994004100,3A661FDDADD11DBB,1,1,0,934,783,-138,733,2,7,55,0,3
1794,14.01562500,1968448,-16653652,0.121242916863,3C29C5F203919EAB,1,1,0,962,1250,-56,57,3,7,85,0,3
1795,14.02343750,1838221,-16669031,0.113484429584,3C462E167DD21DC3,1,0,0,964,791,89,989,4,7,56,0,3
1796,14.03125000,1707882,-16683392,0.105719015799,42D1C3E403329CAB,0,1,0,1069,225,-112,51,5,7,21,0,3
1797,14.03906250,1577439,-16696735,0.097947149471,2FEED5FB74931FEB,1,0,0,766,1898,-19,841,6,7,125,0,3
1798,14.04687500,1446899,-16709059,0.090169304954,4B0900088DB39E7B,0,1,0,1200,1152,34,219,7,7,79,0,3
1799,14.05468750,1316271,-16720363,0.082385956967,41365612FAA41DCB,1,0,0,1043,811,75,938,8,7,57,0,3
1800,14.06250000,1185563,-16730646,0.074597580566,4349D3E943049EAB,1,1,0,1076,1257,-91,48,9,7,85,0,3
1801,14.07031250,1054782,-16739908,0.066804651113,3D3E3A1B7CC51FC3,1,0,0,979,1821,109,972,10,7,120,0,3
1802,14.07812500,923937,-16748148,0.059007644249,50292C04CB759E83,0,1,0,1282,1174,19,183,11,7,80,0,3
1803,14.08593750,793036,-16755366,0.051207035862,41D66217BA561DD3,1,0,0,1053,817,94,933,12,7,58,0,3
1804,14.09375000,662086,-16761562,0.043403302061,43B1D7E943269CAB,0,1,0,1083,235,-91,50,13,7,21,0,3
1805,14.10156250,531096,-16766735,0.035596919147,3056D9FBB4B71DEB,1,0,0,773,876,-18,843,14,7,61,0,3
1806,14.10937500,400073,-16770884,0.027788363580,3E519FE8C5A79C9B,1,1,0,997,207,-93,90,15,7,19,0,3
1807,14.11718750,269026,-16774010,0.019978111955,2F5ECBF6F4D81FEB,1,0,0,757,1893,-37,845,16,7,125,0,3
1808,14.12500000,137963,-16776112,0.012166640969,4AE8FC088D989E73,0,1,0,1198,1150,34,217,17,7,78,0,3
1809,14.13281250,6891,-16777190,0.004354427393,410E5612BAA923D3,0,1,0,1040,1835,74,938,18,8,122,0,3
1810,14.14062500,-124181,-16777244,-0.003458051954,505932094B19A28B,0,0,0,1285,1177,37,177,19,8,81,0,3
1811,14.14843750,-255246,-16776274,-0.011270320239,420E66177A8A23DB,0,0,0,1056,1843,93,936,20,8,123,0,3
1812,14.15625000,-386295,-16774280,-0.019081900643,50C138098B2AA08B,0,1,0,1292,156,38,178,21,8,17,0,3
1813,14.16406250,-517320,-16771262,-0.026892316385,354F07F7B27B2003,1,0,0,852,1923,-34,807,22,8,0,0,3
1814,14.17187500,-648314,-16767220,-0.034701090759,4BF10C0D8D6BA083,0,1,0,1215,134,54,214,23,8,16,0,3
1815,14.17968750,-779268,-16762155,-0.042507747157,34AEFBF2F2CC23FB,1,0,0,842,1917,-53,812,24,8,127,0,3
1816,14.18750000,-910175,-16756067,-0.050311809102,4B89080D8D3CA283,0,1,0,1208,1156,54,211,25,8,80,0,3
1817,14.19531250,-1041026,-16748956,-0.058112800273,418E5C12FADD23D3,0,0,0,1048,1838,75,941,26,8,122,0,3
1818,14.20312500,-1171814,-16740823,-0.065910244538,506132098B0DA08B,0,1,0,1286,153,38,176,27,8,17,0,3
1819,14.21093750,-1302530,-16731668,-0.073703665981,352F07F7728E2003,1,0,0,850,1923,-35,808,28,8,0,0,3
1820,14.21875000,-1433167,-16721492,-0.081492588933,4BD10A0D8D6EA083,0,1,0,1213,133,54,214,29,8,16,0,3
1821,14.22656250,-1563716,-16710295,-0.089276537997,34CEFBF2F2CF23FB,1,0,0,844,1917,-53,812,30,8,127,0,3
1822,14.23437500,-1694170,-16698078,-0.097055038081,4B71080D8D3FA083,0,1,0,1207,132,54,211,31,8,16,0,3
1823,14.24218750,-1824520,-16684842,-0.104827614426,4B7EF80D8D302087,0,0,0,1207,1916,54,211,0,8,16,1,3
1824,14.25000000,-1954759,-16670588,-0.112593792634,4B4DE62A40C0A0C7,0,1,0,1204,1779,169,12,1,8,24,1,3
1825,14.25781250,-2084879,-16655316,-0.120353098697,46E1F226915123C7,0,0,0,1134,249,154,277,2,8,120,1,3
1826,14.26562500,-2214871,-16639028,-0.128105059027,3756E3EEF491A287,1,0,0,885,881,-69,841,3,8,80,1,3
1827,14.27343750,-2344728,-16621724,-0.135849200485,3EF1A7EE047223D7,0,1,0,1007,211,-72,71,4,8,122,1,3
1828,14.28125000,-2474442,-16603406,-0.143585050407,2FD6D1F73512A28F,1,0,0,765,872,-36,849,5,8,81,1,3
1829,14.28906250,-2604005,-16584074,-0.151312136638,3DD19BE8C58323DF,0,1,0,989,205,-93,88,6,8,123,1,3
1830,14.29687500,-2733409,-16563730,-0.159029987557,2F76C9F6B4E3A28F,1,0,0,759,868,-38,846,7,8,81,1,3
1831,14.30468750,-2862646,-16542375,-0.166738132104,3D919BE8858423DF,0,1,0,985,205,-94,88,8,8,123,1,3
1832,14.31250000,-2991709,-16520011,-0.174436099815,2F8EC9F674F4A08F,1,0,0,760,1892,-39,847,9,8,17,1,3
1833,14.32031250,-3120589,-16496638,-0.182123420846,4A88FC08CD852207,0,0,0,1192,1150,35,216,10,8,64,1,3
1834,14.32812500,-3249279,-16472258,-0.189799626002,41565612BAB5A2AF,1,1,0,1045,811,74,939,11,8,85,1,3
1835,14.33593750,-3377770,-16446873,-0.197464246767,4311D3E942F627D7,0,0,0,1073,233,-91,47,12,9,122,1,3
1836,14.34375000,-3506055,-16420484,-0.205116815332,3076D9FB74D6A697,1,1,0,775,876,-19,845,13,9,82,1,3
1837,14.35156250,-3634126,-16393093,-0.212756864624,3E099FE8C59725E7,1,0,0,992,1231,-93,89,14,9,60,1,3
1838,14.35937500,-3761975,-16364701,-0.220383928334,3CA62A16FCE7A6BF,1,0,0,970,789,91,974,15,9,87,1,3
1839,14.36718750,-3889595,-16335311,-0.227997540944,4271C7E4C34827D7,0,1,0,1063,227,-109,52,16,9,122,1,3
1840,14.37500000,-4016977,-16304924,-0.235597237760,302ED5FB34A8A497,1,0,0,770,1898,-20,842,17,9,18,1,3
1841,14.38281250,-4144114,-16273541,-0.243182554935,4AC90008CDA9260F,0,0,0,1196,1152,35,218,18,9,65,1,3
1842,14.39062500,-4270998,-16241165,-0.250753029500,41965612BAB9A6B7,1,1,0,1049,811,74,939,19,9,86,1,3
1843,14.39843750,-4397621,-16207798,-0.258308199392,4309D3E982FA25D7,1,0,0,1072,1257,-90,47,20,9,58,1,3
1844,14.40625000,-4523976,-16173442,-0.265847603483,3D863A1B7CDAA6BF,1,1,0,984,797,109,973,21,9,87,1,3
1845,14.41406250,-4650055,-16138098,-0.273370781607,42D1CBE4C35B27D7,0,0,0,1069,229,-109,53,22,9,122,1,3
1846,14.42187500,-4775850,-16101769,-0.280877274587,306ED5FB74ABA497,1,0,0,774,1898,-19,842,23,9,18,1,3
1847,14.42968750,-4901354,-16064458,-0.288366624267,4AC90008CDAC260F,0,1,0,1196,1152,35,218,24,9,65,1,3
1848,14.43750000,-5026558,-16026166,-0.295838373533,41AE5612BABCA4B7,0,0,0,1050,1835,74,939,25,9,22,1,3
1849,14.44531250,-5151456,-15986896,-0.303292066350,4FD934098AFD25FF,0,0,0,1277,1178,38,175,26,9,63,1,3
1850,14.45312500,-5276039,-15946650,-0.310727247783,428E66173AADA4AF,0,1,0,1064,1843,92,938,27,9,21,1,3
1851,14.46093750,-5400300,-15905431,-0.318143464026,50593809CB1E25FF,0,0,0,1285,1180,39,177,28,9,63,1,3
1852,14.46875000,-5524232,-15863241,-0.325540262432,42B666177A9EA6AF,1,0,0,1067,819,93,937,29,9,85,1,3
1853,14.47656250,-5647826,-15820083,-0.332917191538,4369D7E9C30F25D7,1,1,0,1078,1259,-89,48,30,9,58,1,3
1854,14.48437500,-5771076,-15775959,-0.340273801094,3DDE3A1B7CDFA4BF,1,0,0,989,1821,109,973,31,9,23,1,3
1855,14.49218750,-5893973,-15730872,-0.347609642092,3DD1C61B7CD024BB,1,0,0,989,227,109,973,0,9,23,0,3
1856,14.50000000,-6016511,-15684825,-0.354924266789,3B8A25D37EE0A6D3,1,1,0,952,1298,-179,1006,1,9,90,0,3
1857,14.50781250,-6138681,-15637821,-0.362217228737,47C57FFDB5E125A3,0,0,0,1148,703,-10,862,2,9,52,0,3
1858,14.51562500,-6260477,-15589863,-0.369488082814,4099F3EE4141A6C3,1,0,0,1033,1273,-71,20,3,9,88,0,3
1859,14.52343750,-6381891,-15540953,-0.376736385241,3D66381AFDA225D3,1,1,0,982,796,107,986,4,9,58,0,3
1860,14.53125000,-6502915,-15491094,-0.383961693622,42B1C9E44342A8C3,0,0,0,1067,228,-111,52,5,10,24,0,3
1861,14.53906250,-6623542,-15440290,-0.391163566960,308ED5FB74A32803,1,0,0,776,1898,-19,842,6,10,0,0,3
1862,14.54687500,-6743765,-15388544,-0.398341565690,4AA900090DA3AA93,0,1,0,1194,1152,36,218,7,10,82,0,3
1863,14.55468750,-6863576,-15335858,-0.405495251704,41D65612BAB429E3,1,0,0,1053,811,74,939,8,10,60,0,3
1864,14.56250000,-6982968,-15282236,-0.412624188378,42B1D3E982E4A8C3,0,0,0,1067,233,-90,46,9,10,24,0,3
1865,14.57031250,-7101934,-15227682,-0.419727940598,30D6D9FB34E52A03,1,0,0,781,876,-20,846,10,10,64,0,3
1866,14.57812500,-7220467,-15172198,-0.426806074788,3DB19FE90585A8B3,1,1,0,987,207,-92,88,11,10,22,0,3
1867,14.58593750,-7338559,-15115788,-0.433858158935,301EC9F6B4F62803,1,0,0,769,1892,-38,847,12,10,0,0,3
1868,14.59375000,-7456203,-15058456,-0.440883762616,4A28FC090D76AA8B,0,0,0,1186,1150,36,215,13,10,81,0,3
1869,14.60156250,-7573392,-15000204,-0.447882457024,41CE56127AC72BE3,0,0,0,1052,1835,73,940,14,10,124,0,3
1870,14.60937500,-7690119,-14941037,-0.454853814996,4F9934098AF7AA9B,0,1,0,1273,1178,38,175,15,10,83,0,3
1871,14.61718750,-7806376,-14880958,-0.461797411036,42B664173AA829EB,1,0,0,1067,818,92,938,16,10,61,0,3
1872,14.62500000,-7922157,-14819971,-0.468712821342,4311D7E9C308A8C3,0,0,0,1073,235,-89,48,17,10,24,0,3
1873,14.63281250,-8037454,-14758079,-0.475599623832,3116D9FB34D92A03,1,1,0,785,876,-20,845,18,10,64,0,3
1874,14.64062500,-8152261,-14695286,-0.482457398174,3DA9A1E90589AABB,1,0,0,986,1232,-92,88,19,10,87,0,3
1875,14.64843750,-8266570,-14631596,-0.489285725802,3D1E2A16BCFA2BDB,0,0,0,977,1813,90,975,20,10,123,0,3
1876,14.65625000,-8380375,-14567013,-0.496084189951,4EF928050B3AAA9B,0,0,0,1263,1172,20,179,21,10,83,0,3
1877,14.66406250,-8493668,-14501541,-0.502852375679,427660173A8B29EB,1,1,0,1063,816,92,936,22,10,61,0,3
1878,14.67187500,-8606443,-14435184,-0.509589869889,42F1D7E9830BA8C3,0,0,0,1071,235,-90,48,23,10,24,0,3
1879,14.67968750,-8718693,-14367946,-0.516296261360,312ED9FB34DC2803,1,0,0,786,1900,-20,845,24,10,0,0,3
1880,14.68750000,-8830410,-14299831,-0.522971140768,4A9100094D8CA893,0,0,0,1193,128,37,216,25,10,18,0,3
1881,14.69531250,-8941588,-14230843,-0.529614100714,3516F5F272BD2A0B,1,1,0,849,890,-55,811,26,10,65,0,3
1882,14.70312500,-9052221,-14160987,-0.536224735744,3DA9A7EDC52DAABB,1,0,0,986,1235,-73,82,27,10,87,0,3
1883,14.71093750,-9162301,-14090267,-0.542802642381,3D662C167D3E29DB,1,0,0,982,790,89,979,28,10,59,0,3
1884,14.71875000,-9271822,-14018687,-0.549347419142,4209C9E5032EAAC3,1,0,0,1056,1252,-108,50,29,10,88,0,3
1885,14.72656250,-9380777,-13946251,-0.555858666567,3DA6341B3CCF2DE3,1,0,0,986,794,108,972,30,11,60,0,3
1886,14.73437500,-9489160,-13872964,-0.562335987245,4231CDE4C35FACCB,0,1,0,1059,230,-109,53,31,11,25,0,3
1887,14.74218750,-9596963,-13798830,-0.568778985833,423E35E4C3502CCF,0,0,0,1059,1818,-109,53,0,11,25,1,3
1888,14.75000000,-9704181,-13723854,-0.575187269082,44F5DC2CC120AEE7,0,0,0,1103,750,179,18,1,11,92,1,3
1889,14.75781250,-9810806,-13648040,-0.581560445866,37FA8202CA112DB7,1,0,0,895,1345,11,161,2,11,54,1,3
1890,14.76562500,-9916833,-13571393,-0.587898127197,3FC60E11FED1AED7,1,0,0,1020,775,71,1005,3,11,90,1,3
1891,14.77343750,-10022254,-13493918,-0.594199926257,4249C9E582522DE7,1,1,0,1060,1252,-106,37,4,11,60,1,3
1892,14.78125000,-10127064,-13415619,-0.600465458416,3DBE381BBCD2ACCF,1,0,0,987,1820,110,973,5,11,25,1,3
1893,14.78906250,-10231255,-13336501,-0.606694341258,4F292C050B532E0F,0,0,0,1266,1174,20,181,6,11,65,1,3
1894,14.79687500,-10334822,-13256569,-0.612886194605,42CE60173A83ACC7,0,0,0,1068,1840,92,936,7,11,24,1,3
1895,14.80468750,-10437758,-13175828,-0.619040640537,4FB93A09CB042E0F,0,0,0,1275,1181,39,176,8,11,65,1,3
1896,14.81250000,-10540057,-13094283,-0.625157303420,432E64173AA4ACBF,0,1,0,1074,1842,92,938,9,11,23,1,3
1897,14.82031250,-10641713,-13011939,-0.631235809922,4FC13A0A0AF52C0F,0,0,0,1276,157,40,175,10,11,1,1,3
1898,14.82812500,-10742719,-12928801,-0.637275789045,363705F732A5AE97,1,0,0,867,898,-36,810,11,11,82,1,3
1899,14.83593750,-10843070,-12844874,-0.643276872137,3DF1ADEE05362FEF,0,0,0,991,214,-72,83,12,11,125,1,3
1900,14.84375000,-10942759,-12760163,-0.649238692926,30CECDF67526ACA7,1,0,0,780,1894,-39,850,13,11,20,1,3
1901,14.85156250,-11041780,-12674673,-0.655160887530,49F0FE094D572C1F,0,1,0,1183,127,37,213,14,11,3,1,3
1902,14.85937500,-11140127,-12588409,-0.661043094491,3536F5F232D7AE9F,1,0,0,851,890,-56,813,15,11,83,1,3
1903,14.86718750,-11237794,-12501377,-0.666884954788,3D69A7EDC5182DEF,1,0,0,982,1235,-73,81,16,11,61,1,3
1904,14.87500000,-11334775,-12413582,-0.672686111866,3D9E2C163D48ACCF,1,0,0,985,1814,88,980,17,11,25,1,3
1905,14.88281250,-11431064,-12325029,-0.678446211650,4EC928054B192E0F,0,0,0,1260,1172,21,177,18,11,65,1,3
1906,14.89062500,-11526656,-12235724,-0.684164902574,42B66016FA99AEC7,1,0,0,1067,816,91,937,19,11,88,1,3
1907,14.89843750,-11621544,-12145672,-0.689841835598,42A9D7E9C30A2DE7,1,0,0,1066,1259,-89,48,20,11,60,1,3
1908,14.90625000,-11715723,-12054879,-0.695476664233,3E66381B3CEAAECF,1,1,0,998,796,108,974,21,11,89,1,3
1909,14.91406250,-11809187,-11963350,-0.701069044557,4229CDE5433B2DE7,1,0,0,1058,1254,-107,51,22,11,60,1,3
1910,14.92187500,-11901930,-11871091,-0.706618635239,3E06341B3CCBB2D7,1,0,0,992,794,108,972,23,12,90,1,3
1911,14.92968750,-11993946,-11778107,-0.712125097563,4209CDE5034C31EF,1,0,0,1056,1254,-108,52,24,12,61,1,3
1912,14.93750000,-12085230,-11684404,-0.717588095440,3E06341B3CCCB2D7,1,0,0,992,794,108,972,25,12,90,1,3
1913,14.94531250,-12175777,-11589988,-0.723007295439,4209CDE5034D31EF,1,0,0,1056,1254,-108,52,26,12,61,1,3
1914,14.95312500,-12265581,-11494865,-0.728382366799,3E1E341B3CCDB0D7,1,0,0,993,1818,108,972,27,12,26,1,3
1915,14.96093750,-12354636,-11399040,-0.733712981454,4EF12E054B4E3017,0,1,0,1263,151,21,180,28,12,2,1,3
1916,14.96875000,-12442937,-11302519,-0.738998814050,360EFFF6F28EB0A7,1,0,0,864,1919,-37,808,29,12,20,1,3
1917,14.97656250,-12530478,-11205309,-0.744239541967,4AA90E0E0D3F321F,0,0,0,1194,1159,56,211,30,12,67,1,3
1918,14.98437500,-12617255,-11107415,-0.749434845339,42B658127AFFB2CF,1,0,0,1067,812,73,943,31,12,89,1,3
1919,14.99218750,-12703262,-11008843,-0.754584407070,42B9A8127AF032CB,1,0,0,1067,1236,73,943,0,12,89,0,3
1920,15.00000000,-12788493,-10909599,-0.759687912859,47A993F74610B2C3,0,0,0,1146,1225,-35,97,1,12,88,0,3
1921,15.00781250,-12872944,-10809689,-0.764745051213,406E4A197C1133F3,0,0,0,1030,1829,101,961,2,12,126,0,3
1922,15.01562500,-12956609,-10709119,-0.769755513470,4F4132074B21B0AB,0,0,0,1268,153,29,178,3,12,21,0,3
1923,15.02343750,-13039483,-10607895,-0.774718993819,363701F732923223,1,1,0,867,896,-36,809,4,12,68,0,3
1924,15.03125000,-13121561,-10506024,-0.779635189313,3DB1ADEE0532B0CB,1,0,0,987,214,-72,83,5,12,25,0,3
1925,15.03906250,-13202838,-10403512,-0.784503799893,30FECBF675333013,1,0,0,783,1893,-39,851,6,12,2,0,3
1926,15.04687500,-13283310,-10300365,-0.789324528406,49B0FE094D53B09B,0,0,0,1179,127,37,213,7,12,19,0,3
1927,15.05468750,-13362971,-10196589,-0.794097080617,356EF3F232D4301B,1,0,0,854,1913,-56,813,8,12,3,0,3
1928,15.06250000,-13441816,-10092191,-0.798821165235,4A29080DCD14B2A3,0,0,0,1186,1156,55,209,9,12,84,0,3
1929,15.07031250,-13519841,-9987177,-0.803496493927,42AE58123B0533F3,0,0,0,1066,1836,72,944,10,12,126,0,3
1930,15.07812500,-13597041,-9881553,-0.808122781334,4F21360A0AC5B0AB,0,0,0,1266,155,40,172,11,12,21,0,3
1931,15.08593750,-13673411,-9775326,-0.812699745092,365703F6F2B63223,1,0,0,869,897,-37,811,12,12,68,0,3
1932,15.09375000,-13748946,-9668502,-0.817227105846,3DB1ADEE0526B0CB,1,0,0,987,214,-72,82,13,12,25,0,3
1933,15.10156250,-13823642,-9561088,-0.821704587269,311ECDF675373013,1,1,0,785,1894,-39,851,14,12,2,0,3
1934,15.10937500,-13897494,-9453091,-0.826131916080,49B0FE098D57B09B,0,0,0,1179,127,38,213,15,12,19,0,3
1935,15.11718750,-13970498,-9344517,-0.830508822057,3576F5F232D83623,1,0,0,855,890,-56,813,16,13,68,0,3
1936,15.12500000,-14042649,-9235372,-0.834835038056,3D29A9EDC518B6D3,1,0,0,978,1236,-73,81,17,13,90,0,3
1937,15.13281250,-14113943,-9125664,-0.839110300027,3DE62C163D4935F3,1,0,0,990,790,88,980,18,13,62,0,3
1938,15.14062500,-14184376,-9015399,-0.843334347030,4189C9E54309B6DB,1,0,0,1048,1252,-107,48,19,13,91,0,3
1939,15.14843750,-14253943,-8904584,-0.847506921252,3E1E341AFCDA37F3,0,0,0,993,1818,107,973,20,13,126,0,3
1940,15.15625000,-14322640,-8793225,-0.851627768019,4EC12E054B4AB4B3,0,0,0,1260,151,21,180,21,13,22,0,3
1941,15.16406250,-14390463,-8681329,-0.855696635817,3636FFF6F28B3623,1,0,0,867,895,-37,808,22,13,68,0,3
1942,15.17187500,-14457408,-8568904,-0.859713276302,3D71ADEE053BB4D3,1,0,0,983,214,-72,83,23,13,26,0,3
1943,15.17968750,-14523470,-8455955,-0.863677444321,311ECBF6353C341B,1,0,0,785,1893,-40,851,24,13,3,0,3
1944,15.18750000,-14588646,-8342490,-0.867588897919,4990FE098D4CB4A3,0,0,0,1177,127,38,212,25,13,20,0,3
1945,15.19531250,-14652931,-8228516,-0.871447398363,3576F3F232ED3623,1,0,0,855,889,-56,814,26,13,68,0,3
1946,15.20312500,-14716322,-8114040,-0.875252710149,3D11A9EDC50DB4D3,1,1,0,977,212,-73,80,27,13,26,0,3
1947,15.21093750,-14778815,-7999069,-0.879004601022,30FECBF6354E341B,1,0,0,783,1893,-40,852,28,13,3,0,3
1948,15.21875000,-14840406,-7883610,-0.882702841983,4990FE094D4EB4A3,0,0,0,1177,127,37,212,29,13,20,0,3
1949,15.22656250,-14901091,-7767669,-0.886347207313,358EF3F232EF3423,1,0,0,856,1913,-56,814,30,13,4,0,3
1950,15.23437500,-14960866,-7651254,-0.889937474578,4A09080E0D1FB6AB,0,0,0,1184,1156,56,209,31,13,85,0,3
1951,15.24218750,-15019728,-7534372,-0.893473424647,4A06F80E0D1036AF,0,0,0,1184,892,56,209,0,13,85,1,3
1952,15.25000000,-15077674,-7417030,-0.896954841702,3F768009F900B6CF,1,0,0,1015,832,39,912,1,13,89,1,3
1953,15.25781250,-15134699,-7299236,-0.900381513257,40C9C9EB035135F7,1,0,0,1036,1252,-84,53,2,13,62,1,3
1954,15.26562500,-15190801,-7180996,-0.903753230166,3E663419BD11B6DF,1,0,0,998,794,102,977,3,13,91,1,3
1955,15.27343750,-15245975,-7062318,-0.907069786635,41B1CDE5432237F7,0,0,0,1051,230,-107,50,4,13,126,1,3
1956,15.28125000,-15300219,-6943209,-0.910330980240,316ED3FAF4D2B4B7,1,0,0,790,1897,-21,845,5,13,22,1,3
1957,15.28906250,-15353529,-6823676,-0.913536611933,49D102094D733427,0,0,0,1181,129,37,215,6,13,4,1,3
1958,15.29687500,-15405902,-6703727,-0.916686486061,35AEF3F232D3B4AF,1,0,0,858,1913,-56,813,7,13,21,1,3
1959,15.30468750,-15457335,-6583368,-0.919780410370,49F10A0E0D043427,0,0,0,1183,133,56,208,8,13,4,1,3
1960,15.31250000,-15507824,-6462608,-0.922818196024,35F6F7F1F314BAB7,1,0,0,863,891,-57,817,9,14,86,1,3
1961,15.32031250,-15557367,-6341453,-0.925799657611,3D29A9EE04F53A07,1,0,0,978,1236,-72,79,10,14,64,1,3
1962,15.32812500,-15605960,-6219911,-0.928724613159,3E062C163D55BAE7,1,0,0,992,790,88,981,11,14,92,1,3
1963,15.33593750,-15653601,-6097989,-0.931592884143,4169C9E5430639FF,1,0,0,1046,1252,-107,48,12,14,63,1,3
1964,15.34375000,-15700286,-5975695,-0.934404295500,3E46341AFCE6BAE7,1,0,0,996,794,107,974,13,14,92,1,3
1965,15.35156250,-15746013,-5853037,-0.937158675634,41A9CDE5033739FF,1,0,0,1050,1254,-108,51,14,14,63,1,3
1966,15.35937500,-15790779,-5730021,-0.939855856433,3E5E341AFCD7B8E7,1,0,0,997,1818,107,973,15,14,28,1,3
1967,15.36718750,-15834581,-5606656,-0.942495673274,4E912E054B483827,0,0,0,1257,151,21,180,16,14,4,1,3
1968,15.37500000,-15877417,-5482948,-0.945077965038,364EFFF6F298B8B7,1,0,0,868,1919,-37,809,17,14,22,1,3
1969,15.38281250,-15919283,-5358906,-0.947602574114,4A510E0E0D39382F,0,0,0,1189,135,56,211,18,14,5,1,3
1970,15.39062500,-15960178,-5234537,-0.950069346412,3616F7F23309BAB7,1,0,0,865,891,-56,816,19,14,86,1,3
1971,15.39843750,-16000099,-5109848,-0.952478131375,3D11A9EE04FA3807,0,1,0,977,212,-72,79,20,14,0,1,3
1972,15.40625000,-16039043,-4984847,-0.954828781982,312ECBF6354AB8BF,1,0,0,786,1893,-40,852,21,14,23,1,3
1973,15.41406250,-16077008,-4859542,-0.957121154761,4970FE098D4B3837,0,0,0,1175,127,38,212,22,14,6,1,3
1974,15.42187500,-16113992,-4733940,-0.959355109798,35AEF3F1F2EBB8B7,1,0,0,858,1913,-57,814,23,14,22,1,3
1975,15.42968750,-16149992,-4608049,-0.961530510744,49E90A0E0D0C3A2F,0,0,0,1182,1157,56,208,24,14,69,1,3
1976,15.43750000,-16185007,-4481877,-0.963647224824,42F658123B1CBADF,1,0,0,1071,812,72,945,25,14,91,1,3
1977,15.44531250,-16219034,-4355432,-0.965705122844,41F1D5EA02BD3BFF,0,0,0,1055,234,-88,43,26,14,127,1,3
1978,15.45312500,-16252071,-4228721,-0.967704079200,31CED7FAF50DB8BF,1,0,0,796,1899,-21,848,27,14,23,1,3
1979,15.46093750,-16284116,-4101752,-0.969643971887,49D102098D6E382F,0,0,0,1181,129,38,214,28,14,5,1,3
1980,15.46875000,-16315167,-3974532,-0.971524682504,35CEF3F232DEB8B7,1,0,0,860,1913,-56,813,29,14,22,1,3
1981,15.47656250,-16345222,-3847070,-0.973346096262,49E90A0E0D0F3A2F,0,0,0,1182,1157,56,208,30,14,69,1,3
1982,15.48437500,-16374280,-3719373,-0.975108101991,42F658123B1FBADF,1,0,0,1071,812,72,945,31,14,91,1,3
1983,15.49218750,-16402338,-3591449,-0.976810592147,42F9A8123B103ADB,1,0,0,1071,1236,72,945,0,14,91,0,3
1984,15.50000000,-16429395,-3463306,-0.978453462819,475193F74600B8D3,0,0,0,1141,201,-35,96,1,14,26,0,3
1985,15.50781250,-16455449,-3334951,-0.980036613735,33CEE9F934113C33,1,0,0,828,1908,-28,833,2,15,6,0,3
1986,15.51562500,-16480499,-3206393,-0.981559948267,4A11060B8D51BCBB,0,0,0,1185,131,46,213,3,15,23,0,3
1987,15.52343750,-16504543,-3077639,-0.983023373440,35EEF5F232E23C33,1,0,0,862,1914,-56,814,4,15,6,0,3
1988,15.53125000,-16527580,-2948697,-0.984426799932,49E90A0E0D02BEBB,0,0,0,1182,1157,56,208,5,15,87,0,3
1989,15.53906250,-16549608,-2819575,-0.985770142086,430E58123B133C0B,0,0,0,1072,1836,72,945,6,15,1,0,3
1990,15.54687500,-16570626,-2690281,-0.987053317912,4ED9360A4AC3BEC3,0,0,0,1261,1179,41,172,7,15,88,0,3
1991,15.55468750,-16590632,-2560823,-0.988276249091,43AE6416FAD43C13,0,0,0,1082,1842,91,941,8,15,2,0,3
1992,15.56250000,-16609626,-2431209,-0.989438860981,4F393A0A4AE4BEC3,0,0,0,1267,1181,41,174,9,15,88,0,3
1993,15.57031250,-16627606,-2301446,-0.990541082623,43CE6416FAC53C13,0,0,0,1084,1842,91,940,10,15,2,0,3
1994,15.57812500,-16644571,-2171543,-0.991582846742,4F413A0A4AE5BCC3,0,0,0,1268,157,41,174,11,15,24,0,3
1995,15.58593750,-16660520,-2041507,-0.992564089756,36D703F6F2B63E3B,1,0,0,877,897,-37,811,12,15,71,0,3
1996,15.59375000,-16675452,-1911347,-0.993484751773,3D69ADEE4516BEE3,1,0,0,982,1238,-71,81,13,15,92,0,3
1997,15.60156250,-16689367,-1781070,-0.994344776602,3E462C163D473E03,1,0,0,996,790,88,980,14,15,64,0,3
1998,15.60937500,-16702263,-1650684,-0.995144111750,4151C9E58307BCEB,1,0,0,1045,228,-106,48,15,15,29,0,3
1999,15.61718750,-16714140,-1520198,-0.995882708431,317ED3FAB4D83C2B,1,0,0,791,1897,-22,845,16,15,5,0,3
2000,15.62500000,-16724996,-1389619,-0.996560521565,49A902094D78BEBB,0,0,0,1178,1153,37,215,17,15,87,0,3
2001,15.63281250,-16734832,-1258955,-0.997177509780,42CE54123AE93C0B,0,0,0,1068,1834,72,942,18,15,1,0,3
2002,15.64062500,-16743646,-1128214,-0.997733635421,4EB9360A0AC9BEC3,0,0,0,1259,1179,40,172,19,15,88,0,3
2003,15.64843750,-16751438,-997404,-0.998228864542,43966416BADA3E13,1,0,0,1081,818,90,941,20,15,66,0,3
2004,15.65625000,-16758208,-866533,-0.998663166919,4249D9EA02EABEEB,1,0,0,1060,1260,-88,46,21,15,93,0,3
2005,15.66406250,-16763955,-735609,-0.999036516043,3EE6381AFCFB3E03,1,0,0,1006,796,107,975,22,15,64,0,3
2006,15.67187500,-16768679,-604641,-0.999348889128,41B1CFE5832BBCEB,0,0,0,1051,231,-106,50,23,15,29,0,3
2007,15.67968750,-16772379,-473636,-0.999600267107,3196D3FAF4DC3E2B,1,0,0,793,873,-21,845,24,15,69,0,3
2008,15.68750000,-16775056,-342602,-0.999790634638,3CB1A1E9457CBCE3,1,0,0,971,208,-91,87,25,15,28,0,3
2009,15.69531250,-16776709,-211547,-0.999919980102,30FEC7F6351D3C2B,1,0,0,783,1891,-40,849,26,15,5,0,3
2010,15.70312500,-16777338,-80479,-0.999988295604,4948FE094D5DC2BB,0,0,0,1172,1151,37,213,27,16,87,0,3
2011,15.71093750,-16776943,50594,-0.999995576975,42AE5411FAFE4013,0,0,0,1066,1834,71,943,28,16,2,0,3
2012,15.71875000,-16775524,181664,-0.999941823770,4EB9360A0ACEC2CB,0,0,0,1259,1179,40,172,29,16,89,0,3
2013,15.72656250,-16773081,312723,-0.999827039270,43966416BADF421B,1,0,0,1081,818,90,941,30,16,67,0,3
2014,15.73437500,-16769614,443763,-0.999651230480,4249D9EA02EFC2F3,1,0,0,1060,1260,-88,46,31,16,94,0,3
2015,15.74218750,-16765124,574776,-0.999414408132,424629EA02E042F7,1,0,0,1060,788,-88,46,0,16,94,1,3
2016,15.75000000,-16759610,705754,-0.999116586680,38E6800C3940C2E7,1,0,0,910,832,48,916,1,16,92,1,3
2017,15.75781250,-16753073,836688,-0.998757784300,3F71B9E744314017,0,0,0,1015,220,-99,67,2,16,2,1,3
2018,15.76562500,-16745514,967571,-0.998338022894,314ECDF8B4F1C0CF,1,0,0,788,1894,-30,847,3,16,25,1,3
2019,15.77343750,-16736933,1098395,-0.997857328080,497100094D624047,0,0,0,1175,128,37,214,4,16,8,1,3
2020,15.78125000,-16727330,1229152,-0.997315729198,35B6F3F1F2E2C2C7,1,0,0,859,889,-57,814,5,16,88,1,3
2021,15.78906250,-16716706,1359834,-0.996713259304,3CE9A9EE05034217,1,0,0,974,1236,-72,80,6,16,66,1,3
2022,15.79687500,-16705062,1490433,-0.996049955170,3E262C15FD53C2F7,1,0,0,994,790,87,981,7,16,94,1,3
2023,15.80468750,-16692398,1620941,-0.995325857281,4149C9E54304420F,1,0,0,1044,1252,-107,48,8,16,65,1,3
2024,15.81250000,-16678716,1751350,-0.994541009831,3E5E341AFCE4C0F7,1,0,0,997,1818,107,974,9,16,30,1,3
2025,15.82031250,-16664016,1881652,-0.993695460725,4E712E054B354037,0,0,0,1255,151,21,179,10,16,6,1,3
2026,15.82812500,-16648298,2011840,-0.992789261569,366EFFF6F295C0C7,1,0,0,870,1919,-37,809,11,16,24,1,3
2027,15.83593750,-16631564,2141905,-0.991822467673,4A490E0E0D36423F,0,0,0,1188,1159,56,211,12,16,71,1,3
2028,15.84375000,-16613815,2271839,-0.990795138046,432E58123B06C0EF,0,0,0,1074,1836,72,944,13,16,29,1,3
2029,15.85156250,-16595052,2401634,-0.989707335391,4ED9360A4AB74237,0,0,0,1261,1179,41,171,14,16,70,1,3
2030,15.85937500,-16575276,2531283,-0.988559126101,43AE6416FAD7C0E7,0,0,0,1082,1842,91,941,15,16,28,1,3
2031,15.86718750,-16554489,2660777,-0.987350580257,4F393A0A4AE84237,0,0,0,1267,1181,41,174,16,16,70,1,3
2032,15.87500000,-16532691,2790109,-0.986081771623,43CE6416FAC8C0E7,0,0,0,1084,1842,91,940,17,16,28,1,3
2033,15.88281250,-16509884,2919271,-0.984752777640,4F413A0A4AE94037,0,0,0,1268,157,41,174,18,16,6,1,3
2034,15.89062500,-16486070,3048254,-0.983363679423,36CF03F6F2B9C0BF,1,0,0,876,1921,-37,811,19,16,23,1,3
2035,15.89843750,-16461249,3177051,-0.981914561755,4A710E0E4D2A403F,0,0,0,1191,135,57,210,20,16,7,1,3
2036,15.90625000,-16435424,3305655,-0.980405513084,362EF9F2330AC4CF,1,0,0,866,1916,-56,816,21,17,25,1,3
2037,15.91406250,-16408595,3434057,-0.978836625513,4A110A0E4CFB4447,0,0,0,1185,133,57,207,22,17,8,1,3
2038,15.92187500,-16380765,3562249,-0.977207994799,360EF7F2331BC4CF,1,0,0,864,1915,-56,817,23,17,25,1,3
2039,15.92968750,-16351935,3690224,-0.975519720347,4A090A0E0CFC4647,0,0,0,1184,1157,56,207,24,17,72,1,3
2040,15.93750000,-16322107,3817973,-0.973771905199,42F658123B1CC6F7,0,0,0,1071,812,72,945,25,17,94,1,3
2041,15.94531250,-16291283,3945489,-0.971964656032,41F9D5EA02BD4617,1,0,0,1055,1258,-88,43,26,17,66,1,3
2042,15.95312500,-16259465,4072765,-0.970098083153,3EBE381AFD0DC4FF,1,0,0,1003,1820,107,976,27,17,31,1,3
2043,15.96093750,-16226654,4199792,-0.968172300487,4EA92E058B3E463F,0,0,0,1258,1175,22,179,28,17,71,1,3
2044,15.96875000,-16192853,4326563,-0.966187425573,43566016FA9EC6F7,0,0,0,1077,816,91,937,29,17,94,1,3
2045,15.97656250,-16158063,4453070,-0.964143579559,4239D9EA02EF4617,1,0,0,1059,1260,-88,46,30,17,66,1,3
2046,15.98437500,-16122287,4579305,-0.962040887191,3EC6381AFD0FC6FF,1,0,0,1004,796,107,976,31,17,95,1,3
2047,15.99218750,-16085527,4705260,-0.959879476805,3EC9C81AFD0046FB,1,0,0,1004,1252,107,976,0,17,95,0,3
2048,16.00000000,-16047785,4830928,-0.957659480323,478987F386B0C6EB,0,0,0,1144,1219,-50,107,1,17,93,0,3
2049,16.00781250,-16009064,4956301,-0.955381033243,40AE48193BD1441B,0,0,0,1034,1828,100,957,2,17,3,0,3
2050,16.01562500,-15969366,5081372,-0.953044274629,4ED934078B11C6D3,0,0,0,1261,1178,30,177,3,17,90,0,3
2051,16.02343750,-15928693,5206133,-0.950649347104,43766216FAA24623,1,0,0,1079,817,91,938,4,17,68,0,3
2052,16.03125000,-15887048,5330576,-0.948196396843,4251D9EA02E2C4FB,0,0,0,1061,236,-88,46,5,17,31,0,3
2053,16.03906250,-15844433,5454694,-0.945685573561,31D6D7FAF4F3463B,1,0,0,797,875,-21,847,6,17,71,0,3
2054,16.04687500,-15800851,5578479,-0.943117030506,3CE9A1E98563C6F3,1,0,0,974,1232,-90,86,7,17,94,0,3
2055,16.05468750,-15756305,5701923,-0.940490924448,3DC628163D144613,1,0,0,988,788,88,977,8,17,66,0,3
2056,16.06250000,-15710797,5825019,-0.937807415672,4149C9E54314C6FB,1,0,0,1044,1252,-107,49,9,17,95,0,3
2057,16.07031250,-15664330,5947760,-0.935066667964,3E46341ABCE54613,1,0,0,996,794,106,974,10,17,66,0,3
2058,16.07812500,-15616907,6070138,-0.932268848607,41A9CDE54335C6FB,1,0,0,1050,1254,-107,51,11,17,95,0,3
2059,16.08593750,-15568531,6192145,-0.929414128365,3E66341AFCD64613,1,0,0,998,794,107,973,12,17,66,0,3
2060,16.09375000,-15519205,6313774,-0.926502681474,41A9CDE54336C6FB,1,0,0,1050,1254,-107,51,13,17,95,0,3
2061,16.10156250,-15468931,6435018,-0.923534685635,3E66341AFCD74A1B,1,0,0,998,794,107,973,14,18,67,0,3
2062,16.10937500,-15417713,6555869,-0.920510321999,41B1CDE54337C903,1,1,0,1051,230,-107,51,15,18,32,0,3
2063,16.11718750,-15365554,6676320,-0.917429775157,3166D3FAF4C84A43,1,0,0,790,873,-21,844,16,18,72,0,3
2064,16.12500000,-15312457,6796363,-0.914293233131,3CD1A1E94578C8FB,1,0,0,973,208,-91,87,17,18,31,0,3
2065,16.13281250,-15258426,6915992,-0.911100887358,30C6C7F635194A43,1,0,0,780,867,-40,849,18,18,72,0,3
2066,16.14062500,-15203464,7035198,-0.907852932683,3C719DE94559C8F3,1,0,0,967,206,-91,85,19,18,30,0,3
2067,16.14843750,-15147574,7153975,-0.904549567344,30A6C7F5F52A4A43,1,0,0,778,867,-41,850,20,18,72,0,3
2068,16.15625000,-15090759,7272315,-0.901190992962,3C699DE9055ACAF3,1,0,0,966,1230,-92,85,21,18,94,0,3
2069,16.16406250,-15033023,7390212,-0.897777414526,3D9E28163D2B481B,0,0,0,985,1812,88,978,22,18,3,0,3
2070,16.17187500,-14974369,7507657,-0.894309040384,4E412A054B1BC8DB,0,0,0,1252,149,21,177,23,18,27,0,3
2071,16.17968750,-14914801,7624644,-0.890786082228,3616FFF6B29C4A4B,1,0,0,865,895,-38,809,24,18,73,0,3
2072,16.18750000,-14854323,7741166,-0.887208755081,3D71ADEDC53CC8FB,1,0,0,983,214,-73,83,25,18,31,0,3
2073,16.19531250,-14792939,7857215,-0.883577277284,311ECBF6353D4843,1,0,0,785,1893,-40,851,26,18,8,0,3
2074,16.20312500,-14730652,7972785,-0.879891870484,4990FE098D4DC8CB,0,0,0,1177,127,38,212,27,18,25,0,3
2075,16.21093750,-14667466,8087868,-0.876152759620,3576F3F232EE4A4B,1,0,0,855,889,-56,814,28,18,73,0,3
2076,16.21875000,-14603384,8202458,-0.872360172907,3D11A9EDC50EC8FB,1,0,0,977,212,-73,80,29,18,31,0,3
2077,16.22656250,-14538411,8316547,-0.868514341826,30FECBF6354F4843,1,0,0,783,1893,-40,852,30,18,8,0,3
2078,16.23437500,-14472551,8430128,-0.864615501105,4990FE094D4FC8CB,0,0,0,1177,127,37,212,31,18,25,0,3
2079,16.24218750,-14405807,8543195,-0.860663888711,499F02094D4048CF,0,0,0,1177,1921,37,212,0,18,25,1,3
2080,16.25000000,-14338184,8655740,-0.856659745829,4C2DDC2A00E0C91F,0,1,0,1218,1774,168,14,1,18,35,1,3
2081,16.25781250,-14269686,8767757,-0.852603316851,45A1F626D1214817,0,0,0,1114,251,155,274,2,18,2,1,3
2082,16.26562500,-14200317,8879239,-0.848494849362,3876DFEE74C1CADF,1,0,0,903,879,-71,844,3,18,91,1,3
2083,16.27343750,-14130081,8990179,-0.844334594120,3DD1ABEE84324827,0,0,0,989,213,-70,67,4,18,4,1,3
2084,16.28125000,-14058983,9100570,-0.840122805046,30EECFF6B552C8DF,1,0,0,782,1895,-38,853,5,18,27,1,3
2085,16.28906250,-13987027,9210406,-0.835859739207,49B0FE094D534857,0,0,0,1179,127,37,213,6,18,10,1,3
2086,16.29687500,-13914217,9319680,-0.831545656797,3576F3F232D3CEDF,1,0,0,855,889,-56,813,7,19,91,1,3
2087,16.30468750,-13840558,9428385,-0.827180821126,3D29A9EDC5044E2F,1,0,0,978,1236,-73,80,8,19,69,1,3
2088,16.31250000,-13766054,9536514,-0.822765498602,3DC62C163D44CF0F,1,0,0,988,790,88,980,9,19,97,1,3
2089,16.32031250,-13690710,9644061,-0.818299958712,4191C9E543154C27,0,0,0,1049,228,-107,49,10,19,4,1,3
2090,16.32812500,-13614530,9751020,-0.813784474010,3116D3FAF4D5CEE7,1,0,0,785,873,-21,845,11,19,92,1,3
2091,16.33593750,-13537519,9857384,-0.809219320099,3CF1A1E905864C37,1,0,0,975,208,-92,88,12,19,6,1,3
2092,16.34375000,-13459682,9963146,-0.804604775611,309EC7F63506CCE7,1,1,0,777,1891,-40,848,13,19,28,1,3
2093,16.35156250,-13381023,10068300,-0.799941122194,4988FE094D574E5F,0,0,0,1176,1151,37,213,14,19,75,1,3
2094,16.35937500,-13301548,10172839,-0.795228644495,425654123AE7CF07,0,0,0,1061,810,72,942,15,19,96,1,3
2095,16.36718750,-13221261,10276757,-0.790467630137,4221D5E9C2D84C27,0,0,0,1058,234,-89,45,16,19,4,1,3
2096,16.37500000,-13140167,10380048,-0.785658369710,3176D7FAF4F8CEE7,1,0,0,791,875,-21,847,17,19,92,1,3
2097,16.38281250,-13058271,10482706,-0.780801156746,3D29A1E945794E37,1,0,0,978,1232,-91,87,18,19,70,1,3
2098,16.39062500,-12975578,10584724,-0.775896287703,3D8628167D19CF0F,1,0,0,984,788,89,977,19,19,97,1,3
2099,16.39843750,-12892093,10686096,-0.770944061950,4189C9E5031A4E27,1,0,0,1048,1252,-108,49,20,19,68,1,3
2100,16.40625000,-12807821,10786815,-0.765944781745,3DFE341AFCDACD0F,1,0,0,991,1818,107,973,21,19,33,1,3
2101,16.41406250,-12722767,10886876,-0.760898752218,4ED12E050B4B4C4F,0,1,0,1261,151,20,180,22,19,9,1,3
2102,16.42187500,-12636937,10986273,-0.755806281353,35F6FFF6F28BCEDF,1,0,0,863,895,-37,808,23,19,91,1,3
2103,16.42968750,-12550335,11084999,-0.750667679969,3DA9ADEDC53C4E2F,1,0,0,986,1238,-73,83,24,19,69,1,3
2104,16.43750000,-12462967,11183048,-0.745483261698,3DDE2C167D3CCD0F,1,0,0,989,1814,89,979,25,19,33,1,3
2105,16.44531250,-12374839,11280415,-0.740253342972,4EA92A054B1D4E4F,0,0,0,1258,1173,21,177,26,19,73,1,3
2106,16.45312500,-12285955,11377093,-0.734978242996,42D66016FA9DCF07,0,0,0,1069,816,91,937,27,19,96,1,3
2107,16.46093750,-12196322,11473077,-0.729658283737,4299D9E9C2FE4E27,1,0,0,1065,1260,-89,47,28,19,68,1,3
2108,16.46875000,-12105944,11568361,-0.724293789898,3E66381B3CFECF0F,1,1,0,998,796,108,975,29,19,97,1,3
2109,16.47656250,-12014827,11662939,-0.718885088898,4229CDE5433F4E27,1,0,0,1058,1254,-107,51,30,19,68,1,3
2110,16.48437500,-11922977,11756805,-0.713432510858,3E06341B3CCFCF0F,1,0,0,992,794,108,972,31,19,97,1,3
2111,16.49218750,-11830399,11849953,-0.707936388574,3E09CC1B3CC05313,1,0,0,992,1254,108,972,0,20,98,0,3
2112,16.50000000,-11737099,11942378,-0.702397057503,47D185F386E0D103,0,0,0,1149,194,-50,110,1,20,32,0,3
2113,16.50781250,-11643083,12034074,-0.696814855735,334EE7F933B1505B,1,0,0,820,1907,-28,827,2,20,11,0,3
2114,16.51562500,-11548356,12125036,-0.691190123980,4A71060B4D61D0E3,0,0,0,1191,131,45,214,3,20,28,0,3
2115,16.52343750,-11452924,12215258,-0.685523205542,3576F7F272D2525B,1,1,0,855,891,-55,813,4,20,75,0,3
2116,16.53125000,-11356793,12304734,-0.679814446301,3D89A9EDC512D30B,1,0,0,984,1236,-73,81,5,20,97,0,3
2117,16.53906250,-11259969,12393459,-0.674064194690,3DA62C167D33522B,1,0,0,986,790,89,979,6,20,69,0,3
2118,16.54687500,-11162458,12481428,-0.668272801675,41D1C9E50313D113,1,0,0,1053,228,-108,49,7,20,34,0,3
2119,16.55468750,-11064266,12568635,-0.662440620733,30DED3FAF4C45053,1,0,0,781,1897,-21,844,8,20,10,0,3
2120,16.56250000,-10965398,12655075,-0.656568007829,4A3100090D94D0E3,0,0,0,1187,128,36,217,9,20,28,0,3
2121,16.57031250,-10865861,12740742,-0.650655321398,3536F5F272C5525B,1,1,0,851,890,-55,812,10,20,75,0,3
2122,16.57812500,-10765661,12825632,-0.644702922320,3D71A7EDC515D10B,1,0,0,983,211,-73,81,11,20,33,0,3
2123,16.58593750,-10664804,12909739,-0.638711173899,309ECBF635365053,1,0,0,777,1893,-40,851,12,20,10,0,3
2124,16.59375000,-10563296,12993058,-0.632680441840,49F0FC094D56D0DB,0,0,0,1183,126,37,213,13,20,27,0,3
2125,16.60156250,-10461143,13075584,-0.626611094227,350EF5F232D7505B,1,0,0,848,1914,-56,813,14,20,11,0,3
2126,16.60937500,-10358351,13157312,-0.620503501503,4A71080DCD27D0E3,0,1,0,1191,132,55,210,15,20,28,0,3
2127,16.61718750,-10254927,13238237,-0.614358036443,356EF9F232F8505B,1,0,0,854,1916,-56,815,16,20,11,0,3
2128,16.62500000,-10150877,13318354,-0.608175074136,4A91080E0D18D0E3,0,0,0,1193,132,56,209,17,20,28,0,3
2129,16.63281250,-10046208,13397658,-0.601954991956,3576F9F232F9525B,1,0,0,855,892,-56,815,18,20,75,0,3
2130,16.64062500,-9940926,13476144,-0.595698169546,3DB1A7EDC519D10B,1,0,0,987,211,-73,81,19,20,33,0,3
2131,16.64843750,-9835037,13553807,-0.589404988791,3086CDF6753A5253,1,1,0,776,870,-39,851,20,20,74,0,3
2132,16.65625000,-9728548,13630643,-0.583075833792,3D119BE9055AD103,1,0,0,977,205,-92,85,21,20,32,0,3
2133,16.66406250,-9621465,13706647,-0.576711090851,3026C9F6350B5253,1,0,0,770,868,-40,848,22,20,74,0,3
2134,16.67187500,-9513795,13781815,-0.570311148436,3CF19BE9056BD103,1,0,0,975,205,-92,86,23,20,32,0,3
2135,16.67968750,-9405544,13856142,-0.563876397169,301EC7F6350C5053,1,0,0,769,1891,-40,848,24,20,10,0,3
2136,16.68750000,-9296719,13929623,-0.557407229793,49F0FC090D6CD4E3,0,1,0,1183,126,36,214,25,21,28,0,3
2137,16.69531250,-9187326,14002254,-0.550904041152,34EEF5F232CD5463,1,0,0,846,1914,-56,812,26,21,12,0,3
2138,16.70312500,-9077373,14074030,-0.544367228168,4A89080DCD2DD6EB,0,0,0,1192,1156,55,210,27,21,93,0,3
2139,16.71093750,-8966866,14144947,-0.537797189814,424E5A127AFE543B,0,0,0,1060,1837,73,943,28,21,7,0,3
2140,16.71875000,-8855811,14215001,-0.531194327092,4FA13409CAEED4F3,0,1,0,1274,154,39,174,29,21,30,0,3
2141,16.72656250,-8744216,14284187,-0.524559043006,35EF05F732AF546B,1,0,0,862,1922,-36,810,30,21,13,0,3
2142,16.73437500,-8632087,14352501,-0.517891742540,4B290C0DCD4FD6EB,0,0,0,1202,1158,55,212,31,21,93,0,3
2143,16.74218750,-8519431,14419939,-0.511192832631,4B26F40DCD4056EF,0,0,0,1202,890,55,212,0,21,93,1,3
2144,16.75000000,-8406255,14486497,-0.504462722146,3EF6840A38D0D707,1,0,0,1007,834,40,909,1,21,96,1,3
2145,16.75781250,-8292566,14552171,-0.497701821857,4189C9EAC3715637,1,1,0,1048,1252,-85,55,2,21,70,1,3
2146,16.76562500,-8178371,14616957,-0.490910544414,3DC63619FCF1D71F,1,0,0,988,795,103,975,3,21,99,1,3
2147,16.77343750,-8063677,14680851,-0.484089304321,4269CBE503425637,1,0,0,1062,1253,-108,52,4,21,70,1,3
2148,16.78125000,-7948491,14743848,-0.477238517912,3DA6361B7CB2D71F,1,1,0,986,795,109,971,5,21,99,1,3
2149,16.78906250,-7832820,14805946,-0.470358603324,4271CDE4C3535437,0,0,0,1063,230,-109,53,6,21,6,1,3
2150,16.79687500,-7716670,14867140,-0.463449980472,30AED5FB34A3D4F7,1,0,0,778,1898,-20,842,7,21,30,1,3
2151,16.80468750,-7600049,14927426,-0.456513071021,4A8900090D94566F,0,0,0,1192,1152,36,217,8,21,77,1,3
2152,16.81250000,-7482965,14986801,-0.449548298365,41EE5612BAC4D517,1,1,0,1054,1835,74,940,9,21,34,1,3
2153,16.82031250,-7365424,15045262,-0.442556087598,4FA93409CAF5565F,0,0,0,1274,1178,39,175,10,21,75,1,3
2154,16.82812500,-7247433,15102804,-0.435536865489,42B666173AA5D70F,0,0,0,1067,819,92,938,11,21,97,1,3
2155,16.83593750,-7129000,15159425,-0.428491060454,4339D7E9C3065637,1,0,0,1075,1259,-89,48,12,21,70,1,3
2156,16.84375000,-7010132,15215120,-0.421419102533,3DFE3A1B7CD6D51F,1,1,0,991,1821,109,973,13,21,35,1,3
2157,16.85156250,-6890836,15269887,-0.414321423362,4F912E050B57545F,0,0,0,1273,151,20,181,14,21,11,1,3
2158,16.85937500,-6771119,15323722,-0.407198456148,358F01F77267D4EF,1,0,0,856,1920,-35,806,15,21,29,1,3
2159,16.86718750,-6650989,15376621,-0.400050635638,4B490C0DCD585667,0,1,0,1204,1158,55,213,16,21,76,1,3
2160,16.87500000,-6530453,15428582,-0.392878398099,422E5A12BAE8D517,1,0,0,1058,1837,74,942,17,21,34,1,3
2161,16.88281250,-6409519,15479601,-0.385682181288,4FE93409CAE95A67,0,0,0,1278,1178,39,174,18,22,76,1,3
2162,16.89062500,-6288193,15529675,-0.378462424424,42AE66177AA9D917,0,1,0,1066,1843,93,938,19,22,34,1,3
2163,16.89843750,-6166484,15578802,-0.371219568165,50413809CB1A5867,0,0,0,1284,156,39,177,20,22,12,1,3
2164,16.90625000,-6044398,15626978,-0.363954054577,35CF05F7729AD8EF,1,0,0,860,1922,-35,809,21,22,29,1,3
2165,16.91406250,-5921943,15674200,-0.356666327109,4B710C0DCD4B586F,0,1,0,1207,134,55,212,22,22,13,1,3
2166,16.92187500,-5799127,15720465,-0.349356830566,352EF9F2B2DBD8F7,1,0,0,850,1916,-54,813,23,22,30,1,3
2167,16.92968750,-5675957,15765771,-0.342026011084,4B29080DCD2C5A6F,0,0,0,1202,1156,55,210,24,22,77,1,3
2168,16.93750000,-5552440,15810114,-0.334674316096,41F65A12BAECDB1F,0,1,0,1055,813,74,942,25,22,99,1,3
2169,16.94531250,-5428585,15853492,-0.327302194314,4301D3E982ED583F,0,0,0,1072,233,-90,46,26,22,7,1,3
2170,16.95312500,-5304398,15895903,-0.319910095692,30B6D9FB34DDDAFF,1,0,0,779,876,-20,845,27,22,95,1,3
2171,16.96093750,-5179887,15937344,-0.312498471407,3DE99FE9059E5A4F,1,1,0,990,1231,-92,89,28,22,73,1,3
2172,16.96875000,-5055060,15977812,-0.305067773826,3CC62A16BCFEDB27,1,0,0,972,789,90,975,29,22,100,1,3
2173,16.97656250,-4929925,16017305,-0.297618456480,4251C7E4C33F583F,0,0,0,1061,227,-109,51,30,22,7,1,3
2174,16.98437500,-4804489,16055820,-0.290150974038,304ED5FB34BFD8FF,1,1,0,772,1898,-20,843,31,22,31,1,3
2175,16.99218750,-4678760,16093355,-0.282665782276,30412DFB34B058FB,1,0,0,772,150,-20,843,0,22,31,0,3
2176,17.00000000,-4552745,16129908,-0.275163338052,34B20FD23FF0D933,1,0,0,843,263,-184,1023,1,22,38,0,3
2177,17.00781250,-4426452,16165476,-0.267644099275,393E0BD96E715833,1,1,0,915,1797,-155,743,2,22,6,0,3
2178,17.01562500,-4299889,16200058,-0.260108524882,486920118B71DAFB,0,0,0,1158,1168,70,183,3,22,95,0,3
2179,17.02343750,-4173064,16233651,-0.252557074806,414E5811FBA25843,0,0,0,1044,1836,71,954,4,22,8,0,3
2180,17.03125000,-4045984,16266253,-0.244990209947,501930090AE2DAFB,0,1,0,1281,1176,36,174,5,22,95,0,3
2181,17.03906250,-3918657,16297862,-0.237408392149,425666177A935A4B,1,0,0,1061,819,93,937,6,22,73,0,3
2182,17.04687500,-3791091,16328477,-0.229812084166,4389D7E98313DB23,0,1,0,1080,1259,-90,49,7,22,100,0,3
2183,17.05468750,-3663293,16358095,-0.222201749638,3DAE3A1BBCC4583B,0,0,0,986,1821,110,972,8,22,7,0,3
2184,17.06250000,-3535272,16386714,-0.214577853060,4FE12C050B64D8FB,0,0,0,1278,150,20,182,9,22,31,0,3
2185,17.07031250,-3407035,16414333,-0.206940859756,352F01F772655873,1,1,0,850,1920,-35,806,10,22,14,0,3
2186,17.07812500,-3278590,16440950,-0.199291235849,4B910C0D8D65DCFB,0,0,0,1209,134,54,214,11,23,31,0,3
2187,17.08593750,-3149945,16466564,-0.191629448232,34EEF9F2B2C65C73,1,1,0,846,1916,-54,812,12,23,14,0,3
2188,17.09375000,-3021108,16491173,-0.183955964541,4B49080DCD36DEFB,0,0,0,1204,1156,55,211,13,23,95,0,3
2189,17.10156250,-2892086,16514775,-0.176271253126,41AE5A12BAE75C4B,0,0,0,1050,1837,74,942,14,23,9,0,3
2190,17.10937500,-2762888,16537369,-0.168575783023,503932098AF7DF03,0,1,0,1283,1177,38,175,15,23,96,0,3
2191,17.11718750,-2633521,16558954,-0.160870023922,424E66177A985C53,0,0,0,1060,1843,93,937,16,23,10,0,3
2192,17.12500000,-2503993,16579528,-0.153154446145,509938098B28DF03,0,1,0,1289,1180,38,178,17,23,96,0,3
2193,17.13281250,-2374313,16599090,-0.145429520609,426E6617BA895C53,0,0,0,1062,1843,94,936,18,23,10,0,3
2194,17.14062500,-2244488,16617639,-0.137695718805,50A13809CB29DD03,0,1,0,1290,156,39,178,19,23,32,0,3
2195,17.14843750,-2114526,16635174,-0.129953512764,356F07F7728A5C7B,1,0,0,854,1923,-35,808,20,23,15,0,3
2196,17.15625000,-1984435,16651694,-0.122203375030,4BC90C0DCD5ADEFB,0,0,0,1212,1158,55,213,21,23,95,0,3
2197,17.16406250,-1854223,16667197,-0.114445778633,41B65C12FADB5E4B,1,1,0,1051,814,75,941,22,23,73,0,3
2198,17.17187500,-1723897,16681683,-0.106681197054,4369D3E982FBDF2B,0,0,0,1078,1257,-90,47,23,23,101,0,3
2199,17.17968750,-1593466,16695151,-0.098910104206,3D563A1B7CCC5E43,1,1,0,981,797,109,972,24,23,72,0,3
2200,17.18750000,-1462938,16707600,-0.091132974394,4329CBE4C36CDF2B,0,0,0,1074,1253,-109,54,25,23,101,0,3
2201,17.19531250,-1332321,16719029,-0.083350282296,3D0E361BBC9D5C43,1,1,0,976,1819,110,969,26,23,8,0,3
2202,17.20312500,-1201622,16729438,-0.075562502925,50092C04CB7DDF03,0,0,0,1280,1174,19,183,27,23,96,0,3
2203,17.21093750,-1070850,16738826,-0.067770111609,41EE6217BA5E5C53,0,1,0,1054,1841,94,933,28,23,10,0,3
2204,17.21875000,-940013,16747192,-0.059973583955,50A138098B3EDD03,0,0,0,1290,156,38,179,29,23,32,0,3
2205,17.22656250,-809118,16754536,-0.052173395822,353705F7727F5E7B,1,1,0,851,898,-35,807,30,23,79,0,3
2206,17.23437500,-678174,16760857,-0.044370023295,3EF1ABED855FDD23,1,0,0,1007,213,-74,85,31,23,36,0,3
2207,17.24218750,-547188,16766155,-0.036563942649,3EFE57ED85505D27,1,1,0,1007,1835,-74,85,0,23,36,1,3
2208,17.25000000,-416169,16770430,-0.028755630329,445DD22981B0DD47,0,0,0,1093,1769,166,27,1,23,40,1,3
2209,17.25781250,-285125,16773681,-0.020945562914,45B9E02291F15E47,1,1,0,1115,1264,138,287,2,23,72,1,3
2210,17.26562500,-154063,16775909,-0.013134217089,439E3E0E3C71DD2F,0,0,0,1081,1823,56,967,3,23,37,1,3
2211,17.27343750,-22992,16777113,-0.005322069619,50D93409CA426277,0,0,0,1293,1178,39,164,4,24,78,1,3
2212,17.28125000,108081,16777293,0.002490402682,41F66A183A92E327,0,1,0,1055,821,96,937,5,24,100,1,3
2213,17.28906250,239147,16776449,0.010302722982,43F9D5E94323624F,1,1,0,1087,1258,-91,50,6,24,73,1,3
2214,17.29687500,370198,16774581,0.018114414457,3D5E3C1BBCB3E137,1,0,0,981,1822,110,971,7,24,38,1,3
2215,17.30468750,501227,16771689,0.025925000321,50312C04CB746077,0,1,0,1283,150,19,183,8,24,14,1,3
2216,17.31250000,632225,16767773,0.033734003857,34EF03F7B254E0FF,1,0,0,846,1921,-34,805,9,24,31,1,3
2217,17.32031250,763185,16762834,0.041540948443,4BD10C0D8D75607F,0,1,0,1213,134,54,215,10,24,15,1,3
2218,17.32812500,894098,16756872,0.049345357584,34B6FBF2F2C5E307,1,0,0,843,893,-53,812,11,24,96,1,3
2219,17.33593750,1024956,16749887,0.057146754939,3E91A7ED85366057,0,1,0,1001,211,-74,83,12,24,10,1,3
2220,17.34375000,1155752,16741880,0.064944664350,2FB6CFF6B506E30F,1,0,0,763,871,-38,848,13,24,97,1,3
2221,17.35156250,1286477,16732851,0.072738609873,3DE99BE8C587625F,1,1,0,990,1229,-93,88,14,24,75,1,3
2222,17.35937500,1417124,16722800,0.080528115807,3C5E2A16BCE7E137,1,0,0,965,1813,90,974,15,24,38,1,3
2223,17.36718750,1547684,16711729,0.088312706720,4F8928048B586277,0,1,0,1272,1172,18,181,16,24,78,1,3
2224,17.37500000,1678150,16699638,0.096091907480,41CE62177A68E127,1,0,0,1052,1841,93,934,17,24,36,1,3
2225,17.38281250,1808513,16686527,0.103865243285,508938094B396277,0,1,0,1288,1180,37,179,18,24,78,1,3
2226,17.39062500,1938766,16672398,0.111632239692,42566617BA89E327,0,0,0,1061,819,94,936,19,24,100,1,3
2227,17.39843750,2068901,16657251,0.119392422641,43B9D7E9831A624F,1,1,0,1083,1259,-90,49,20,24,73,1,3
2228,17.40625000,2198910,16641088,0.127145318493,3D7E3A1BBCCAE137,1,1,0,983,1821,110,972,21,24,38,1,3
2229,17.41406250,2328784,16623909,0.134890454050,50092C04CB6B6277,0,0,0,1280,1174,19,182,22,24,78,1,3
2230,17.42187500,2458516,16605715,0.142627356589,42166217BA6BE327,0,1,0,1057,817,94,934,23,24,100,1,3
2231,17.42968750,2588098,16586508,0.150355553889,4381D7E9832C604F,0,0,0,1080,235,-90,50,24,24,9,1,3
2232,17.43750000,2717522,16566288,0.158074574260,3096D9FB74CCE30F,1,1,0,777,876,-19,844,25,24,97,1,3
2233,17.44531250,2846780,16545057,0.165783946575,3E299FE8C59D625F,1,0,0,994,1231,-93,89,26,24,75,1,3
2234,17.45312500,2975865,16522817,0.173483200292,3C862A16FCEDE337,1,1,0,968,789,91,974,27,24,102,1,3
2235,17.46093750,3104768,16499568,0.181171865489,4271C7E4834E604F,0,1,0,1063,227,-110,52,28,24,9,1,3
2236,17.46875000,3233481,16475312,0.188849472889,3016D5FB34AEE30F,1,0,0,769,874,-20,842,29,24,97,1,3
2237,17.47656250,3361997,16450050,0.196515553890,3DE99FE885AF6667,1,1,0,990,1231,-94,90,30,25,76,1,3
2238,17.48437500,3490308,16423784,0.204169640595,3C862A16BCEFE73F,1,0,0,968,789,90,974,31,25,103,1,3
2239,17.49218750,3618406,16396516,0.211811265837,3C89D616BCE0673B,1,1,0,968,1259,90,974,0,25,103,0,3
2240,17.50000000,3746283,16368247,0.219439963211,48517FF346F0E523,0,1,0,1157,191,-51,111,1,25,36,0,3
2241,17.50781250,3873931,16338979,0.227055267101,326EE9F973A16483,1,0,0,806,1908,-27,826,2,25,16,0,3
2242,17.51562500,4001343,16308714,0.234656712708,4B29040B0D81E70B,0,1,0,1202,1154,44,216,3,25,97,0,3
2243,17.52343750,4128511,16277454,0.242243836079,41B65812BAC2665B,1,1,0,1051,812,74,940,4,25,75,0,3
2244,17.53125000,4255427,16245200,0.249816174134,4309D3E982F2E73B,0,0,0,1072,1257,-90,47,5,25,103,0,3
2245,17.53906250,4382083,16211954,0.257373264698,3D8E3A1B7CD36453,1,1,0,984,1821,109,973,6,25,10,0,3
2246,17.54687500,4508471,16177719,0.264914646524,4FD12C050B63E513,0,0,0,1277,150,20,182,7,25,34,0,3
2247,17.55468750,4634584,16142497,0.272439859325,354F01F77264648B,1,1,0,852,1920,-35,806,8,25,17,0,3
2248,17.56250000,4760414,16106289,0.279948443802,4B690C0D8D64E70B,0,1,0,1206,1158,54,214,9,25,97,0,3
2249,17.57031250,4885954,16069098,0.287439941669,420E5A12BAD5645B,0,0,0,1056,1837,74,941,10,25,11,0,3
2250,17.57812500,5011196,16030926,0.294913895683,50013409CAE5E513,0,1,0,1280,154,39,174,11,25,34,0,3
2251,17.58593750,5136132,15991776,0.302369849673,358F05F73296648B,1,1,0,856,1922,-36,809,12,25,17,0,3
2252,17.59375000,5260754,15951650,0.309807348566,4B710C0DCD56E50B,0,0,0,1207,134,55,213,13,25,33,0,3
2253,17.60156250,5385055,15910550,0.317225938415,3516F9F2B2D76683,1,1,0,849,892,-54,813,14,25,80,0,3
2254,17.60937500,5509027,15868479,0.324625166427,3E29A7EDC527E733,1,1,0,994,1235,-73,82,15,25,102,0,3
2255,17.61718750,5632663,15825440,0.332004580993,3D1E2E16BD286453,1,0,0,977,1815,90,978,16,25,10,0,3
2256,17.62500000,5755955,15781435,0.339363731711,4F4928050B38E713,0,1,0,1268,1172,20,179,17,25,98,0,3
2257,17.63281250,5878896,15736467,0.346702169415,423662173A796663,1,1,0,1059,817,92,935,18,25,76,0,3
2258,17.64062500,6001478,15690538,0.354019446206,4331D7E98319E53B,1,0,0,1075,235,-90,49,19,25,39,0,3
2259,17.64843750,6123694,15643651,0.361315115475,30E6D9FB74CA667B,1,1,0,782,876,-19,844,20,25,79,0,3
2260,17.65625000,6245536,15595810,0.368588731931,3DC99FE9059AE72B,1,1,0,988,1231,-92,89,21,25,101,0,3
2261,17.66406250,6366997,15547017,0.375839851631,3CE62A16BCFB6653,1,0,0,974,789,90,975,22,25,74,0,3
2262,17.67187500,6488069,15497275,0.383068032003,4229C7E4C33BEB43,0,1,0,1058,1251,-109,51,23,26,104,0,3
2263,17.67968750,6608745,15446587,0.390272831877,3D56341B3CBC6A5B,1,1,0,981,794,108,971,24,26,75,0,3
2264,17.68750000,6729018,15394956,0.397453811509,4289CBE4C36CEB43,0,0,0,1064,1253,-109,54,25,26,104,0,3
2265,17.69531250,6848880,15342386,0.404610532609,3D96341B7CAD6A5B,1,1,0,985,794,109,970,26,26,75,0,3
2266,17.70312500,6968324,15288879,0.411742558368,4271CDE4C35DE943,1,1,0,1063,230,-109,53,27,26,40,0,3
2267,17.71093750,7087343,15234439,0.418849453483,309ED5FB34AE6883,1,1,0,777,1898,-20,842,28,26,16,0,3
2268,17.71875000,7205929,15179069,0.425930784186,4A9100090DAEE913,0,0,0,1193,128,36,218,29,26,34,0,3
2269,17.72656250,7324076,15122773,0.432986118269,34EEF5F272BF688B,1,1,0,846,1914,-55,811,30,26,17,0,3
2270,17.73437500,7441776,15065554,0.440015025112,4AB1080DCD2FE913,0,1,0,1195,132,55,210,31,26,34,0,3
2271,17.74218750,7559021,15007415,0.447017075705,4ABEF80DCD206917,0,0,0,1195,1916,55,210,0,26,34,1,3
2272,17.75000000,7675805,14948360,0.453991842680,4BB5E42A00E0EB57,0,1,0,1211,754,168,14,1,26,106,1,3
2273,17.75781250,7792121,14888393,0.460938900333,39629206C931682F,1,1,0,918,329,27,147,2,26,5,1,3
2274,17.76562500,7907961,14827517,0.467857824651,3306B5F2B6E1EB27,1,1,0,816,858,-54,878,3,26,100,1,3
2275,17.77343750,8023318,14765736,0.474748193339,3DC99DE984A26A6F,1,0,0,988,1230,-90,74,4,26,77,1,3
2276,17.78125000,8138186,14703054,0.481609585844,3CE62C16FD12EB47,1,1,0,974,790,91,977,5,26,104,1,3
2277,17.78906250,8252557,14639474,0.488441583382,4209C7E4C3336A5F,1,1,0,1056,1251,-109,51,6,26,75,1,3
2278,17.79687500,8366424,14575001,0.495243768964,3D86341B3CC3EB47,1,1,0,984,794,108,972,7,26,104,1,3
2279,17.80468750,8479781,14509638,0.502015727418,4249CBE4C3546A5F,1,0,0,1060,1253,-109,53,8,26,75,1,3
2280,17.81250000,8592620,14443390,0.508757045420,3DA6341B3CB4EB47,1,1,0,986,794,108,971,9,26,104,1,3
2281,17.82031250,8704935,14376260,0.515467311514,4251CDE4C355685F,0,1,0,1061,230,-109,53,10,26,11,1,3
2282,17.82812500,8816718,14308253,0.522146116140,30CED3FB34B5E91F,1,1,0,780,1897,-20,843,11,26,35,1,3
2283,17.83593750,8927963,14239372,0.528793051659,4A6900090D966A97,0,0,0,1190,1152,36,217,12,26,82,1,3
2284,17.84375000,9038663,14169622,0.535407712375,420E56127AC6E93F,1,1,0,1056,1835,73,940,13,26,39,1,3
2285,17.85156250,9148811,14099007,0.541989694564,4F713409CAE76887,0,1,0,1271,154,39,174,14,26,16,1,3
2286,17.85937500,9258401,14027532,0.548538596496,35EF05F6F2A7E90F,1,1,0,862,1922,-37,810,15,26,33,1,3
2287,17.86718750,9367426,13955201,0.555054018459,4B110C0E0D486C97,0,1,0,1201,134,56,212,16,27,18,1,3
2288,17.87500000,9475879,13882018,0.561535562785,358EF9F272E8ED1F,1,0,0,856,1916,-55,814,17,27,35,1,3
2289,17.88281250,9583754,13807988,0.567982833875,4AB1080E0D196C97,0,1,0,1195,132,56,209,18,27,18,1,3
2290,17.89062500,9691044,13733115,0.574395438221,356EF9F272F9ED1F,1,1,0,854,1916,-55,815,19,27,35,1,3
2291,17.89843750,9797742,13657404,0.580772984429,4AA9080DCD1A6E97,0,1,0,1194,1156,55,209,20,27,82,1,3
2292,17.90625000,9903842,13580859,0.587115083248,42565A127AFAEF47,0,0,0,1061,813,73,943,21,27,104,1,3
2293,17.91406250,10009338,13503485,0.593421347588,4299D3E9C2DB6E67,1,1,0,1065,1257,-89,45,22,27,76,1,3
2294,17.92187500,10114223,13425287,0.599691392548,3E26381B3CEBEF4F,1,1,0,994,796,108,974,23,27,105,1,3
2295,17.92968750,10218491,13346270,0.605924835436,4249CDE5034C6E67,1,1,0,1060,1254,-108,52,24,27,76,1,3
2296,17.93750000,10322135,13266438,0.612121295795,3DE6341B3CBCEF4F,1,1,0,990,794,108,971,25,27,105,1,3
2297,17.94531250,10425149,13185796,0.618280395425,4231CDE5034D6C67,0,1,0,1059,230,-108,52,26,27,12,1,3
2298,17.95312500,10527527,13104350,0.624401758407,30EED3FB34BDED27,1,0,0,782,1897,-20,843,27,27,36,1,3
2299,17.96093750,10629262,13022104,0.630485011124,4A3102090D9E6C97,0,1,0,1187,129,36,217,28,27,18,1,3
2300,17.96875000,10730348,12939063,0.636529782285,3536F5F272CEEF1F,1,1,0,851,890,-55,812,29,27,99,1,3
2301,17.97656250,10830780,12855232,0.642535702949,3D71A7EDC51F6C6F,1,1,0,983,211,-73,81,30,27,13,1,3
2302,17.98437500,10930550,12770617,0.648502406545,309ECBF6353FED27,1,1,0,777,1893,-40,851,31,27,36,1,3
2303,17.99218750,11029653,12685222,0.654429528897,309137F635306D23,1,0,0,777,155,-40,851,0,27,36,0,3
2304,18.00000000,11128083,12599053,0.660316708244,33D20BD2FFC0ED5B,1,1,0,829,261,-181,1020,1,27,43,0,3
2305,18.00781250,11225834,12512115,0.666163585262,39DE09D8EEA16C5B,1,1,0,925,1796,-157,746,2,27,11,0,3
2306,18.01562500,11322900,12424413,0.671969803089,47B12011CB51ED23,0,1,0,1147,144,71,181,3,27,36,0,3
2307,18.02343750,11419275,12335953,0.677735007342,34F6F7F1B3C26E93,1,1,0,847,891,-58,828,4,27,82,0,3
2308,18.03125000,11514953,12246740,0.683458846144,3D89A5ED4502EF43,1,1,0,984,1234,-75,80,5,27,104,0,3
2309,18.03906250,11609928,12156779,0.689140970140,3D9E2C167D336C63,1,0,0,985,1814,89,979,6,27,12,0,3
2310,18.04687500,11704194,12066076,0.694781032523,4EB12A054B23ED23,0,1,0,1259,149,21,178,7,27,36,0,3
2311,18.05468750,11797746,11974637,0.700378689053,35D6FFF6F2846E93,1,1,0,861,895,-37,808,8,27,82,0,3
2312,18.06250000,11890578,11882467,0.705933598078,3DB1ABEDC534F14B,1,1,0,987,213,-73,83,9,28,41,0,3
2313,18.07031250,11982684,11789572,0.711445420555,30DECBF675357093,1,1,0,781,1893,-39,851,10,28,18,0,3
2314,18.07812500,12074059,11695957,0.716913820070,49D0FE094D55F11B,0,1,0,1181,127,37,213,11,28,35,0,3
2315,18.08593750,12164697,11601628,0.722338462861,3536F5F232D6729B,1,1,0,851,890,-56,813,12,28,83,0,3
2316,18.09375000,12254592,11506591,0.727719017834,3D49A7EDC516F34B,1,0,0,980,1235,-73,81,13,28,105,0,3
2317,18.10156250,12343739,11410852,0.733055156590,3DBE2C163D47706B,1,1,0,987,1814,88,980,14,28,13,0,3
2318,18.10937500,12432133,11314417,0.738346553438,4EA92A054B17F32B,0,1,0,1258,1173,21,177,15,28,101,0,3
2319,18.11718750,12519768,11217291,0.743592885417,42D66016FA98727B,1,1,0,1069,816,91,937,16,28,79,0,3
2320,18.12500000,12606639,11119480,0.748793832319,4291D9E9C2F8F153,1,1,0,1065,236,-89,47,17,28,42,0,3
2321,18.13281250,12692740,11020991,0.753949076705,3186D7FB34E97293,1,1,0,792,875,-20,846,18,28,82,0,3
2322,18.14062500,12778067,10921829,0.759058303926,3D29A1E94579F34B,1,1,0,978,1232,-91,87,19,28,105,0,3
2323,18.14843750,12862614,10822000,0.764121202140,3D8628167D1A726B,1,1,0,984,788,89,977,20,28,77,0,3
2324,18.15625000,12946376,10721511,0.769137462334,4189C9E5031AF353,0,0,0,1048,1252,-108,49,21,28,106,0,3
2325,18.16406250,13029348,10620367,0.774106778342,3DF6341AFCDB726B,1,1,0,991,794,107,973,22,28,77,0,3
2326,18.17187500,13111524,10518575,0.779028846862,41E9CDE5034BF353,0,1,0,1054,1254,-108,52,23,28,106,0,3
2327,18.17968750,13192900,10416141,0.783903367476,3E2E341B3CCC706B,1,1,0,994,1818,108,972,24,28,13,0,3
2328,18.18750000,13273471,10313071,0.788730042669,4ED12E054B4CF12B,0,1,0,1261,151,21,180,25,28,37,0,3
2329,18.19531250,13353232,10209372,0.793508577846,3616FFF6F28D729B,1,1,0,865,895,-37,808,26,28,83,0,3
2330,18.20312500,13432178,10105050,0.798238681349,3D91ADEDC53DF14B,1,1,0,985,214,-73,83,27,28,41,0,3
2331,18.21093750,13510304,10000111,0.802920064477,30FECBF6353E7093,1,1,0,783,1893,-40,851,28,28,18,0,3
2332,18.21875000,13587605,9894562,0.807552441503,49B0FE094D5EF11B,0,1,0,1179,127,37,213,29,28,35,0,3
2333,18.22656250,13664077,9788409,0.812135529690,356EF3F232DF709B,1,1,0,854,1913,-56,813,30,28,19,0,3
2334,18.23437500,13739715,9681658,0.816669049310,4A29080DCD1FF323,0,0,0,1186,1156,55,209,31,28,100,0,3
2335,18.24218750,13814514,9574316,0.821152723661,4A26F80DCD107327,0,1,0,1186,892,55,209,0,28,100,1,3
2336,18.25000000,13888470,9466390,0.825586279082,3F6E8009F8F0F147,1,1,0,1014,1856,39,911,1,28,40,1,3
2337,18.25781250,13961578,9357886,0.829969444971,4DD12A0B0B51749F,0,1,0,1245,149,44,181,2,29,19,1,3
2338,18.26562500,14033834,9248811,0.834301953804,363701F5B2D1F72F,1,1,0,867,896,-42,813,3,29,101,1,3
2339,18.27343750,14105234,9139172,0.838583541145,3D91ABEE0522747F,1,1,0,985,213,-72,82,4,29,15,1,3
2340,18.28125000,14175773,9028975,0.842813945669,3106CBF63532F737,1,1,0,784,869,-40,851,5,29,102,1,3
2341,18.28906250,14245447,8918227,0.846992909175,3CA99DE945437687,1,1,0,970,1230,-91,84,6,29,80,1,3
2342,18.29687500,14314251,8806934,0.851120176598,3D7E28163D23F55F,1,1,0,983,1812,88,978,7,29,43,1,3
2343,18.30468750,14382182,8695104,0.855195496033,4E492A050B24769F,0,1,0,1252,1173,20,178,8,29,83,1,3
2344,18.31250000,14449235,8582743,0.859218618742,430E6016FAA4F557,1,1,0,1072,1840,91,938,9,29,42,1,3
2345,18.32031250,14515406,8469858,0.863189299176,4F513A0A0AF5749F,0,1,0,1269,157,40,175,10,29,19,1,3
2346,18.32812500,14580691,8356456,0.867107294983,369703F6F2B5F727,1,1,0,873,897,-37,811,11,29,100,1,3
2347,18.33593750,14645086,8242544,0.870972367031,3DA9ADEE0526767F,1,0,0,986,1238,-72,82,12,29,79,1,3
2348,18.34375000,14708587,8128129,0.874784279415,3E1E2C167D36F55F,1,1,0,993,1814,89,979,13,29,43,1,3
2349,18.35156250,14771190,8013218,0.878542799475,4E712A058B17749F,0,1,0,1255,149,22,177,14,29,19,1,3
2350,18.35937500,14832892,7897818,0.882247697810,3616FFF6B297F72F,1,1,0,865,895,-38,809,15,29,101,1,3
2351,18.36718750,14893688,7781936,0.885898748294,3D69ADEDC538767F,1,1,0,982,1238,-73,83,16,29,79,1,3
2352,18.37500000,14953575,7665579,0.889495728084,3E1E2C163D48F55F,1,1,0,993,1814,88,980,17,29,43,1,3
2353,18.38281250,15012550,7548754,0.893038417639,4E692A058B09769F,0,1,0,1254,1173,22,176,18,29,83,1,3
2354,18.39062500,15070608,7431468,0.896526600732,43166016FAA9F757,0,1,0,1073,816,91,938,19,29,106,1,3
2355,18.39843750,15127747,7313729,0.899960064463,4259D9E9C2FA7677,1,1,0,1061,1260,-89,47,20,29,78,1,3
2356,18.40625000,15183962,7195543,0.903338599269,3EBE381B3CFAF55F,1,1,0,1003,1820,108,975,21,29,43,1,3
2357,18.41406250,15239250,7076918,0.906661998944,4EC92E058B3B769F,0,1,0,1260,1175,22,179,22,29,83,1,3
2358,18.42187500,15293608,6957861,0.909930060643,43366016FA9BF757,0,1,0,1075,816,91,937,23,29,106,1,3
2359,18.42968750,15347033,6838380,0.913142584901,4259D9EA02FC7677,1,1,0,1061,1260,-88,47,24,29,78,1,3
2360,18.43750000,15399521,6718481,0.916299375642,3EBE381AFCFCF55F,1,1,0,1003,1820,107,975,25,29,43,1,3
2361,18.44531250,15451069,6598172,0.919400240193,4EB12E058B3D749F,0,1,0,1259,151,22,179,26,29,19,1,3
2362,18.45312500,15501674,6477461,0.922444989291,3656FFF6F29DFB37,1,1,0,869,895,-37,809,27,30,102,1,3
2363,18.46093750,15551333,6356354,0.925433437102,3D69ADEE052E7A87,1,1,0,982,1238,-72,82,28,30,80,1,3
2364,18.46875000,15600043,6234859,0.928365401225,3E262C163D4EFB67,1,1,0,994,790,88,980,29,30,108,1,3
2365,18.47656250,15647801,6112984,0.931240702710,4169C9E5430F7A7F,1,1,0,1046,1252,-107,48,30,30,79,1,3
2366,18.48437500,15694604,5990736,0.934059166061,3E46341AFCEFFB67,1,1,0,996,794,107,974,31,30,108,1,3
2367,18.49218750,15740449,5868122,0.936820619256,3E49CC1AFCE07B63,1,1,0,996,1254,107,974,0,30,108,0,3
2368,18.50000000,15785333,5745150,0.939524893748,477185F386D0F953,0,1,0,1143,194,-50,109,1,30,42,0,3
2369,18.50781250,15829254,5621827,0.942171824484,3396E7F933C17AAB,1,1,0,825,883,-28,828,2,30,85,0,3
2370,18.51562500,15872208,5498161,0.944761249907,3D09A7EB4551FB5B,1,0,0,976,1235,-83,85,3,30,107,0,3
2371,18.52343750,15914194,5374159,0.947293011973,3DE62A163D327A7B,1,1,0,990,789,88,979,4,30,79,0,3
2372,18.53125000,15955208,5249829,0.949766956157,4151C9E54302F963,1,1,0,1045,228,-107,48,5,30,44,0,3
2373,18.53906250,15995248,5125179,0.952182931460,3166D3FAB4D37AA3,1,1,0,790,873,-22,845,6,30,84,0,3
2374,18.54687500,16034312,5000216,0.954540790425,3CB1A1E94573F95B,1,1,0,971,208,-91,87,7,30,43,0,3
2375,18.55468750,16072398,4874948,0.956840389140,30E6C7F635147AA3,1,1,0,782,867,-40,849,8,30,84,0,3
2376,18.56250000,16109503,4749382,0.959081587250,3C519DE94544F953,1,1,0,965,206,-91,84,9,30,42,0,3
2377,18.57031250,16145624,4623527,0.961264247963,30C6C7F5F5257AA3,1,1,0,780,867,-41,850,10,30,84,0,3
2378,18.57812500,16180760,4497389,0.963388238060,3C519DE94545F953,1,1,0,965,206,-91,84,11,30,42,0,3
2379,18.58593750,16214908,4370977,0.965453427906,30C6C7F5F5267AA3,1,1,0,780,867,-41,850,12,30,84,0,3
2380,18.59375000,16248067,4244298,0.967459691449,3C519DE94546F953,1,1,0,965,206,-91,84,13,30,42,0,3
2381,18.60156250,16280234,4117360,0.969406906240,30C6C7F5F5277AA3,1,1,0,780,867,-41,850,14,30,84,0,3
2382,18.60937500,16311407,3990171,0.971294953430,3C519DE94547F953,1,1,0,965,206,-91,84,15,30,42,0,3
2383,18.61718750,16341585,3862738,0.973123717782,30C6C7F5F5287AA3,1,1,0,780,867,-41,850,16,30,84,0,3
2384,18.62500000,16370765,3735069,0.974893087678,3C519DE94548F953,1,1,0,965,206,-91,84,17,30,42,0,3
2385,18.63281250,16398946,3607172,0.976602955125,30C6C7F5F5297AA3,1,1,0,780,867,-41,850,18,30,84,0,3
2386,18.64062500,16426126,3479055,0.978253215761,3C519DE94549F953,1,1,0,965,206,-91,84,19,30,42,0,3
2387,18.64843750,16452304,3350726,0.979843768863,30C6C7F5F52A7EAB,1,1,0,780,867,-41,850,20,31,85,0,3
2388,18.65625000,16477477,3222192,0.981374517351,3C519DE9454AFD5B,1,1,0,965,206,-91,84,21,31,43,0,3
2389,18.66406250,16501645,3093462,0.982845367797,30C6C7F5F52B7EAB,1,1,0,780,867,-41,850,22,31,85,0,3
2390,18.67187500,16524805,2964543,0.984256230428,3C499DE9454BFF5B,1,1,0,964,1230,-91,84,23,31,107,0,3
2391,18.67968750,16546957,2835443,0.985607019131,3DBE2815FD3C7C83,1,1,0,987,1812,87,979,24,31,16,0,3
2392,18.68750000,16568099,2706170,0.986897651462,4E112A054B1CFD43,0,1,0,1249,149,21,177,25,31,40,0,3
2393,18.69531250,16588230,2576732,0.988128048647,364EFFF6B2AD7CB3,1,1,0,868,1919,-38,810,26,31,22,0,3
2394,18.70312500,16607348,2447136,0.989298135589,4A310E0E0D3DFD3B,0,1,0,1187,135,56,211,27,31,39,0,3
2395,18.71093750,16625453,2317391,0.990407840871,362EF7F2330E7CB3,1,1,0,866,1915,-56,816,28,31,22,0,3
2396,18.71875000,16642543,2187505,0.991457096764,4A090A0E4CFEFF3B,0,1,0,1184,1157,57,207,29,31,103,0,3
2397,18.72656250,16658617,2057485,0.992445839226,430E58123B1F7C8B,0,1,0,1072,1836,72,945,30,31,17,0,3
2398,18.73437500,16673674,1927340,0.993374007909,4ED9360A4ACFFF43,0,1,0,1261,1179,41,172,31,31,104,0,3
2399,18.74218750,16687714,1797077,0.994241546162,4ED6CA0A4AC07F47,0,1,0,1261,869,41,172,0,31,104,1,3
2400,18.75000000,16700735,1666704,0.995048401036,3FB6940D3850FF57,1,1,0,1019,842,52,901,1,31,106,1,3
2401,18.75781250,16712737,1536230,0.995794523285,40C9CDEB43917E87,1,1,0,1036,1254,-83,57,2,31,80,1,3
2402,18.76562500,16723719,1405662,0.996479867368,3EBE3419BD11FD6F,1,1,0,1003,1818,102,977,3,31,45,1,3
2403,18.77343750,16733680,1275008,0.997104391456,4E892E058B227EAF,0,1,0,1256,1175,22,178,4,31,85,1,3
2404,18.78125000,16742620,1144276,0.997668057431,436E6016FAA2FD67,1,1,0,1078,1840,91,938,5,31,44,1,3
2405,18.78906250,16750538,1013474,0.998170830891,4F293A0A0AF37EAF,0,1,0,1266,1181,40,175,6,31,85,1,3
2406,18.79687500,16757433,882610,0.998612681147,43CE6416FAC3FD5F,1,1,0,1084,1842,91,940,7,31,43,1,3
2407,18.80468750,16763306,751693,0.998993581233,4F493A0A4AE47EAF,0,1,0,1268,1181,41,174,8,31,85,1,3
2408,18.81250000,16768155,620730,0.999313507899,43CE6416FAC4FD5F,1,1,0,1084,1842,91,940,9,31,43,1,3
2409,18.82031250,16771981,489729,0.999572441620,4F493A0A4AE57EAF,0,1,0,1268,1181,41,174,10,31,85,1,3
2410,18.82812500,16774783,358698,0.999770366590,43CE6416FAC5FD5F,1,1,0,1084,1842,91,940,11,31,43,1,3
2411,18.83593750,16776561,227645,0.999907270731,4F493A0A4AE67EAF,0,1,0,1268,1181,41,174,12,31,85,1,3
2412,18.84375000,16777316,96578,0.999983145685,43CE6416FAC68067,0,1,0,1084,1842,91,940,13,0,12,1,3
2413,18.85156250,16777047,-34495,0.999997986822,4F413A0A4AE703B7,0,1,0,1268,157,41,174,14,0,118,1,3
2414,18.85937500,16775754,-165566,0.999951793236,36D703F6F2B7823F,1,1,0,877,897,-37,811,15,0,71,1,3
2415,18.86718750,16773437,-296627,0.999844567747,3D69ADEE45180197,1,1,0,982,1238,-71,81,16,0,50,1,3
2416,18.87500000,16770096,-427669,0.999676316899,3E462C163D488277,1,1,0,996,790,88,980,17,0,78,1,3
2417,18.88281250,16765731,-558685,0.999447050961,4151C9E58309038F,0,1,0,1045,228,-106,48,18,0,113,1,3
2418,18.89062500,16760343,-689667,0.999156783926,3176D3FAB4D9824F,1,1,0,791,873,-22,845,19,0,73,1,3
2419,18.89843750,16753932,-820607,0.998805533511,3CA9A1E9457A019F,1,1,0,970,1232,-91,87,20,0,51,1,3
2420,18.90625000,16746498,-951497,0.998393321154,3DE628163D2A8277,1,1,0,990,788,88,978,21,0,78,1,3
2421,18.91406250,16738042,-1082329,0.997920172015,4131C9E5430B038F,0,1,0,1043,228,-107,48,22,0,113,1,3
2422,18.92187500,16728565,-1213095,0.997386114972,316ED3FAB4EB804F,1,1,0,790,1897,-22,846,23,0,9,1,3
2423,18.92968750,16718067,-1343787,0.996791182621,49A902094D7C01BF,0,1,0,1178,1153,37,215,24,0,55,1,3
2424,18.93750000,16706548,-1474397,0.996135411275,42CE54123AEC806F,0,1,0,1068,1834,72,942,25,0,13,1,3
2425,18.94531250,16694010,-1604917,0.995418840956,4EB9360A0ACD01B7,0,1,0,1259,1179,40,172,26,0,54,1,3
2426,18.95312500,16680453,-1735339,0.994641515403,43966416BADD8267,1,1,0,1081,818,90,941,27,0,76,1,3
2427,18.96093750,16665878,-1865655,0.993803482058,4249D9EA02EE018F,1,1,0,1060,1260,-88,46,28,0,49,1,3
2428,18.96875000,16650285,-1995857,0.992904792070,3EE6381AFCFE8277,1,1,0,1006,796,107,975,29,0,78,1,3
2429,18.97656250,16633676,-2125937,0.991945500292,41B1CFE5832F038F,0,1,0,1051,231,-106,50,30,0,113,1,3
2430,18.98437500,16616052,-2255888,0.990925665273,3196D3FAF4DF824F,1,1,0,793,873,-21,845,31,0,73,1,3
2431,18.99218750,16597414,-2385701,0.989845349259,31992FFAF4D0024B,1,1,0,793,1175,-21,845,0,0,73,0,3
2432,19.00000000,16577763,-2515368,0.988704618187,408973F2C7D0825B,1,1,0,1032,1209,-53,125,1,0,75,0,3
2433,19.00781250,16557100,-2644882,0.987503541680,3F5E3414FC71038B,0,1,0,1013,1818,83,967,2,0,113,0,3
2434,19.01562500,16535426,-2774234,0.986242193048,4E592E06CAF1824B,0,1,0,1253,1175,27,175,3,0,73,0,3
2435,19.02343750,16512743,-2903417,0.984920649275,43566016BAB2019B,1,1,0,1077,816,90,939,4,0,51,0,3
2436,19.03125000,16489052,-3032423,0.983538991022,4231D9EA02E28073,0,1,0,1059,236,-88,46,5,0,14,0,3
2437,19.03906250,16464355,-3161244,0.982097302618,31D6D7FAF4F301B3,1,1,0,797,875,-21,847,6,0,54,0,3
2438,19.04687500,16438653,-3289872,0.980595672057,3CD1A1E985638473,1,1,0,973,208,-90,86,7,1,14,0,3
2439,19.05468750,16411948,-3418299,0.979034190991,30E6C7F6351405BB,1,1,0,782,867,-40,849,8,1,55,0,3
2440,19.06250000,16384241,-3546517,0.977412954723,3C519DE94544846B,1,1,0,965,206,-91,84,9,1,13,0,3
2441,19.07031250,16355534,-3674519,0.975732062207,30C6C7F5F52505BB,1,1,0,780,867,-41,850,10,1,55,0,3
2442,19.07812500,16325829,-3802297,0.973991616034,3C519DE94545846B,1,1,0,965,206,-91,84,11,1,13,0,3
2443,19.08593750,16295127,-3929843,0.972191722434,30C6C7F5F52605BB,1,1,0,780,867,-41,850,12,1,55,0,3
2444,19.09375000,16263431,-4057149,0.970332491261,3C519DE94546846B,1,1,0,965,206,-91,84,13,1,13,0,3
2445,19.10156250,16230742,-4184207,0.968414035995,30C6C7F5F52705BB,1,1,0,780,867,-41,850,14,1,55,0,3
2446,19.10937500,16197062,-4311010,0.966436473727,3C519DE94547846B,1,1,0,965,206,-91,84,15,1,13,0,3
2447,19.11718750,16162394,-4437550,0.964399925158,30C6C7F5F52805BB,1,1,0,780,867,-41,850,16,1,55,0,3
2448,19.12500000,16126739,-4563819,0.962304514588,3C519DE94548846B,1,1,0,965,206,-91,84,17,1,13,0,3
2449,19.13281250,16090100,-4689809,0.960150369911,30C6C7F5F52905BB,1,1,0,780,867,-41,850,18,1,55,0,3
2450,19.14062500,16052479,-4815513,0.957937622604,3C519DE94549846B,1,1,0,965,206,-91,84,19,1,13,0,3
2451,19.14843750,16013878,-4940923,0.955666407722,30C6C7F5F52A05BB,1,1,0,780,867,-41,850,20,1,55,0,3
2452,19.15625000,15974300,-5066031,0.953336863888,3C519DE9454A846B,1,1,0,965,206,-91,84,21,1,13,0,3
2453,19.16406250,15933747,-5190830,0.950949133285,30BEC7F5F52B07BB,1,1,0,779,1891,-41,850,22,1,119,0,3
2454,19.17187500,15892221,-5315312,0.948503361649,4950FE094D5B8443,0,1,0,1173,127,37,213,23,1,8,0,3
2455,19.17968750,15849725,-5439470,0.945999698256,3596F3F1F2EC05C3,1,1,0,857,889,-57,814,24,1,56,0,3
2456,19.18750000,15806262,-5563296,0.943438295918,3CF1A9EDC50C8473,1,1,0,975,212,-73,80,25,1,14,0,3
2457,19.19531250,15761834,-5686782,0.940819310968,311ECBF5F54D07BB,1,1,0,785,1893,-41,852,26,1,119,0,3
2458,19.20312500,15716444,-5809921,0.938142903257,4970FE098D4D8443,0,1,0,1175,127,38,212,27,1,8,0,3
2459,19.21093750,15670095,-5932706,0.935409236139,3596F3F1F2EE05C3,1,1,0,857,889,-57,814,28,1,56,0,3
2460,19.21875000,15622789,-6055129,0.932618476462,3CF1A9EDC50E8473,1,1,0,975,212,-73,80,29,1,14,0,3
2461,19.22656250,15574530,-6177182,0.929770794560,311ECBF5F54F07BB,1,1,0,785,1893,-41,852,30,1,119,0,3
2462,19.23437500,15525320,-6298858,0.926866364241,4970FE098D4F8443,0,0,0,1175,127,38,212,31,1,8,0,3
2463,19.24218750,15475163,-6420150,0.923905362777,497F02098D40084F,0,1,0,1175,1921,38,212,0,2,9,1,3
2464,19.25000000,15424061,-6541050,0.920887970891,4C35DC2A00F08A9F,0,1,0,1219,750,168,15,1,2,83,1,3
2465,19.25781250,15372018,-6661550,0.917814372750,389A9406C921096F,1,1,0,905,1354,27,146,2,2,45,1,3
2466,19.26562500,15319036,-6781644,0.914684755950,40A614127F018A8F,1,1,0,1034,778,73,1008,3,2,81,1,3
2467,19.27343750,15265119,-6901324,0.911499311507,4209CBE5C242099F,1,1,0,1056,1253,-105,36,4,2,51,1,3
2468,19.28125000,15210271,-7020583,0.908258233844,3E3E381B7CE28887,1,1,0,995,1820,109,974,5,2,16,1,3
2469,19.28906250,15154494,-7139413,0.904961720780,4EB12E054B430BC7,0,1,0,1259,151,21,180,6,2,120,1,3
2470,19.29687500,15097792,-7257807,0.901609973517,364EFFF6F2838857,1,1,0,868,1919,-37,808,7,2,10,1,3
2471,19.30468750,15040169,-7375759,0.898203196628,4A690E0E0D3409CF,0,1,0,1190,1159,56,211,8,2,57,1,3
2472,19.31250000,14981628,-7493260,0.894741598045,42F658123B048A7F,1,1,0,1071,812,72,944,9,2,79,1,3
2473,19.32031250,14922172,-7610304,0.891225389047,4211D5EA02B50B9F,0,1,0,1057,234,-88,43,10,2,115,1,3
2474,19.32812500,14861806,-7726883,0.887654784245,3196D7FAF5058A5F,1,1,0,793,875,-21,848,11,2,75,1,3
2475,19.33593750,14800533,-7842991,0.884030001570,3D09A1E9456609AF,1,1,0,976,1232,-91,86,12,2,53,1,3
2476,19.34375000,14738356,-7958620,0.880351262260,3DA628167D168A87,1,1,0,986,788,89,977,13,2,80,1,3
2477,19.35156250,14675280,-8073763,0.876618790847,4169C9E50317099F,1,1,0,1046,1252,-108,49,14,2,51,1,3
2478,19.35937500,14611308,-8188414,0.872832815140,3E26341AFCD78A87,1,1,0,994,794,107,973,15,2,80,1,3
2479,19.36718750,14546444,-8302565,0.868993566218,41B1CDE503480B9F,0,1,0,1051,230,-108,52,16,2,115,1,3
2480,19.37500000,14480692,-8416209,0.865101278407,3156D3FAF4C88A5F,1,1,0,789,873,-21,844,17,2,75,1,3
2481,19.38281250,14414057,-8529339,0.861156189273,3CE9A1E9457909AF,1,0,0,974,1232,-91,87,18,2,53,1,3
2482,19.39062500,14346542,-8641949,0.857158539604,3DA628163D198A87,1,1,0,986,788,88,977,19,2,80,1,3
2483,19.39843750,14278151,-8754031,0.853108573395,4171C9E5031A0B9F,0,1,0,1047,228,-108,49,20,2,115,1,3
2484,19.40625000,14208889,-8865579,0.849006537837,312ED3FAF4DA885F,1,1,0,786,1897,-21,845,21,2,11,1,3
2485,19.41406250,14138759,-8976586,0.844852683295,49E902094D8B09CF,0,1,0,1182,1153,37,216,22,2,57,1,3
2486,19.42187500,14067766,-9087045,0.840647263300,428E54123ADB887F,0,1,0,1064,1834,72,941,23,2,15,1,3
2487,19.42968750,13995915,-9196949,0.836390534528,4F01360A0ADC0BC7,0,1,0,1264,155,40,173,24,2,120,1,3
2488,19.43750000,13923210,-9306292,0.832082756790,366F03F6F2CC8C57,1,1,0,870,1921,-37,812,25,3,10,1,3
2489,19.44531250,13849655,-9415067,0.827724193008,4AA90E0E0D2D0DD7,0,1,0,1194,1159,56,210,26,3,58,1,3
2490,19.45312500,13775254,-9523267,0.823315109209,42D65A127B0D8E87,1,1,0,1069,813,73,944,27,3,80,1,3
2491,19.46093750,13700013,-9630886,0.818855774498,4249D5EA02CE0DA7,1,1,0,1060,1258,-88,44,28,3,52,1,3
2492,19.46875000,13623936,-9737917,0.814346461052,3E7E381AFCFE8C8F,1,1,0,999,1820,107,975,29,3,17,1,3
2493,19.47656250,13547027,-9844354,0.809787444094,4EF12E054B3F0FCF,0,0,0,1263,151,21,179,30,3,121,1,3
2494,19.48437500,13469291,-9950190,0.805179001885,362EFFF7328F8C5F,1,1,0,866,1919,-36,808,31,3,11,1,3
2495,19.49218750,13390733,-10055419,0.800521415700,362103F732800C5B,1,1,0,866,129,-36,808,0,3,11,0,3
2496,19.50000000,13311358,-10160034,0.795814969814,33EA23D63F308EA3,1,1,0,830,1297,-168,1011,1,3,84,0,3
2497,19.50781250,13231170,-10264029,0.791059951484,473D6DF936E10F73,0,1,0,1139,1718,-28,878,2,3,110,0,3
2498,19.51562500,13150175,-10367398,0.786256650931,4C814E0DC9018C6B,0,1,0,1224,167,55,144,3,3,13,0,3
2499,19.52343750,13068377,-10470134,0.781405361325,35CF01F673820FDB,1,1,0,860,1920,-39,824,4,3,123,0,3
2500,19.53125000,12985781,-10572231,0.776506378763,4AC90A0D8D228E5B,0,1,0,1196,1157,54,210,5,3,75,0,3
2501,19.53906250,12902393,-10673682,0.771560002255,42CE5A127AF30FAB,0,1,0,1068,1837,73,943,6,3,117,0,3
2502,19.54687500,12818217,-10774482,0.766566533700,4F41360A0AD38C63,0,0,0,1268,155,40,173,7,3,12,0,3
2503,19.55468750,12733259,-10874624,0.761526277875,365703F6F2B40DDB,1,1,0,869,897,-37,811,8,3,59,0,3
2504,19.56250000,12647524,-10974103,0.756439542412,3DD1ADEE05248C83,1,1,0,989,214,-72,82,9,3,16,0,3
2505,19.57031250,12561017,-11072912,0.751306637777,30E6CDF675350DCB,1,1,0,782,870,-39,851,10,3,57,0,3
2506,19.57812500,12473743,-11171045,0.746127877258,3CD19DE945558C7B,1,1,0,973,206,-91,85,11,3,15,0,3
2507,19.58593750,12385708,-11268496,0.740903576938,3066C7F635160DCB,1,1,0,774,867,-40,849,12,3,57,0,3
2508,19.59375000,12296917,-11365259,0.735634055684,3CB19DE905568C7B,1,1,0,971,206,-92,85,13,3,15,0,3
2509,19.60156250,12207375,-11461329,0.730319635118,3066C7F635170DCB,1,1,0,774,867,-40,849,14,3,57,0,3
2510,19.60937500,12117088,-11556699,0.724960639605,3CC99DE905578E7B,1,0,0,972,1230,-92,85,15,3,79,0,3
2511,19.61718750,12026062,-11651364,0.719557396232,3D4628163D180DA3,1,1,0,980,788,88,977,16,3,52,0,3
2512,19.62500000,11934302,-11745318,0.714110234784,41A9C9E503288E8B,1,1,0,1050,1252,-108,50,17,3,81,0,3
2513,19.63281250,11841813,-11838555,0.708619487728,3DE6341AFCD911AB,1,1,0,990,794,107,973,18,4,53,0,3
2514,19.64062500,11748602,-11931069,0.703085490191,4209CDE503499293,1,1,0,1056,1254,-108,52,19,4,82,0,3
2515,19.64843750,11654673,-12022855,0.697508579939,3E06341B3CCA11AB,1,1,0,992,794,108,972,20,4,53,0,3
2516,19.65625000,11560033,-12113907,0.691889097359,4211CDE5034A9093,0,1,0,1057,230,-108,52,21,4,18,0,3
2517,19.66406250,11464688,-12204220,0.686227385434,310ED3FB34BB13D3,1,0,0,784,1897,-20,843,22,4,122,0,3
2518,19.67187500,11368643,-12293788,0.680523789727,4A2902090D8B9263,0,1,0,1186,1153,36,216,23,4,76,0,3
2519,19.67968750,11271904,-12382606,0.674778658355,424E54127ADC13B3,0,1,0,1060,1834,73,941,24,4,118,0,3
2520,19.68750000,11174477,-12470668,0.668992341972,4F413609CADC906B,0,1,0,1268,155,39,173,25,4,13,0,3
2521,19.69531250,11076368,-12557969,0.663165193744,361703F6F2BD11E3,1,1,0,865,897,-37,811,26,4,60,0,3
2522,19.70312500,10977583,-12644503,0.657297569331,3DF1ABEDC53D908B,1,1,0,991,213,-73,83,27,4,17,0,3
2523,19.71093750,10878128,-12730265,0.651389826862,30C6CDF6752E11D3,1,0,0,780,870,-39,850,28,4,58,0,3
2524,19.71875000,10778009,-12815250,0.645442326916,3D099DE9455E9283,1,1,0,976,1230,-91,85,29,4,80,0,3
2525,19.72656250,10677232,-12899453,0.639455432496,3D3E28167D1F13AB,1,1,0,979,1812,89,977,30,4,117,0,3
2526,19.73437500,10575803,-12982869,0.633429509013,4EB128050B2F906B,0,1,0,1259,148,20,178,31,4,13,0,3
2527,19.74218750,10473729,-13065492,0.627364924258,4EBED8050B20106F,0,1,0,1259,1900,20,178,0,4,13,1,3
2528,19.75000000,10371016,-13147318,0.621262048381,4BD5F02D804092A7,0,0,0,1213,760,182,4,1,4,84,1,3
2529,19.75781250,10267670,-13228342,0.615121253871,394296070971137F,1,1,0,916,331,28,151,2,4,111,1,3
2530,19.76562500,10163697,-13308558,0.608942915529,3366B3F276E19277,1,1,0,822,857,-55,878,3,4,78,1,3
2531,19.77343750,10059104,-13387962,0.602727410451,3D919FE9C49213BF,1,1,0,985,207,-89,73,4,4,119,1,3
2532,19.78125000,9953897,-13466549,0.596475117999,3026CBF6F512926F,1,1,0,770,869,-37,849,5,4,77,1,3
2533,19.78906250,9848082,-13544314,0.590186419779,3D099BE8C56311BF,1,0,0,976,1229,-93,86,6,4,55,1,3
2534,19.79687500,9741666,-13621252,0.583861699622,3D1E28167D039097,1,1,0,977,1812,89,976,7,4,18,1,3
2535,19.80468750,9634655,-13697359,0.577501343557,4EC928050B3411D7,0,1,0,1260,1172,20,179,8,4,58,1,3
2536,19.81250000,9527056,-13772630,0.571105739786,42966016FA84928F,1,1,0,1065,816,91,936,9,4,81,1,3
2537,19.82031250,9418876,-13847060,0.564675278664,42E9D7E9C30511AF,1,1,0,1070,1259,-89,48,10,4,53,1,3
2538,19.82812500,9310121,-13920645,0.558210352674,3E26381B3CE5969F,1,0,0,994,796,108,974,11,5,83,1,3
2539,19.83593750,9200798,-13993380,0.551711356401,4269CDE5034615B7,1,1,0,1062,1254,-108,52,12,5,54,1,3
2540,19.84375000,9090913,-14065261,0.545178686510,3DC6341B7CB6969F,1,1,0,988,794,109,971,13,5,83,1,3
2541,19.85156250,8980473,-14136284,0.538612741723,4249CDE5035715B7,1,1,0,1060,1254,-108,53,14,5,54,1,3
2542,19.85937500,8869485,-14206444,0.532013922789,3DBE341B3CB7949F,1,0,0,987,1818,108,971,15,5,19,1,3
2543,19.86718750,8757956,-14275737,0.525382632468,4F492E050B5815DF,0,1,0,1268,1175,20,181,16,5,59,1,3
2544,19.87500000,8645892,-14344159,0.518719275499,429660173A789697,1,1,0,1065,816,92,935,17,5,82,1,3
2545,19.88281250,8533301,-14411705,0.512024258579,42F1D9E9C30917B7,0,1,0,1071,236,-89,48,18,5,118,1,3
2546,19.89062500,8420189,-14478371,0.505297990337,312ED9FB34D99477,1,0,0,786,1900,-20,845,19,5,14,1,3
2547,19.89843750,8306563,-14544154,0.498540881311,4AA900094D8A15EF,0,1,0,1194,1152,37,216,20,5,61,1,3
2548,19.90625000,8192430,-14609049,0.491753343918,41F65612BACA9697,1,1,0,1055,811,74,940,21,5,82,1,3
2549,19.91406250,8077797,-14673052,0.484935792436,42A9D3E982EB15B7,1,1,0,1066,1257,-90,46,22,5,54,1,3
2550,19.92187500,7962671,-14736160,0.478088642973,3DE6381B3CEB969F,1,0,0,990,796,108,974,23,5,83,1,3
2551,19.92968750,7847059,-14798368,0.471212313443,4289CDE5034C15B7,1,1,0,1064,1254,-108,52,24,5,54,1,3
2552,19.93750000,7730968,-14859673,0.464307223542,3DA6361B7CBC969F,1,1,0,986,795,109,971,25,5,83,1,3
2553,19.94531250,7614405,-14920071,0.457373794721,4271CDE4C35D17B7,0,1,0,1063,230,-109,53,26,5,118,1,3
2554,19.95312500,7497377,-14979559,0.450412450162,30AED5FB34AD9477,1,0,0,778,1898,-20,842,27,5,14,1,3
2555,19.96093750,7379892,-15038132,0.443423614748,4A8900090D9E15EF,0,1,0,1192,1152,36,217,28,5,61,1,3
2556,19.96875000,7261956,-15095787,0.436407715042,41D65612BACE9697,1,1,0,1053,811,74,940,29,5,82,1,3
2557,19.97656250,7143577,-15152521,0.429365179258,42B1D3E982EF17B7,0,1,0,1067,233,-90,46,30,5,118,1,3
2558,19.98437500,7024762,-15208330,0.422296437237,30D6D9FB34EF9677,1,0,0,781,876,-20,846,31,5,78,1,3
2559,19.99218750,6905518,-15263211,0.415201920418,30D929FB34E01673,1,1,0,781,1172,-20,846,0,5,78,0,3
2560,20.00000000,6785853,-15317160,0.408082061813,418971F247E09683,1,1,0,1048,1208,-55,126,1,5,80,0,3
2561,20.00781250,6665774,-15370174,0.400937295983,3E5E36157C5117B3,0,0,0,997,1819,85,965,2,5,118,0,3
2562,20.01562500,6545288,-15422250,0.393768059007,4F412C064B219473,0,1,0,1268,150,25,178,3,5,14,0,3
2563,20.02343750,6424402,-15473385,0.386574788458,356F01F732821BF3,1,1,0,854,1920,-36,808,4,6,126,0,3
2564,20.03125000,6303124,-15523576,0.379357923377,4B490C0D8D529A73,0,0,0,1204,1158,54,213,5,6,78,0,3
2565,20.03906250,6181461,-15572819,0.372117904243,42165A12BAE319C3,1,1,0,1057,813,74,942,6,6,56,0,3
2566,20.04687500,6059421,-15621112,0.364855172951,42F1D3E9C2E398A3,0,1,0,1071,233,-89,46,7,6,20,0,3
2567,20.05468750,5937011,-15668451,0.357570172779,30CED9FB34D41BE3,1,0,0,780,1900,-20,845,8,6,124,0,3
2568,20.06250000,5814239,-15714834,0.350263348366,4AC900090D949A73,0,1,0,1196,1152,36,217,9,6,78,0,3
2569,20.07031250,5691112,-15760258,0.342935145685,41CE5612BAB51BC3,0,1,0,1052,1835,74,939,10,6,120,0,3
2570,20.07812500,5567638,-15804720,0.335586012009,4FD934098AF59A7B,0,0,0,1277,1178,38,175,11,6,79,0,3
2571,20.08593750,5443824,-15848217,0.328216395893,428E66173AA61BCB,0,1,0,1064,1843,92,938,12,6,121,0,3
2572,20.09375000,5319678,-15890747,0.320826747140,50593809CB169A7B,0,1,0,1285,1180,39,177,13,6,79,0,3
2573,20.10156250,5195207,-15932307,0.313417516776,42B666177A9719CB,1,0,0,1067,819,93,937,14,6,57,0,3
2574,20.10937500,5070419,-15972895,0.305989157022,4371D7E9C30798A3,0,1,0,1079,235,-89,48,15,6,20,0,3
2575,20.11718750,4945321,-16012508,0.298542121267,30CED9FB74C81BE3,1,1,0,780,1900,-19,844,16,6,124,0,3
2576,20.12500000,4819921,-16051143,0.291076864040,4AE900090D989A73,0,0,0,1198,1152,36,217,17,6,78,0,3
2577,20.13281250,4694227,-16088799,0.283593840981,41AE5612BAB91BC3,0,1,0,1050,1835,74,939,18,6,120,0,3
2578,20.14062500,4568247,-16125473,0.276093508816,4FF934098AF99A7B,0,1,0,1279,1178,38,175,19,6,79,0,3
2579,20.14843750,4441988,-16161162,0.268576325326,426E66177A9A1BCB,0,0,0,1062,1843,93,937,20,6,121,0,3
2580,20.15625000,4315458,-16195865,0.261042749321,50613809CB1A987B,0,1,0,1286,156,39,177,21,6,15,0,3
2581,20.16406250,4188664,-16229580,0.253493240613,359705F7728B19F3,1,1,0,857,898,-35,808,22,6,62,0,3
2582,20.17187500,4061615,-16262304,0.245928259983,3E91ABEDC55B989B,1,0,0,1001,213,-73,85,23,6,19,0,3
2583,20.17968750,3934318,-16294035,0.238348269161,301ECDF6B51C1BE3,1,1,0,769,1894,-38,849,24,6,124,0,3
2584,20.18750000,3806781,-16324772,0.230753730788,4AA8FC090D7C9A6B,0,0,0,1194,1150,36,215,25,6,77,0,3
2585,20.19531250,3679011,-16354512,0.223145108397,416E5612BABD1BC3,0,1,0,1046,1835,74,939,26,6,120,0,3
2586,20.20312500,3551017,-16383254,0.215522866379,4FF934098B0D9A7B,0,1,0,1279,1178,38,176,27,6,79,0,3
2587,20.21093750,3422806,-16410996,0.207887469955,425666177A9E19CB,1,0,0,1061,819,93,937,28,6,57,0,3
2588,20.21875000,3294386,-16437737,0.200239385153,4391D7E9831E9CAB,0,1,0,1081,235,-90,49,29,7,21,0,3
2589,20.22656250,3165765,-16463474,0.192579078770,30AED9FB74CF1FEB,1,0,0,778,1900,-19,844,30,7,125,0,3
2590,20.23437500,3036951,-16488207,0.184907018352,4B1100090DAF9C7B,0,1,0,1201,128,36,218,31,7,15,0,3
2591,20.24218750,2907952,-16511933,0.177223672164,4B1F00090DA01C7F,0,1,0,1201,1920,36,218,0,7,15,1,3
2592,20.25000000,2778775,-16534651,0.169529509156,4B2DE02AC0A09CC7,0,0,0,1202,1776,171,10,1,7,24,1,3
2593,20.25781250,2649428,-16556360,0.161824998940,46C1F42691511FBF,0,1,0,1132,250,154,277,2,7,119,1,3
2594,20.26562500,2519920,-16577059,0.154110611761,376EE1EEF4919C87,1,0,0,886,1904,-69,841,3,7,16,1,3
2595,20.27343750,2390258,-16596746,0.146386818464,4BF1080E0C721FF7,0,1,0,1215,132,56,199,4,7,126,1,3
2596,20.28125000,2260450,-16615420,0.138654090470,34AEFDF332E29C7F,1,0,0,842,1918,-52,814,5,7,15,1,3
2597,20.28906250,2130504,-16633080,0.130912899745,4B71060D8D331FF7,0,1,0,1207,131,54,211,6,7,126,1,3
2598,20.29687500,2000428,-16649725,0.123163718772,34AEFBF2B2D39C7F,1,1,0,842,1917,-54,813,7,7,15,1,3
2599,20.30468750,1870230,-16665353,0.115407020520,4B71060D8D341FF7,0,0,0,1207,131,54,211,8,7,126,1,3
2600,20.31250000,1739918,-16679964,0.107643278418,3496FBF2B2D49E7F,1,1,0,841,893,-54,813,9,7,79,1,3
2601,20.32031250,1609500,-16693557,0.099872966326,3E71A5ED85351FCF,0,0,0,999,210,-74,83,10,7,121,1,3
2602,20.32812500,1478983,-16706131,0.092096558502,2FB6CFF6B5159E87,1,1,0,763,871,-38,849,11,7,80,1,3
2603,20.33593750,1348376,-16717686,0.084314529579,3DE999E8C5761DD7,1,0,0,990,1228,-93,87,12,7,58,1,3
2604,20.34375000,1217687,-16728220,0.076527354532,3C3E2A16BCE69CAF,1,1,0,963,1813,90,974,13,7,21,1,3
2605,20.35156250,1086923,-16737733,0.068735508649,4F9126048B571FEF,0,0,0,1273,147,18,181,14,7,125,1,3
2606,20.35937500,956093,-16746225,0.060939467505,34B701F732679E7F,1,1,0,843,896,-36,806,15,7,79,1,3
2607,20.36718750,825205,-16753694,0.053139706931,3EB1A9ED45681FCF,0,0,0,1003,212,-75,86,16,7,121,1,3
2608,20.37500000,694266,-16760141,0.045336702982,2FB6CDF6B5089E87,1,1,0,763,870,-38,848,17,7,80,1,3
2609,20.38281250,563285,-16765565,0.037530931915,3DF19BE8C5791FD7,0,0,0,991,205,-93,87,18,7,122,1,3
2610,20.39062500,432270,-16769966,0.029722870153,2F4EC9F6B4E99C87,1,1,0,756,1892,-38,846,19,7,16,1,3
2611,20.39843750,301228,-16773343,0.021912994260,4AC8FA088D9A1DFF,0,0,0,1196,1149,34,217,20,7,63,1,3
2612,20.40625000,170168,-16775696,0.014101780911,40F65612BAAA9EA7,1,1,0,1039,811,74,938,21,7,84,1,3
2613,20.41406250,39097,-16777025,0.006289706862,4351D1E9430B23CF,0,1,0,1077,232,-91,48,22,8,121,1,3
2614,20.42187500,-91976,-16777330,-0.001522751078,302ED9FB74CBA08F,1,0,0,770,1900,-19,844,23,8,17,1,3
2615,20.42968750,-223043,-16776611,-0.009335116077,4B50FE08CDBC2007,0,0,0,1205,127,35,219,24,8,0,1,3
2616,20.43750000,-354097,-16774868,-0.017146911309,344EF7F2F29CA087,1,1,0,836,1915,-53,809,25,8,16,1,3
2617,20.44531250,-485129,-16772102,-0.024957659982,4B71060D8D4D23FF,0,0,0,1207,131,54,212,26,8,127,1,3
2618,20.45312500,-616131,-16768312,-0.032766885368,348EFBF2B2DDA087,1,1,0,840,1917,-54,813,27,8,16,1,3
2619,20.46093750,-747096,-16763498,-0.040574110832,4B89060D8D3E21FF,0,0,0,1208,1155,54,211,28,8,63,1,3
2620,20.46875000,-878015,-16757661,-0.048378859862,418E5C12BADEA0AF,0,1,0,1048,1838,74,941,29,8,21,1,3
2621,20.47656250,-1008881,-16750802,-0.056180656095,506132098B0F23F7,0,0,0,1286,153,38,176,30,8,126,1,3
2622,20.48437500,-1139685,-16742920,-0.063979023351,352F07F7728FA07F,1,1,0,850,1923,-35,808,31,8,15,1,3
2623,20.49218750,-1270420,-16734016,-0.071773485656,3520FBF77280207B,1,0,0,850,125,-35,808,0,8,15,0,3
2624,20.50000000,-1401077,-16724091,-0.079563567279,351223D57F50A0CB,1,1,0,849,273,-171,1013,1,8,25,0,3
2625,20.50781250,-1531648,-16713145,-0.087348792751,39260DD9EEB121C3,1,0,0,914,774,-153,747,2,8,56,0,3
2626,20.51562500,-1662126,-16701179,-0.095128686903,3BD1BFF14371A0AB,1,1,0,957,223,-59,55,3,8,21,0,3
2627,20.52343750,-1792503,-16688194,-0.102902774890,2F3ECDF635D223F3,1,0,0,755,1894,-40,861,4,8,126,0,3
2628,20.53125000,-1922770,-16674190,-0.110670582222,4AC8F8084D72A27B,0,1,0,1196,1148,33,215,5,8,79,0,3
2629,20.53906250,-2052920,-16659168,-0.118431634793,41365612BAA321D3,1,0,0,1043,811,74,938,6,8,58,0,3
2630,20.54687500,-2182944,-16643130,-0.126185458906,4329D3E94303A2B3,1,0,0,1074,1257,-91,48,7,8,86,0,3
2631,20.55468750,-2312835,-16626076,-0.133931581310,3D5E3A1B7CD423CB,1,1,0,981,1821,109,973,8,8,121,0,3
2632,20.56250000,-2442585,-16608007,-0.141669529220,4FF12C04CB64A08B,0,0,0,1279,150,19,182,9,8,17,0,3
2633,20.57031250,-2572186,-16588924,-0.149398830353,351701F772552203,1,1,0,849,896,-35,805,10,8,64,0,3
2634,20.57812500,-2701630,-16568829,-0.157119012951,3EA9ABED8565A2AB,1,0,0,1002,1237,-74,86,11,8,85,0,3
2635,20.58593750,-2830909,-16547723,-0.164829605814,3CE62E16FD1621CB,1,1,0,974,791,91,977,12,8,57,0,3
2636,20.59375000,-2960015,-16525607,-0.172530138327,42B1C7E4C336A0B3,0,0,0,1067,227,-109,51,13,8,22,0,3
2637,20.60156250,-3088941,-16502482,-0.180220140491,302ED5FB74A723F3,1,0,0,770,1898,-19,842,14,8,126,0,3
2638,20.60937500,-3217678,-16478350,-0.187899142945,4AF10008CDB7A083,0,1,0,1199,128,35,219,15,8,16,0,3
2639,20.61718750,-3346219,-16453212,-0.195566677005,348EF5F2B2A82403,1,0,0,840,1914,-54,810,16,9,0,0,3
2640,20.62500000,-3474555,-16427070,-0.203222274682,4B29080D8D38A68B,0,1,0,1202,1156,54,211,17,9,81,0,3
2641,20.63281250,-3602679,-16399925,-0.210865468720,41CE5A12BAE927DB,0,0,0,1052,1837,74,942,18,9,123,0,3
2642,20.64062500,-3730584,-16371779,-0.218495792616,501934098AF9A693,0,0,0,1281,1178,38,175,19,9,82,0,3
2643,20.64843750,-3858261,-16342634,-0.226112780655,426E66177A9A27E3,0,1,0,1062,1843,93,937,20,9,124,0,3
2644,20.65625000,-3985702,-16312491,-0.233715967935,50793809CB1AA693,0,0,0,1287,1180,39,177,21,9,82,0,3
2645,20.66406250,-4112900,-16281353,-0.241304890397,42966617BA9B25E3,1,0,0,1065,819,94,937,22,9,60,0,3
2646,20.67187500,-4239847,-16249221,-0.248879084852,4389D7E9831BA6BB,1,1,0,1080,1259,-90,49,23,9,87,0,3
2647,20.67968750,-4366535,-16216097,-0.256438089011,3DBE3A1BBCCC27D3,0,0,0,987,1821,110,972,24,9,122,0,3
2648,20.68750000,-4492957,-16181983,-0.263981441511,4FD92C050B6CA693,0,1,0,1277,1174,20,182,25,9,82,0,3
2649,20.69531250,-4619105,-16146882,-0.271508681944,424E62177A6D27E3,0,0,0,1060,1841,93,934,26,9,124,0,3
2650,20.70312500,-4744971,-16110795,-0.279019350886,504138098B2DA493,0,0,0,1284,156,38,178,27,9,18,0,3
2651,20.71093750,-4870547,-16073725,-0.286512989926,35AF05F7728E240B,1,1,0,858,1922,-35,808,28,9,1,0,3
2652,20.71875000,-4995826,-16035674,-0.293989141689,4B890C0DCD5EA68B,0,0,0,1208,1158,55,213,29,9,81,0,3
2653,20.72656250,-5120800,-15996644,-0.301447349870,420E5A12BADF27DB,0,0,0,1056,1837,74,941,30,9,123,0,3
2654,20.73437500,-5245461,-15956638,-0.308887159259,4FF93409CAEFA693,0,1,0,1279,1178,39,174,31,9,82,0,3
2655,20.74218750,-5369802,-15915658,-0.316308115768,4FF6CC09CAE02697,0,0,0,1279,870,39,174,0,9,82,1,3
2656,20.75000000,-5493815,-15873706,-0.323709766459,3EAE960DB830A4A7,1,0,0,1002,1867,54,899,1,9,20,1,3
2657,20.75781250,-5617493,-15830786,-0.331091659575,4ED12A0B0BC127FF,0,1,0,1261,149,44,188,2,9,127,1,3
2658,20.76562500,-5740828,-15786899,-0.338453344563,359701F5F2A1A68F,1,0,0,857,896,-41,810,3,9,81,1,3
2659,20.77343750,-5863813,-15742049,-0.345794372102,3E51ABEDC53227DF,0,0,0,997,213,-73,83,4,9,123,1,3
2660,20.78125000,-5986440,-15696238,-0.353114294136,304ECDF6B512A497,1,1,0,772,1894,-38,849,5,9,18,1,3
2661,20.78906250,-6108701,-15649469,-0.360412663893,4A70FC090D73240F,0,0,0,1191,126,36,215,6,9,1,1,3
2662,20.79687500,-6230590,-15601745,-0.367689035919,34B6F5F272B3A68F,1,0,0,843,890,-55,811,7,9,81,1,3
2663,20.80468750,-6352098,-15553069,-0.374942966101,3DD1A7ED852427DF,0,1,0,989,211,-74,82,8,9,123,1,3
2664,20.81250000,-6473219,-15503443,-0.382174011697,302ECDF67524A89F,1,0,0,770,1894,-39,850,9,10,19,1,3
2665,20.82031250,-6593945,-15452871,-0.389381731361,4A50FC090D752817,0,0,0,1189,126,36,215,10,10,2,1,3
2666,20.82812500,-6714268,-15401356,-0.396565685172,34B6F5F272C5AA97,1,1,0,843,890,-55,812,11,10,82,1,3
2667,20.83593750,-6834181,-15348901,-0.403725434656,3DD1A7ED85262BE7,0,0,0,989,211,-74,82,12,10,124,1,3
2668,20.84375000,-6953677,-15295509,-0.410860542821,3036CDF67526AA9F,1,0,0,771,870,-39,850,13,10,83,1,3
2669,20.85156250,-7072749,-15241183,-0.417970574177,3D519BE905672BEF,0,0,0,981,205,-92,86,14,10,125,1,3
2670,20.85937500,-7191389,-15185927,-0.425055094762,2FEEC9F67507A89F,1,1,0,766,1892,-39,848,15,10,19,1,3
2671,20.86718750,-7309590,-15129744,-0.432113672176,4A28FC08CD782A17,0,0,0,1186,1150,35,215,16,10,66,1,3
2672,20.87500000,-7427345,-15072638,-0.439145875598,41B656127AC8AABF,1,0,0,1051,811,73,940,17,10,87,1,3
2673,20.88281250,-7544647,-15014612,-0.446151275819,42A9D3E982E929DF,1,1,0,1066,1257,-90,46,18,10,59,1,3
2674,20.89062500,-7661488,-14955669,-0.453129445266,3DDE381B3CE9A8C7,1,0,0,989,1820,108,974,19,10,24,1,3
2675,20.89843750,-7777862,-14895814,-0.460079958028,4F892C050B5A2A07,0,0,0,1272,1174,20,181,20,10,64,1,3
2676,20.90625000,-7893761,-14835049,-0.467002389880,429662177A7AAAB7,1,0,0,1065,817,93,935,21,10,86,1,3
2677,20.91406250,-8009178,-14773379,-0.473896318313,4309D9E9C31B29DF,1,1,0,1072,1260,-89,49,22,10,59,1,3
2678,20.92187500,-8124106,-14710807,-0.480761322557,3E1E381B7CDBA8C7,1,0,0,993,1820,109,973,23,10,24,1,3
2679,20.92968750,-8238538,-14647337,-0.487596983608,4F712E054B5C2807,0,0,0,1271,151,21,181,24,10,0,1,3
2680,20.93750000,-8352467,-14582973,-0.494402884252,35AF01F7327CA897,1,0,0,858,1920,-36,807,25,10,18,1,3
2681,20.94531250,-8465887,-14517719,-0.501178609093,4B090C0DCD5D2A0F,0,1,0,1200,1158,55,213,26,10,65,1,3
2682,20.95312500,-8578790,-14451579,-0.507923744575,42565A127AEDAABF,1,0,0,1061,813,73,942,27,10,87,1,3
2683,20.96093750,-8691169,-14384557,-0.514637879009,42B1D3E9C2DE2BDF,0,0,0,1067,233,-89,45,28,10,123,1,3
2684,20.96875000,-8803018,-14316657,-0.521320602599,310ED9FB34EEA89F,1,0,0,784,1900,-20,846,29,10,19,1,3
2685,20.97656250,-8914330,-14247883,-0.527971507467,4A8900090D8F2A17,0,1,0,1192,1152,36,216,30,10,66,1,3
2686,20.98437500,-9025098,-14178240,-0.534590187675,420E5612BACFA8BF,0,0,0,1056,1835,74,940,31,10,23,1,3
2687,20.99218750,-9135315,-14107731,-0.541176239254,4201AA12BAC028BB,0,0,0,1056,213,74,940,0,10,23,0,3
2688,21.00000000,-9244974,-14036361,-0.547729260224,3AFA31D73E30AADB,1,0,0,943,1304,-164,995,1,10,91,0,3
2689,21.00781250,-9354069,-13964135,-0.554248850624,482581FD76312DBB,0,0,0,1154,704,-11,867,2,11,55,0,3
2690,21.01562500,-9462593,-13891056,-0.560734612530,4061F3EE4131ACD3,1,1,0,1030,249,-71,19,3,11,26,0,3
2691,21.02343750,-9570539,-13817129,-0.567186150086,30C6D7FAB5A22E0B,1,0,0,780,875,-22,858,4,11,65,0,3
2692,21.03125000,-9677901,-13742359,-0.573603069522,3D899DE88572AEBB,1,0,0,984,1230,-94,87,5,11,87,0,3
2693,21.03906250,-9784672,-13666750,-0.579984979183,3D262A16BCF32DE3,1,0,0,978,789,90,975,6,11,60,0,3
2694,21.04687500,-9890846,-13590307,-0.586331489551,41D1C9E50333ACCB,0,1,0,1053,228,-108,51,7,11,25,0,3
2695,21.05468750,-9996417,-13513035,-0.592642213267,30CED3FAF4C42C0B,1,0,0,780,1897,-21,844,8,11,1,0,3
2696,21.06250000,-10101377,-13434938,-0.598916765156,4A3100090D94AC9B,0,0,0,1187,128,36,217,9,11,19,0,3
2697,21.07031250,-10205721,-13356021,-0.605154762254,352EF5F272C52C13,1,0,0,850,1914,-55,812,10,11,2,0,3
2698,21.07812500,-10309442,-13276289,-0.611355823823,4A89080DCD25AE9B,0,0,0,1192,1156,55,210,11,11,83,0,3
2699,21.08593750,-10412534,-13195746,-0.617519571384,426E5A127AF62FEB,0,1,0,1062,1837,73,943,12,11,125,0,3
2700,21.09375000,-10514990,-13114398,-0.623645628733,4F79340A0AD6AEA3,0,0,0,1271,1178,40,173,13,11,84,0,3
2701,21.10156250,-10616804,-13032250,-0.629733621968,431666173AB72DF3,1,0,0,1073,819,92,939,14,11,62,0,3
2702,21.10937500,-10717970,-12949306,-0.635783179508,42E9D9E9C2F7AECB,1,0,0,1070,1260,-89,47,15,11,89,0,3
2703,21.11718750,-10818482,-12865572,-0.641793932120,3E5E381B7CE82FE3,0,0,0,997,1820,109,974,16,11,124,0,3
2704,21.12500000,-10918334,-12781053,-0.647765512937,4F392E054B48AEA3,0,0,0,1267,1175,21,180,17,11,84,0,3
2705,21.13281250,-11017520,-12695754,-0.653697557487,42D662173A892DF3,1,1,0,1069,817,92,936,18,11,62,0,3
2706,21.14062500,-11116033,-12609680,-0.659589703707,42B1D9E9C309ACCB,0,0,0,1067,236,-89,48,19,11,25,0,3
2707,21.14843750,-11213868,-12522836,-0.665441591972,316ED7FB34EA2C0B,1,0,0,790,1899,-20,846,20,11,1,0,3
2708,21.15625000,-11311018,-12435228,-0.671252865111,4A4902094D8AAE9B,0,0,0,1188,1153,37,216,21,11,83,0,3
2709,21.16406250,-11407478,-12346861,-0.677023168435,424E56127ACB2FEB,0,0,0,1060,1835,73,940,22,11,125,0,3
2710,21.17187500,-11503242,-12257740,-0.682752149755,4F413609CAEBACA3,0,0,0,1268,155,39,174,23,11,20,0,3
2711,21.17968750,-11598303,-12167871,-0.688439459402,362F03F6F2BC2C1B,1,1,0,866,1921,-37,811,24,11,3,0,3
2712,21.18750000,-11692657,-12077259,-0.694084750253,4AD10C0E0D3CAC9B,0,0,0,1197,134,56,211,25,11,19,0,3
2713,21.19531250,-11786297,-11985910,-0.699687677748,35B6F9F272FD2E13,1,0,0,859,892,-55,815,26,11,66,0,3
2714,21.20312500,-11879218,-11893830,-0.705247899914,3D89A9EE050DB2CB,1,0,0,984,1236,-72,80,27,12,89,0,3
2715,21.21093750,-11971414,-11801024,-0.710765077383,3DBE2C167D4E33EB,0,0,0,987,1814,89,980,28,12,125,0,3
2716,21.21875000,-12062879,-11707497,-0.716238873415,4EB92A054B1EB2AB,0,0,0,1259,1173,21,177,29,12,85,0,3
2717,21.22656250,-12153608,-11613256,-0.721668953918,42CE6016FA9F33FB,0,0,0,1068,1840,91,937,30,12,127,0,3
2718,21.23437500,-12243595,-11518306,-0.727054987467,4F793809CB0FB2AB,0,1,0,1271,1180,39,176,31,12,85,0,3
2719,21.24218750,-12332834,-11422653,-0.732396645328,4F76C809CB0032AF,0,0,0,1271,868,39,176,0,12,85,1,3
2720,21.25000000,-12421321,-11326303,-0.737693601472,3F56940D7830B2BF,1,0,0,1013,842,53,899,1,12,87,1,3
2721,21.25781250,-12509050,-11229261,-0.742945532601,4131CBEB43A133EF,0,0,0,1043,229,-83,58,2,12,125,1,3
2722,21.26562500,-12596015,-11131534,-0.748152118164,3156D5F9B4F1B2AF,1,0,0,789,874,-26,847,3,12,85,1,3
2723,21.27343750,-12682211,-11033128,-0.753313040378,3D299FE9456231FF,1,0,0,978,1231,-91,86,4,12,63,1,3
2724,21.28125000,-12767633,-10934048,-0.758427984246,3D8628167D12B2D7,1,0,0,984,788,89,977,5,12,90,1,3
2725,21.28906250,-12852276,-10834301,-0.763496637580,4189C9E5031331EF,1,0,0,1048,1252,-108,49,6,12,61,1,3
2726,21.29687500,-12936135,-10733893,-0.768518691013,3DFE341AFCD3B0D7,1,1,0,991,1818,107,973,7,12,26,1,3
2727,21.30468750,-13019204,-10632829,-0.773493838027,4ED12E050B443017,0,0,0,1261,151,20,180,8,12,2,1,3
2728,21.31250000,-13101478,-10531116,-0.778421774964,360EFFF6F284B0A7,1,0,0,864,1919,-37,808,9,12,20,1,3
2729,21.32031250,-13182953,-10428761,-0.783302201048,4A910E0E0D35301F,0,0,0,1193,135,56,211,10,12,3,1,3
2730,21.32812500,-13263623,-10325769,-0.788134818403,35D6F9F232F5B2A7,1,0,0,861,892,-56,815,11,12,84,1,3
2731,21.33593750,-13343484,-10222147,-0.792919332071,3D51A9EE050633F7,0,0,0,981,212,-72,80,12,12,126,1,3
2732,21.34375000,-13422530,-10117901,-0.797655450029,30EECBF63546B0AF,1,0,0,782,1893,-40,852,13,12,21,1,3
2733,21.35156250,-13500757,-10013037,-0.802342883210,49B0FE094D573027,0,0,0,1179,127,37,213,14,12,4,1,3
2734,21.35937500,-13578160,-9907562,-0.806981345517,356EF3F232D7B0A7,1,0,0,854,1913,-56,813,15,12,20,1,3
2735,21.36718750,-13654734,-9801483,-0.811570553842,4A29080DCD18321F,0,0,0,1186,1156,55,209,16,12,67,1,3
2736,21.37500000,-13730475,-9694805,-0.816110228084,42AE58123B08B0CF,0,1,0,1066,1836,72,944,17,12,25,1,3
2737,21.38281250,-13805378,-9587536,-0.820600091163,4F19360A0AC93217,0,0,0,1265,1179,40,172,18,12,66,1,3
2738,21.39062500,-13879438,-9479681,-0.825039869043,436E6416FAC9B0C7,0,0,0,1078,1842,91,940,19,12,24,1,3
2739,21.39843750,-13952651,-9371248,-0.829429290741,4F813A0A0AFA341F,0,0,0,1272,157,40,175,20,13,3,1,3
2740,21.40625000,-14025012,-9262243,-0.833768088350,369703F732BAB6A7,1,0,0,873,897,-36,811,21,13,84,1,3
2741,21.41406250,-14096517,-9152673,-0.838055997053,3DB1ADEE052B37FF,0,0,0,987,214,-72,82,22,13,127,1,3
2742,21.42187500,-14167162,-9042544,-0.842292755137,3116CDF6753BB6B7,1,0,0,785,870,-39,851,23,13,86,1,3
2743,21.42968750,-14236942,-8931863,-0.846478104012,3CB19DE9454C3407,0,0,0,971,206,-91,84,24,13,0,1,3
2744,21.43750000,-14305853,-8820637,-0.850611788227,3096C7F6351CB6B7,1,0,0,777,867,-40,849,25,13,86,1,3
2745,21.44531250,-14373891,-8708873,-0.854693555483,3C719DE9055D3407,0,0,0,967,206,-92,85,26,13,0,1,3
2746,21.45312500,-14441052,-8596577,-0.858723156649,3096C7F5F52DB6B7,1,0,0,777,867,-41,850,27,13,86,1,3
2747,21.46093750,-14507331,-8483756,-0.862700345780,3C719DE9055E3407,0,0,0,967,206,-92,85,28,13,0,1,3
2748,21.46875000,-14572725,-8370417,-0.866624880129,3096C7F5F52EB6B7,1,0,0,777,867,-41,850,29,13,86,1,3
2749,21.47656250,-14637229,-8256568,-0.870496520161,3C719DE9055F3407,0,1,0,967,206,-92,85,30,13,0,1,3
2750,21.48437500,-14700840,-8142215,-0.874315029573,3096C7F5F52FB6B7,1,0,0,777,867,-41,850,31,13,86,1,3
2751,21.49218750,-14763554,-8027365,-0.878080175301,30993BF5F52036B3,1,0,0,777,1181,-41,850,0,13,86,0,3
2752,21.50000000,-14825367,-7912025,-0.881791727541,40716BF2C7C0B4C3,1,0,0,1031,181,-53,124,1,13,24,0,3
2753,21.50781250,-14886275,-7796202,-0.885449459760,321ED5F4B461341B,1,0,0,801,1898,-46,838,2,13,3,0,3
2754,21.51562500,-14946274,-7679903,-0.889053148707,4991000ACD41B4AB,0,0,0,1177,128,43,212,3,13,21,0,3
2755,21.52343750,-15005361,-7563135,-0.892602574432,35AEF5F1F2F23423,1,0,0,858,1914,-57,815,4,13,4,0,3
2756,21.53125000,-15063532,-7445906,-0.896097520296,4A09080E0D02B6AB,0,0,0,1184,1156,56,208,5,13,85,0,3
2757,21.53906250,-15120784,-7328222,-0.899537772987,42D658123B1335FB,1,0,0,1069,812,72,945,6,13,63,0,3
2758,21.54687500,-15177113,-7210091,-0.902923122528,4209D5EA02C3B6DB,1,0,0,1056,1258,-88,44,7,13,91,0,3
2759,21.55468750,-15232516,-7091520,-0.906253362296,3E9E381AFD0437F3,0,0,0,1001,1820,107,976,8,13,126,0,3
2760,21.56250000,-15286989,-6972516,-0.909528289030,4EC12E054B34B4B3,0,0,0,1260,151,21,179,9,13,22,0,3
2761,21.57031250,-15340529,-6853086,-0.912747702844,364EFFF6F2853423,1,0,0,868,1919,-37,808,10,13,4,0,3
2762,21.57812500,-15393132,-6733238,-0.915911407244,4A690E0E0D35B6AB,0,0,0,1190,1159,56,211,11,13,85,0,3
2763,21.58593750,-15444796,-6612979,-0.919019209132,430E58123B0637FB,0,0,0,1072,1836,72,944,12,13,127,0,3
2764,21.59375000,-15495517,-6492317,-0.922070918824,4EF9360A4AC6BABB,0,0,0,1263,1179,41,172,13,14,87,0,3
2765,21.60156250,-15545292,-6371258,-0.925066350060,43966416FAC73A0B,1,0,0,1081,818,91,940,14,14,65,0,3
2766,21.60937500,-15594119,-6249810,-0.928005320013,4269D9EA02E7BAE3,1,0,0,1062,1260,-88,46,15,14,92,0,3
2767,21.61718750,-15641994,-6127981,-0.930887649305,3EC6381B3CF839FB,1,0,0,1004,796,108,975,16,14,63,0,3
2768,21.62500000,-15688914,-6005778,-0.933713162013,41D1CDE54328B8E3,0,0,0,1053,230,-107,50,17,14,28,0,3
2769,21.63281250,-15734877,-5883208,-0.936481685683,3176D3FAF4C93A23,1,0,0,791,873,-21,844,18,14,68,0,3
2770,21.64062500,-15779879,-5760279,-0.939193051336,3CC9A1E94579BADB,1,1,0,972,1232,-91,87,19,14,91,0,3
2771,21.64843750,-15823918,-5636999,-0.941847093487,3DC628163D1A39FB,1,0,0,988,788,88,977,20,14,63,0,3
2772,21.65625000,-15866991,-5513375,-0.944443650146,4149C9E5431ABAE3,1,0,0,1044,1252,-107,49,21,14,92,0,3
2773,21.66406250,-15909096,-5389414,-0.946982562832,3E46341ABCEB39FB,1,0,0,996,794,106,974,22,14,63,0,3
2774,21.67187500,-15950230,-5265124,-0.949463676583,41A9CDE5433BBAE3,1,0,0,1050,1254,-107,51,23,14,92,0,3
2775,21.67968750,-15990390,-5140513,-0.951886839965,3E7E341AFCDC3BFB,0,0,0,999,1818,107,973,24,14,127,0,3
2776,21.68750000,-16029574,-5015588,-0.954251905081,4E992E054B3CBABB,0,0,0,1257,1175,21,179,25,14,87,0,3
2777,21.69531250,-16067780,-4890357,-0.956558727579,43566016FA9D3A0B,1,0,0,1077,816,91,937,26,14,65,0,3
2778,21.70312500,-16105005,-4764827,-0.958807166663,4231D9EA02EDB8E3,0,0,0,1059,236,-88,46,27,14,28,0,3
2779,21.71093750,-16141247,-4639007,-0.960997085098,31D6D7FAF4FE3A23,1,0,0,797,875,-21,847,28,14,68,0,3
2780,21.71875000,-16176504,-4512904,-0.963128349225,3CD1A1E9856EB8DB,1,0,0,973,208,-90,86,29,14,27,0,3
2781,21.72656250,-16210774,-4386525,-0.965200828962,30E6C7F6351F3A23,1,0,0,782,867,-40,849,30,14,68,0,3
2782,21.73437500,-16244054,-4259878,-0.967214397815,3C519DE9454FB8D3,1,0,0,965,206,-91,84,31,14,26,0,3
2783,21.74218750,-16276343,-4132971,-0.969168932886,3C5E65E9454038D7,1,0,0,965,1842,-91,84,0,14,26,1,3
2784,21.75000000,-16307638,-4005812,-0.971064314881,457DC82901F0B8FF,0,0,0,1111,1764,164,31,1,14,31,1,3
2785,21.75781250,-16337938,-3878409,-0.972900428115,4419E222D1B139F7,1,0,0,1089,1265,139,283,2,14,62,1,3
2786,21.76562500,-16367241,-3750769,-0.974677160521,45263A0DBCB1BAE7,0,0,0,1106,797,54,971,3,14,92,1,3
2787,21.77343750,-16395545,-3622900,-0.976394403658,4259D5EA820239FF,1,0,0,1061,1258,-86,32,4,14,63,1,3
2788,21.78125000,-16422848,-3494810,-0.978052052712,3EA63A1B7D12BAE7,1,0,0,1002,797,109,977,5,14,92,1,3
2789,21.78906250,-16449149,-3366506,-0.979650006510,41C9CDE543333E07,1,0,0,1052,1254,-107,51,6,15,64,1,3
2790,21.79687500,-16474446,-3237997,-0.981188167521,3E7E341AFCD3BCEF,1,0,0,999,1818,107,973,7,15,29,1,3
2791,21.80468750,-16498737,-3109290,-0.982666441864,4E912E054B343C2F,0,0,0,1257,151,21,179,8,15,5,1,3
2792,21.81250000,-16522021,-2980394,-0.984084739312,366EFFF6F294BCBF,1,0,0,870,1919,-37,809,9,15,23,1,3
2793,21.82031250,-16544297,-2851316,-0.985442973299,4A490E0E0D353E37,0,0,0,1188,1159,56,211,10,15,70,1,3
2794,21.82812500,-16565563,-2722064,-0.986741060927,432E58123B05BCE7,0,0,0,1074,1836,72,944,11,15,28,1,3
2795,21.83593750,-16585818,-2592646,-0.987978922966,4ED9360A4AB63E2F,0,0,0,1261,1179,41,171,12,15,69,1,3
2796,21.84375000,-16605061,-2463069,-0.989156483864,43AE6416FAD6BCDF,0,0,0,1082,1842,91,941,13,15,27,1,3
2797,21.85156250,-16623290,-2333342,-0.990273671748,4F393A0A4AE73E2F,0,0,0,1267,1181,41,174,14,15,69,1,3
2798,21.85937500,-16640505,-2203473,-0.991330418432,43CE6416FAC7BCDF,0,0,0,1084,1842,91,940,15,15,27,1,3
2799,21.86718750,-16656704,-2073469,-0.992326659416,4F413A0A4AE83C2F,0,0,0,1268,157,41,174,16,15,5,1,3
2800,21.87500000,-16671886,-1943338,-0.993262333895,36D703F6F2B8BEB7,1,0,0,877,897,-37,811,17,15,86,1,3
2801,21.88281250,-16686051,-1813089,-0.994137384762,3D69ADEE45193E0F,1,0,0,982,1238,-71,81,18,15,65,1,3
2802,21.89062500,-16699197,-1682729,-0.994951758606,3E462C163D49BEEF,1,0,0,996,790,88,980,19,15,93,1,3
2803,21.89843750,-16711324,-1552267,-0.995705405723,4151C9E5830A3C07,0,0,0,1045,228,-106,48,20,15,0,1,3
2804,21.90625000,-16722431,-1421710,-0.996398280114,3176D3FAB4DABEC7,1,0,0,791,873,-22,845,21,15,88,1,3
2805,21.91406250,-16732517,-1291066,-0.997030339490,3CA9A1E9457B3E17,1,0,0,970,1232,-91,87,22,15,66,1,3
2806,21.92187500,-16741582,-1160343,-0.997601545272,3DE628163D2BBEEF,1,0,0,990,788,88,978,23,15,93,1,3
2807,21.92968750,-16749625,-1029549,-0.998111862599,4131C9E5430C3C07,0,0,0,1043,228,-107,48,24,15,0,1,3
2808,21.93750000,-16756646,-898693,-0.998561260321,316ED3FAB4ECBCC7,1,0,0,790,1897,-22,846,25,15,24,1,3
2809,21.94531250,-16762644,-767782,-0.998949711011,49A902094D7D3E37,0,0,0,1178,1153,37,215,26,15,70,1,3
2810,21.95312500,-16767619,-636824,-0.999277190959,42CE54123AEDBCE7,0,0,0,1068,1834,72,942,27,15,28,1,3
2811,21.96093750,-16771571,-505827,-0.999543680179,4EB9360A0ACE3E2F,0,0,0,1259,1179,40,172,28,15,69,1,3
2812,21.96875000,-16774499,-374799,-0.999749162403,43966416BADEBEDF,0,0,0,1081,818,90,941,29,15,91,1,3
2813,21.97656250,-16776403,-243748,-0.999893625092,4241D9EA02EF3C07,0,0,0,1060,236,-88,46,30,15,0,1,3
2814,21.98437500,-16777283,-112682,-0.999977059428,31F6D7FAF4FFC2CF,1,0,0,799,875,-21,847,31,16,89,1,3
2815,21.99218750,-16777139,18391,-0.999999460318,31F92BFAF4F042CB,1,0,0,799,1173,-21,847,0,16,89,0,3
2816,22.00000000,-16775971,149462,-0.999960826395,409173F2C7B0C0DB,1,0,0,1033,185,-53,123,1,16,27,0,3
2817,22.00781250,-16773779,280524,-0.999861160017,3266D5F4F4714233,1,0,0,806,874,-45,839,2,16,70,0,3
2818,22.01562500,-16770564,411569,-0.999700467267,3C71A1EAC531C0EB,1,0,0,967,208,-85,83,3,16,29,0,3
2819,22.02343750,-16766325,542589,-0.999478757954,30E6C7F5F5324233,1,0,0,782,867,-41,851,4,16,70,0,3
2820,22.03125000,-16761063,673576,-0.999196045609,3C499DE94542C2E3,1,0,0,964,1230,-91,84,5,16,92,0,3
2821,22.03906250,-16754778,804522,-0.998852347487,3DBE2815FD33400B,0,0,0,987,1812,87,979,6,16,1,0,3
2822,22.04687500,-16747470,935419,-0.998447684566,4E192A054B13C2CB,0,0,0,1249,1173,21,177,7,16,89,0,3
2823,22.05468750,-16739140,1066259,-0.997982081544,43365E16BAA44213,1,0,0,1075,815,90,938,8,16,66,0,3
2824,22.06250000,-16729788,1197034,-0.997455566840,4229D9EA02E4C2F3,1,0,0,1058,1260,-88,46,9,16,94,0,3
2825,22.07031250,-16719415,1327735,-0.996868172590,3EDE381AFD05400B,0,0,0,1005,1820,107,976,10,16,1,0,3
2826,22.07812500,-16708022,1458355,-0.996219934644,4EA12E058B25C0CB,0,0,0,1258,151,22,178,11,16,25,0,3
2827,22.08593750,-16695609,1588886,-0.995510892568,366EFFF6F296403B,1,0,0,870,1919,-37,809,12,16,7,0,3
2828,22.09375000,-16682177,1719320,-0.994741089639,4A490E0E0D36C2C3,0,0,0,1188,1159,56,211,13,16,88,0,3
2829,22.10156250,-16667727,1849650,-0.993910572840,432E58123B074013,0,0,0,1074,1836,72,944,14,16,2,0,3
2830,22.10937500,-16652259,1979867,-0.993019392862,4ED9360A4AB7C2CB,0,0,0,1261,1179,41,171,15,16,89,0,3
2831,22.11718750,-16635775,2109963,-0.992067604100,43AE6416FAD8401B,0,0,0,1082,1842,91,941,16,16,3,0,3
2832,22.12500000,-16618276,2239930,-0.991055264644,4F393A0A4AE8C2CB,0,0,0,1267,1181,41,174,17,16,89,0,3
2833,22.13281250,-16599762,2369760,-0.989982436282,43CE6416FAC9401B,0,0,0,1084,1842,91,940,18,16,3,0,3
2834,22.14062500,-16580235,2499446,-0.988849184496,4F413A0A4AE9C0CB,0,0,0,1268,157,41,174,19,16,25,0,3
2835,22.14843750,-16559696,2628979,-0.987655578451,36D703F6F2BA4243,1,0,0,877,897,-37,811,20,16,72,0,3
2836,22.15625000,-16538146,2758352,-0.986401691001,3D69ADEE451AC2EB,1,0,0,982,1238,-71,81,21,16,93,0,3
2837,22.16406250,-16515587,2887556,-0.985087598676,3E462C163D4B420B,1,0,0,996,790,88,980,22,16,65,0,3
2838,22.17187500,-16492020,3016584,-0.983713381681,4169C9E5830BC2F3,1,0,0,1046,1252,-106,48,23,16,94,0,3
2839,22.17968750,-16467446,3145428,-0.982279123891,3E5E341AFCEC400B,0,0,0,997,1818,107,974,24,16,1,0,3
2840,22.18750000,-16441867,3274080,-0.980784912847,4E812E054B3CC4D3,0,0,0,1256,151,21,179,25,17,26,0,3
2841,22.19531250,-16415285,3402532,-0.979230839747,3656FFF6F29D4643,1,0,0,869,895,-37,809,26,17,72,0,3
2842,22.20312500,-16387701,3530776,-0.977616999443,3D51ADEE052DC4F3,1,0,0,981,214,-72,82,27,17,30,0,3
2843,22.21093750,-16359117,3658805,-0.975943490437,3146CBF6354E463B,1,0,0,788,869,-40,852,28,17,71,0,3
2844,22.21875000,-16329534,3786611,-0.974210414870,3C719DE9453EC4EB,1,0,0,967,206,-91,83,29,17,29,0,3
2845,22.22656250,-16298954,3914185,-0.972417878520,30C6C7F5F52F463B,1,0,0,780,867,-41,850,30,17,71,0,3
2846,22.23437500,-16267380,4041521,-0.970565990796,3C519DE9454FC4EB,1,0,0,965,206,-91,84,31,17,29,0,3
2847,22.24218750,-16234813,4168610,-0.968654864725,3C5E65E9454044EF,1,0,0,965,1842,-91,84,0,17,29,1,3
2848,22.25000000,-16201255,4295444,-0.966684616955,457DC82901F0C517,0,0,0,1111,1764,164,31,1,17,34,1,3
2849,22.25781250,-16166708,4422016,-0.964655367738,4419E222D1B1460F,1,0,0,1089,1265,139,283,2,17,65,1,3
2850,22.26562500,-16131174,4548318,-0.962567240929,45263A0DBCB1C6FF,0,0,0,1106,797,54,971,3,17,95,1,3
2851,22.27343750,-16094656,4674343,-0.960420363977,4259D5EA82024617,1,0,0,1061,1258,-86,32,4,17,66,1,3
2852,22.28125000,-16057155,4800083,-0.958214867916,3EA63A1B7D12C6FF,1,0,0,1002,797,109,977,5,17,95,1,3
2853,22.28906250,-16018674,4925530,-0.955950887359,41C9CDE543334617,1,0,0,1052,1254,-107,51,6,17,66,1,3
2854,22.29687500,-15979216,5050676,-0.953628560487,3E7E341AFCD3C4FF,1,0,0,999,1818,107,973,7,17,31,1,3
2855,22.30468750,-15938782,5175514,-0.951248029042,4EA92E054B34463F,0,0,0,1258,1175,21,179,8,17,71,1,3
2856,22.31250000,-15897375,5300036,-0.948809438321,434E6016FA94C4F7,0,0,0,1076,1840,91,937,9,17,30,1,3
2857,22.32031250,-15854998,5424234,-0.946312937161,4F393A0A0AF5463F,0,0,0,1267,1181,40,175,10,17,71,1,3
2858,22.32812500,-15811653,5548101,-0.943758677938,43AE6416FAC5C4EF,0,0,0,1082,1842,91,940,11,17,29,1,3
2859,22.33593750,-15767343,5671630,-0.941146816549,4F593A0A4AE6463F,0,0,0,1269,1181,41,174,12,17,71,1,3
2860,22.34375000,-15722071,5794812,-0.938477512410,43B664173AC6C6EF,0,0,0,1083,818,92,940,13,17,93,1,3
2861,22.35156250,-15675839,5917641,-0.935750928440,4279D9EA02E74617,1,0,0,1063,1260,-88,46,14,17,66,1,3
2862,22.35937500,-15628651,6040108,-0.932967231057,3EC6381B3CF7C6FF,1,0,0,1004,796,108,975,15,17,95,1,3
2863,22.36718750,-15580509,6162207,-0.930126590162,41D1CDE543284417,0,1,0,1053,230,-107,50,16,17,2,1,3
2864,22.37500000,-15531416,6283930,-0.927229179134,3176D3FAF4C8C6D7,1,0,0,791,873,-21,844,17,17,90,1,3
2865,22.38281250,-15481375,6405269,-0.924275174817,3CC9A1E945794A2F,1,0,0,972,1232,-91,87,18,18,69,1,3
2866,22.39062500,-15430389,6526217,-0.921264757507,3DC628163D19CB07,1,0,0,988,788,88,977,19,18,96,1,3
2867,22.39843750,-15378461,6646767,-0.918198110944,4151C9E5431A481F,0,0,0,1045,228,-107,49,20,18,3,1,3
2868,22.40625000,-15325595,6766911,-0.915075422301,314ED3FAB4DAC8DF,1,0,0,788,1897,-22,845,21,18,27,1,3
2869,22.41406250,-15271793,6886642,-0.911896882171,49C902094D7B4A4F,0,0,0,1180,1153,37,215,22,18,73,1,3
2870,22.42187500,-15217059,7005953,-0.908662684555,429654123AEBCAFF,0,0,0,1065,810,72,942,23,18,95,1,3
2871,22.42968750,-15161396,7124836,-0.905373026852,41F9D5E9C2CC4A1F,1,0,0,1055,1258,-89,44,24,18,67,1,3
2872,22.43750000,-15104808,7243284,-0.902028109847,3E9E381AFD0CC907,1,0,0,1001,1820,107,976,25,18,32,1,3
2873,22.44531250,-15047298,7361290,-0.898628137694,4EC92E054B3D4A47,0,0,0,1260,1175,21,179,26,18,72,1,3
2874,22.45312500,-14988870,7478847,-0.895173317912,433660173A9DCAFF,0,0,0,1075,816,92,937,27,18,95,1,3
2875,22.46093750,-14929527,7595948,-0.891663861365,4259D9EA02FE4A1F,1,0,0,1061,1260,-88,47,28,18,67,1,3
2876,22.46875000,-14869272,7712585,-0.888099982251,3EA6381AFCFECB07,1,0,0,1002,796,107,975,29,18,96,1,3
2877,22.47656250,-14808110,7828751,-0.884481898091,41E9CDE5433F4A1F,1,0,0,1054,1254,-107,51,30,18,67,1,3
2878,22.48437500,-14746044,7944439,-0.880809829716,3E5E341B3CCFC907,1,0,0,997,1818,108,972,31,18,32,1,3
2879,22.49218750,-14683078,8059642,-0.877084001248,3E51CC1B3CC04903,1,0,0,997,230,108,972,0,18,32,0,3
2880,22.50000000,-14619216,8174354,-0.873304640094,3AAA25D3BED0CB1B,1,0,0,938,1298,-178,1005,1,18,99,0,3
2881,22.50781250,-14554462,8288567,-0.869471976925,489D7DFD36014BEB,0,0,0,1161,1726,-12,864,2,18,125,0,3
2882,22.51562500,-14488819,8402274,-0.865586245668,4CC1540EC921C8E3,0,1,0,1228,170,59,146,3,18,28,0,3
2883,22.52343750,-14422292,8515468,-0.861647683489,361703F673824A53,1,0,0,865,897,-39,824,4,18,74,0,3
2884,22.53125000,-14354885,8628142,-0.857656530775,3DA9A9ED8512CAFB,1,0,0,986,1236,-74,81,5,18,95,0,3
2885,22.53906250,-14286601,8740290,-0.853613031128,3DFE2C167D33481B,0,0,0,991,1814,89,979,6,18,3,0,3
2886,22.54687500,-14217445,8851904,-0.849517431341,4E812A054B13C8DB,0,0,0,1256,149,21,177,7,18,27,0,3
2887,22.55468750,-14147422,8962978,-0.845369981389,360EFFF6F294484B,1,0,0,864,1919,-37,809,8,18,9,0,3
2888,22.56250000,-14076535,9073505,-0.841170934410,4A890C0E0D34CAD3,0,0,0,1192,1158,56,211,9,18,90,0,3
2889,22.57031250,-14004789,9183478,-0.836920546692,42EE58127B054823,0,0,0,1070,1836,73,944,10,18,4,0,3
2890,22.57812500,-13932188,9292890,-0.832619077659,4F21360A0AC5CCE3,0,0,0,1266,155,40,172,11,19,28,0,3
2891,22.58593750,-13858737,9401735,-0.828266789848,366F03F6F2B64C5B,1,0,0,870,1921,-37,811,12,19,11,0,3
2892,22.59375000,-13784440,9510006,-0.823863948901,4AB10E0E0D36CCDB,0,0,0,1195,135,56,211,13,19,27,0,3
2893,22.60156250,-13709302,9617697,-0.819410823546,35EEF9F272F74C53,1,0,0,862,1916,-55,815,14,19,10,0,3
2894,22.60937500,-13633327,9724801,-0.814907685577,4A510A0E0D07CCDB,0,0,0,1189,133,56,208,15,19,27,0,3
2895,22.61718750,-13556520,9831311,-0.810354809843,35CEF9F233084C53,1,1,0,860,1916,-56,816,16,19,10,0,3
2896,22.62500000,-13478885,9937221,-0.805752474228,4A51080E0D08CCDB,0,0,0,1189,132,56,208,17,19,27,0,3
2897,22.63281250,-13400428,10042525,-0.801100959635,35B6F9F233094E53,1,0,0,859,892,-56,816,18,19,74,0,3
2898,22.64062500,-13321153,10147216,-0.796400549969,3D51A7EE0509CD03,1,0,0,981,211,-72,80,19,19,32,0,3
2899,22.64843750,-13241065,10251288,-0.791651532118,30DECBF6354A4C4B,1,0,0,781,1893,-40,852,20,19,9,0,3
2900,22.65625000,-13160169,10354734,-0.786854195938,49B0FE094D5ACCD3,0,0,0,1179,127,37,213,21,19,26,0,3
2901,22.66406250,-13078469,10457548,-0.782008834233,3556F3F232DB4E53,1,0,0,853,889,-56,813,22,19,74,0,3
2902,22.67187500,-12995971,10559724,-0.777115742740,3D31A7EDC51BCD03,1,0,0,979,211,-73,81,23,19,32,0,3
2903,22.67968750,-12912680,10661255,-0.772175220107,30C6CBF6354C4E4B,1,0,0,780,869,-40,852,24,19,73,0,3
2904,22.68750000,-12828601,10762135,-0.767187567878,3CC99DE9054CCEFB,1,1,0,972,1230,-92,84,25,19,95,0,3
2905,22.69531250,-12743739,10862358,-0.762153090475,3D6628163D1D4E23,1,0,0,982,788,88,977,26,19,68,0,3
2906,22.70312500,-12658099,10961918,-0.757072095175,4191C9E5031DCD0B,1,0,0,1049,228,-108,49,27,19,33,0,3
2907,22.71093750,-12571686,11060809,-0.751944892097,30FED3FAF4DE4C4B,1,0,0,783,1897,-21,845,28,19,9,0,3
2908,22.71875000,-12484506,11159025,-0.746771794178,4A0900090D8ECEDB,0,0,0,1184,1152,36,216,29,19,91,0,3
2909,22.72656250,-12396564,11256560,-0.741553117158,425654127ADF4E2B,1,0,0,1061,810,73,941,30,19,69,0,3
2910,22.73437500,-12307865,11353408,-0.736289179557,4231D5E9C2DFCD0B,1,0,0,1059,234,-89,45,31,19,33,0,3
2911,22.74218750,-12218415,11449563,-0.730980302660,423E2DE9C2D04D0F,1,0,0,1059,1814,-89,45,0,19,33,1,3
2912,22.75000000,-12128220,11545019,-0.725626810494,455DE22C4150CD1F,0,1,0,1109,1777,177,21,1,19,35,1,3
2913,22.75781250,-12037284,11639771,-0.720229029806,44C1E42312014C1F,0,0,0,1100,242,140,288,2,19,3,1,3
2914,22.76562500,-11945614,11733812,-0.714787290051,37EEDBEDB491CCE7,1,0,0,894,1901,-74,841,3,19,28,1,3
2915,22.77343750,-11853214,11827137,-0.709301923364,4AD10A0E8C52505F,0,0,0,1197,133,58,197,4,20,11,1,3
2916,22.78125000,-11760091,11919740,-0.703773264543,358EFBF2B302D0E7,1,0,0,856,1917,-54,816,5,20,28,1,3
2917,22.78906250,-11666250,12011616,-0.698201651029,4A89080E0D13525F,0,0,0,1192,1156,56,209,6,20,75,1,3
2918,22.79687500,-11571697,12102759,-0.692587422886,428E5A127B03D10F,0,0,0,1064,1837,73,944,7,20,33,1,3
2919,22.80468750,-11476438,12193163,-0.686930922776,4F61340A0AD45057,0,1,0,1270,154,40,173,8,20,10,1,3
2920,22.81250000,-11380478,12282823,-0.681232495942,362F05F6F2B4D0DF,1,0,0,866,1922,-37,811,9,20,27,1,3
2921,22.82031250,-11283824,12371733,-0.675492490189,4AE90C0E0D35525F,0,0,0,1198,1158,56,211,10,20,75,1,3
2922,22.82812500,-11186481,12459888,-0.669711255856,42AE5A127AF5D10F,0,0,0,1066,1837,73,943,11,20,33,1,3
2923,22.83593750,-11088455,12547282,-0.663889145799,4F79360A0AD65257,0,0,0,1271,1179,40,173,12,20,74,1,3
2924,22.84375000,-10989753,12633911,-0.658026515371,431666173AB6D307,0,0,0,1073,819,92,939,13,20,96,1,3
2925,22.85156250,-10890380,12719768,-0.652123722395,42E1D9E9C2F7502F,0,1,0,1070,236,-89,47,14,20,5,1,3
2926,22.85937500,-10790342,12804849,-0.646181127149,316ED9FB34E7D0EF,1,0,0,790,1900,-20,846,15,20,29,1,3
2927,22.86718750,-10689646,12889149,-0.640199092338,4A5102094D88505F,0,0,0,1189,129,37,216,16,20,11,1,3
2928,22.87500000,-10588297,12972662,-0.634177983073,354EF5F272C8D0E7,1,0,0,852,1914,-55,812,17,20,28,1,3
2929,22.88281250,-10486302,13055383,-0.628118166853,4A89080DCD29525F,0,0,0,1192,1156,55,210,18,20,75,1,3
2930,22.89062500,-10383667,13137307,-0.622020013538,426E5A127AF9D10F,0,1,0,1062,1837,73,943,19,20,33,1,3
2931,22.89843750,-10280398,13218429,-0.615883895327,4F79340A0ADA5257,0,0,0,1271,1178,40,173,20,20,74,1,3
2932,22.90625000,-10176502,13298745,-0.609710186738,430E66173ABAD107,0,0,0,1072,1843,92,939,21,20,32,1,3
2933,22.91406250,-10071984,13378249,-0.603499264581,4FD9380A0B0B5257,0,0,0,1277,1180,40,176,22,20,74,1,3
2934,22.92187500,-9966852,13456936,-0.597251507940,431666173AABD307,0,0,0,1073,819,92,938,23,20,96,1,3
2935,22.92968750,-9861111,13534802,-0.590967298145,42F9D9EA02FC522F,1,1,0,1071,1260,-88,47,24,20,69,1,3
2936,22.93750000,-9754768,13611842,-0.584647018752,3E3E3A1B7CECD117,1,0,0,995,1821,109,974,25,20,34,1,3
2937,22.94531250,-9647830,13688051,-0.578291055518,4F512E054B4D5057,0,0,0,1269,151,21,180,26,20,10,1,3
2938,22.95312500,-9540303,13763425,-0.571899796379,35CF01F7327DD0E7,1,0,0,860,1920,-36,807,27,20,28,1,3
2939,22.96093750,-9432194,13837959,-0.565473631424,4B090C0DCD4E525F,0,0,0,1200,1158,55,212,28,20,75,1,3
2940,22.96875000,-9323509,13911648,-0.559012952873,426E5A12BAEED517,1,1,0,1062,1837,74,942,29,21,34,1,3
2941,22.97656250,-9214255,13984488,-0.552518155053,4F91340A0AEF545F,0,0,0,1273,154,40,174,30,21,11,1,3
2942,22.98437500,-9104439,14056474,-0.545989634373,35F705F6F2AFD6E7,1,0,0,863,898,-37,810,31,21,92,1,3
2943,22.99218750,-8994067,14127602,-0.539427789299,35F8FDF6F2A056E3,1,0,0,863,1150,-37,810,0,21,92,0,3
2944,23.00000000,-8883146,14197868,-0.532833020333,416985F5C730D70B,1,1,0,1046,1218,-41,115,1,21,97,0,3
2945,23.00781250,-8771683,14267268,-0.526205729987,3EBE3815BC915433,0,0,0,1003,1820,86,969,2,21,6,0,3
2946,23.01562500,-8659685,14335797,-0.519546322754,4F392C064B11D6F3,0,0,0,1267,1174,25,177,3,21,94,0,3
2947,23.02343750,-8547158,14403451,-0.512855205092,429662173A925643,1,0,0,1065,817,92,937,4,21,72,0,3
2948,23.03125000,-8434109,14470226,-0.506132785391,42F1D7E98302D51B,0,1,0,1071,235,-90,48,5,21,35,0,3
2949,23.03906250,-8320546,14536117,-0.499379473954,3116D9FB34D3565B,1,0,0,785,876,-20,845,6,21,75,0,3
2950,23.04687500,-8206475,14601121,-0.492595682968,3DA9A1E90583D713,1,0,0,986,1232,-92,88,7,21,98,0,3
2951,23.05468750,-8091903,14665234,-0.485781826480,3D1E2A16BCF45433,1,0,0,977,1813,90,975,8,21,6,0,3
2952,23.06250000,-7976837,14728452,-0.478938320373,4EF128050B34D4F3,0,1,0,1263,148,20,179,9,21,30,0,3
2953,23.07031250,-7861284,14790771,-0.472065582340,357701F6F285566B,1,0,0,855,896,-37,808,10,21,77,0,3
2954,23.07812500,-7745251,14852187,-0.465164031857,3E29ABED8545D713,1,0,0,994,1237,-74,84,11,21,98,0,3
2955,23.08593750,-7628746,14912697,-0.458234090159,3D5E2E16BD265433,0,0,0,981,1815,90,978,12,21,6,0,3
2956,23.09375000,-7511775,14972297,-0.451276180214,4F2128050B26D4F3,0,1,0,1266,148,20,178,13,21,30,0,3
2957,23.10156250,-7394345,15030983,-0.444290726696,356F01F73277546B,1,0,0,854,1920,-36,807,14,21,13,0,3
2958,23.10937500,-7276464,15088751,-0.437278155963,4B310C0DCD57D4EB,0,0,0,1203,134,55,213,15,21,29,0,3
2959,23.11718750,-7158139,15145598,-0.430238896025,354EF9F272D85463,1,1,0,852,1916,-55,813,16,21,12,0,3
2960,23.12500000,-7039377,15201521,-0.423173376522,4AF1080DCD28D4EB,0,0,0,1199,132,55,210,17,21,29,0,3
2961,23.13281250,-6920185,15256516,-0.416082028697,352EF9F272E95463,1,0,0,850,1916,-55,814,18,21,12,0,3
2962,23.14062500,-6800571,15310580,-0.408965285370,4AF1080DCD29D4EB,0,0,0,1199,132,55,210,19,21,29,0,3
2963,23.14843750,-6680542,15363709,-0.401823580910,3516F9F272EA5663,1,1,0,849,892,-55,814,20,21,76,0,3
2964,23.15625000,-6560105,15415901,-0.394657351209,3E09A7EDC52AD713,1,0,0,992,1235,-73,82,21,21,98,0,3
2965,23.16406250,-6439268,15467152,-0.387467033658,3D262E167D2B5A3B,1,0,0,978,791,89,978,22,22,71,0,3
2966,23.17187500,-6318038,15517459,-0.380253067117,4249C7E5032BDB23,0,1,0,1060,1251,-108,50,23,22,100,0,3
2967,23.17968750,-6196422,15566819,-0.373015891887,3D56361B3CBC5A3B,1,0,0,981,795,108,971,24,22,71,0,3
2968,23.18750000,-6074428,15615229,-0.365755949691,4291CBE4C36CD923,1,0,0,1065,229,-109,54,25,22,36,0,3
2969,23.19531250,-5952063,15662685,-0.358473683636,307ED5FB34AD5863,1,1,0,775,1898,-20,842,26,22,12,0,3
2970,23.20312500,-5829335,15709185,-0.351169538196,4AA900090DADDAF3,0,0,0,1194,1152,36,218,27,22,94,0,3
2971,23.21093750,-5706251,15754727,-0.343843959177,41B65612BABE5A43,1,0,0,1051,811,74,939,28,22,72,0,3
2972,23.21875000,-5582819,15799307,-0.336497393695,42E9D3E982FEDB23,0,1,0,1070,1257,-90,47,29,22,100,0,3
2973,23.22656250,-5459046,15842923,-0.329130290146,3DAE3A1B3CDF583B,0,0,0,986,1821,108,973,30,22,7,0,3
2974,23.23437500,-5334940,15885572,-0.321743098181,4FB92C050B5FDAFB,0,0,0,1275,1174,20,181,31,22,95,0,3
2975,23.24218750,-5210508,15927251,-0.314336268675,4FB6D4050B505AFF,0,1,0,1275,874,20,181,0,22,95,1,3
2976,23.25000000,-5085758,15967958,-0.306910253704,3E6E900E3810D90F,1,0,0,998,1864,56,897,1,22,33,1,3
2977,23.25781250,-4960698,16007690,-0.299465506512,4ED12A0ACBC15867,0,0,0,1261,149,43,188,2,22,12,1,3
2978,23.26562500,-4835335,16046445,-0.292002481490,357701F5F2A1DAF7,1,1,0,855,896,-41,810,3,22,94,1,3
2979,23.27343750,-4709677,16084221,-0.284521634141,3E71ABEDC5425847,0,0,0,999,213,-73,84,4,22,8,1,3
2980,23.28125000,-4583732,16121015,-0.277023421058,3016CDF6B512DAFF,1,0,0,769,870,-38,849,5,22,95,1,3
2981,23.28906250,-4457507,16156825,-0.269508299894,3DA99BE8C5735A4F,1,1,0,986,1229,-93,87,6,22,73,1,3
2982,23.29687500,-4331010,16191649,-0.261976729332,3C9E2A16BCF3D927,1,0,0,969,1813,90,975,7,22,36,1,3
2983,23.30468750,-4204248,16225485,-0.254429169060,4F512804CB445867,0,0,0,1269,148,19,180,8,22,12,1,3
2984,23.31250000,-4077230,16258331,-0.246866079744,351701F73274DAF7,1,1,0,849,896,-36,807,9,22,94,1,3
2985,23.32031250,-3949963,16290184,-0.239287922994,3E89ABED85555A47,1,0,0,1000,1237,-74,85,10,22,72,1,3
2986,23.32812500,-3822455,16321043,-0.231695161343,3D062E16BD15DB27,1,1,0,976,791,90,977,11,22,100,1,3
2987,23.33593750,-3694714,16350906,-0.224088258213,4291C7E4C336583F,0,0,0,1065,227,-109,51,12,22,7,1,3
2988,23.34375000,-3566747,16379771,-0.216467677892,3036D5FB74A6DAFF,1,0,0,771,874,-19,842,13,22,95,1,3
2989,23.35156250,-3438562,16407636,-0.208833885498,3DF19FE8C5A7584F,0,1,0,991,207,-93,90,14,22,9,1,3
2990,23.35937500,-3310167,16434500,-0.201187346961,2FAEC9F6B4E7DD07,1,0,0,762,1892,-38,846,15,23,32,1,3
2991,23.36718750,-3181570,16460361,-0.193528528985,4A90FC08CD885C7F,0,1,0,1193,126,35,216,16,23,15,1,3
2992,23.37500000,-3052779,16485217,-0.185857899025,346EF5F272B8DCFF,1,0,0,838,1914,-55,811,17,23,31,1,3
2993,23.38281250,-2923802,16509067,-0.178175925257,4B31060D8D395C77,0,0,0,1203,131,54,211,18,23,14,1,3
2994,23.39062500,-2794646,16531909,-0.170483076549,34AEF9F272D9DCFF,1,1,0,842,1916,-55,813,19,23,31,1,3
2995,23.39843750,-2665320,16553742,-0.162779822433,4B49060D8D3A5E77,0,0,0,1204,1155,54,211,20,23,78,1,3
2996,23.40625000,-2535831,16574565,-0.155066633075,41AE5A12BADADD27,1,1,0,1050,1837,74,941,21,23,36,1,3
2997,23.41406250,-2406187,16594376,-0.147343979249,504934098AFB5E6F,0,0,0,1284,1178,38,175,22,23,77,1,3
2998,23.42187500,-2276397,16613174,-0.139612332306,424E66177A9BDD1F,1,1,0,1060,1843,93,937,23,23,35,1,3
2999,23.42968750,-2146468,16630958,-0.131872164146,50A938098B2C5E6F,0,0,0,1290,1180,38,178,24,23,77,1,3
3000,23.43750000,-2016408,16647727,-0.124123947189,426E6617BA8CDD1F,1,0,0,1062,1843,94,936,25,23,35,1,3
3001,23.44531250,-1886225,16663480,-0.116368154345,50B13809CB2D5C6F,0,1,0,1291,156,39,178,26,23,13,1,3
3002,23.45312500,-1755926,16678216,-0.108605258990,356F07F7B28DDCF7,1,0,0,854,1923,-34,808,27,23,30,1,3
3003,23.46093750,-1625520,16691934,-0.100835734929,4BE90C0DCD6E5E77,0,1,0,1214,1158,55,214,28,23,78,1,3
3004,23.46875000,-1495015,16704633,-0.093060056374,41CE5C12FACEDD27,1,0,0,1052,1838,75,940,29,23,36,1,3
3005,23.47656250,-1364419,16716313,-0.085278697914,50513409CAFF5C6F,0,1,0,1285,154,39,175,30,23,13,1,3
3006,23.48437500,-1233740,16726973,-0.077492134481,352F07F7728FDCF7,1,0,0,850,1923,-35,808,31,23,30,1,3
3007,23.49218750,-1102985,16736612,-0.069700841328,3520FBF772805CF3,1,1,0,850,125,-35,808,0,23,30,0,3
3008,23.50000000,-972163,16745229,-0.061905293994,352A23D57F50DF43,1,0,0,850,1297,-171,1013,1,23,104,0,3
3009,23.50781250,-841282,16752824,-0.054105968281,461D6FF9F6B15C13,0,1,0,1121,1719,-25,875,2,23,2,0,3
3010,23.51562500,-710349,16759397,-0.046303340218,4DC14C0D4931DD0B,0,0,0,1244,166,53,147,3,23,33,0,3
3011,23.52343750,-579373,16764947,-0.038497886038,349705F6F3425E7B,1,1,0,841,898,-37,820,4,23,79,0,3
3012,23.53125000,-448361,16769473,-0.030690082145,3EF1A7ECC552DD23,1,0,0,1007,211,-77,85,5,23,36,0,3
3013,23.53906250,-317322,16772976,-0.022880405088,2FBECFF6F4F35C6B,1,1,0,763,1895,-37,847,6,23,13,0,3
3014,23.54687500,-186264,16775455,-0.015069331529,4B08FC08CD83DEF3,0,0,0,1200,1150,35,216,7,23,94,0,3
3015,23.55468750,-55194,16776910,-0.007257338216,41165812FAA46253,1,0,0,1041,812,75,938,8,24,74,0,3
3016,23.56250000,75879,16777341,0.000555098048,4369D1E94304E333,0,1,0,1078,1256,-91,48,9,24,102,0,3
3017,23.57031250,206947,16776748,0.008367500432,3D163A1B7CC5624B,1,1,0,977,797,109,972,10,24,73,0,3
3018,23.57812500,338003,16775131,0.016179392106,4331CBE48365E133,0,0,0,1075,229,-110,54,11,24,38,0,3
3019,23.58593750,469038,16772490,0.023990296274,300ED5FBB4966073,1,1,0,768,1898,-18,841,12,24,14,0,3
3020,23.59375000,600044,16768826,0.031799736198,4B310008CDB6E103,0,0,0,1203,128,35,219,13,24,32,0,3
3021,23.60156250,731014,16764138,0.039607235229,3436F7F2B297627B,1,1,0,835,891,-54,809,14,24,79,0,3
3022,23.60937500,861939,16758427,0.047412316840,3E69A5ED4547E32B,1,0,0,998,1234,-75,84,15,24,101,0,3
3023,23.61718750,992812,16751693,0.055214504646,3C9E2E16BD18604B,1,1,0,969,1815,90,977,16,24,9,0,3
3024,23.62500000,1123624,16743937,0.063013322445,4FB12604CB48E10B,0,0,0,1275,147,19,180,17,24,33,0,3
3025,23.63281250,1254367,16735159,0.070808294234,34CF01F772696083,1,1,0,844,1920,-35,806,18,24,16,0,3
3026,23.64062500,1385034,16725359,0.078598944250,4BB10A0D4D79E103,0,0,0,1211,133,53,215,19,24,32,0,3
3027,23.64843750,1515616,16714538,0.086384796992,34B6F9F2B2CA627B,1,1,0,843,892,-54,812,20,24,79,0,3
3028,23.65625000,1646106,16702697,0.094165377251,3E71A7ED853AE12B,1,0,0,999,211,-74,83,21,24,37,0,3
3029,23.66406250,1776495,16689837,0.101940210141,2FBECFF6B51B6073,1,1,0,763,1895,-38,849,22,24,14,0,3
3030,23.67187500,1906776,16675958,0.109708821126,4AC8FA08CD8BE2FB,0,0,0,1196,1149,35,216,23,24,95,0,3
3031,23.67968750,2036941,16661061,0.117470736050,41365612BABC6253,1,1,0,1043,811,74,939,24,24,74,0,3
3032,23.68750000,2166981,16645147,0.125225481165,4329D1E9430CE333,0,1,0,1074,1256,-91,48,25,24,102,0,3
3033,23.69531250,2296889,16628217,0.132972583163,3D4E3A1B7CDD604B,1,0,0,980,1821,109,973,26,24,9,0,3
3034,23.70312500,2426657,16610273,0.140711569199,50092C04CB6DE30B,0,1,0,1280,1174,19,182,27,24,97,0,3
3035,23.71093750,2556277,16591315,0.148441966927,42166217BA6E625B,1,0,0,1057,817,94,934,28,24,75,0,3
3036,23.71875000,2685741,16571344,0.156163304522,4389D7E9832EE333,0,1,0,1080,1259,-90,50,29,24,102,0,3
3037,23.72656250,2815041,16550362,0.163875110714,3D8E3A1BBCCF604B,1,0,0,984,1821,110,972,30,24,9,0,3
3038,23.73437500,2944169,16528369,0.171576914814,50092C050B6FE30B,0,1,0,1280,1174,20,182,31,24,97,0,3
3039,23.74218750,3073117,16505368,0.179268246743,5006D4050B60630F,0,1,0,1280,874,20,182,0,24,97,1,3
3040,23.75000000,3201878,16481359,0.186948637062,3E56920E3800E31F,1,0,0,997,841,56,896,1,24,99,1,3
3041,23.75781250,3330443,16456344,0.194617617000,4211CBEAC3C16457,0,1,0,1057,229,-85,60,2,25,10,1,3
3042,23.76562500,3458805,16430325,0.202274718482,3076D7FA34D1E717,1,0,0,775,875,-24,845,3,25,98,1,3
3043,23.77343750,3586956,16403303,0.209919474158,3DF19DE8C5926467,1,1,0,991,206,-93,89,4,25,12,1,3
3044,23.78125000,3714888,16375280,0.217551417431,2FA6C9F6B4E2E717,1,1,0,762,868,-38,846,5,25,98,1,3
3045,23.78906250,3842593,16346257,0.225170082486,3D899BE8C5836667,1,0,0,984,1229,-93,88,6,25,76,1,3
3046,23.79687500,3970064,16316237,0.232775004321,3C862A167CF3E73F,1,1,0,968,789,89,975,7,25,103,1,3
3047,23.80468750,4097292,16285221,0.240365718768,4251C7E483446457,0,0,0,1061,227,-110,52,8,25,10,1,3
3048,23.81250000,4224270,16253211,0.247941762532,3036D5FB34A4E717,1,1,0,771,874,-20,842,9,25,98,1,3
3049,23.82031250,4350990,16220209,0.255502673208,3DD19FE8C5A56467,1,1,0,989,207,-93,90,10,25,12,1,3
3050,23.82812500,4477445,16186217,0.263047989318,2FBEC9F6B4E5E517,1,0,0,763,1892,-38,846,11,25,34,1,3
3051,23.83593750,4603627,16151237,0.270577250334,4A68FC08CD86668F,0,1,0,1190,1150,35,216,12,25,81,1,3
3052,23.84375000,4729528,16115271,0.278089996710,418E56127AC6E537,1,1,0,1048,1835,73,940,13,25,38,1,3
3053,23.85156250,4855140,16078322,0.285585769905,4FD134098AF7647F,0,0,0,1277,154,38,175,14,25,15,1,3
3054,23.85937500,4980456,16040391,0.293064112417,358F05F73297E507,1,1,0,856,1922,-36,809,15,25,32,1,3
3055,23.86718750,5105468,16001481,0.300524567806,4B890C0DCD586687,0,1,0,1208,1158,55,213,16,25,80,1,3
3056,23.87500000,5230168,15961595,0.307966680725,42165A12BAD8E737,0,0,0,1057,813,74,941,17,25,102,1,3
3057,23.88281250,5354549,15920734,0.315389996944,4301D3E9C2E96457,0,1,0,1072,233,-89,46,18,25,10,1,3
3058,23.89062500,5478603,15878902,0.322794063384,30B6D9FB34D9E717,1,1,0,779,876,-20,845,19,25,98,1,3
3059,23.89843750,5602323,15836100,0.330178428138,3DE99FE9059A6667,1,0,0,990,1231,-92,89,20,25,76,1,3
3060,23.90625000,5725701,15792332,0.337542640503,3CE62A16BCFAE73F,1,1,0,974,789,90,975,21,25,103,1,3
3061,23.91406250,5848729,15747600,0.344886251004,4231C7E4C33B6457,0,1,0,1059,227,-109,51,22,25,10,1,3
3062,23.92187500,5971400,15701907,0.352208811426,3056D5FB34BBE717,1,0,0,773,874,-20,843,23,25,98,1,3
3063,23.92968750,6093707,15655255,0.359509874838,3DB19FE8C5AC6467,1,1,0,987,207,-93,90,24,25,12,1,3
3064,23.93750000,6215642,15607648,0.366788995620,2FE6C9F674ECE717,1,1,0,766,868,-39,846,25,25,98,1,3
3065,23.94531250,6337197,15559088,0.374045729492,3D499BE8C57D6667,1,0,0,980,1229,-93,87,26,25,76,1,3
3066,23.95312500,6458366,15509579,0.381279633541,3CBE2A167D0DE947,1,1,0,971,1813,89,976,27,26,40,1,3
3067,23.96093750,6579140,15459123,0.388490266246,4F112804CB4E6887,0,1,0,1265,148,19,180,28,26,16,1,3
3068,23.96875000,6699513,15407723,0.395677187508,354F01F7327EE917,1,0,0,852,1920,-36,807,29,26,34,1,3
3069,23.97656250,6819477,15355383,0.402839958674,4B290C0D8D5F6A8F,0,1,0,1202,1158,54,213,30,26,81,1,3
3070,23.98437500,6939025,15302106,0.409978142564,42365A12BAEFEB3F,0,1,0,1059,813,74,942,31,26,103,1,3
3071,23.99218750,7058149,15247895,0.417091303502,4239A612BAE06B3B,0,1,0,1059,1235,74,942,0,26,103,0,3
3072,24.00000000,7176842,15192753,0.424179007337,483993F70620EB33,0,0,0,1155,1225,-36,98,1,26,102,0,3
3073,24.00781250,7295097,15136684,0.431240821471,3FD64C19BBF16A63,1,1,0,1021,806,102,959,2,26,76,0,3
3074,24.01562500,7412907,15079691,0.438276314889,42C9D1E70331EB43,0,1,0,1068,1256,-100,51,3,26,104,0,3
3075,24.02343750,7530265,15021778,0.445285058179,3DCE381B7CC2685B,1,0,0,988,1820,109,972,4,26,11,0,3
3076,24.03125000,7647163,14962948,0.452266623564,4F712C050B52E91B,0,1,0,1271,150,20,181,5,26,35,0,3
3077,24.03906250,7763594,14903205,0.459220584925,358F01F732736893,1,1,0,856,1920,-36,807,6,26,18,0,3
3078,24.04687500,7879551,14842552,0.466146517829,4B110C0DCD53E913,0,1,0,1201,134,55,213,7,26,34,0,3
3079,24.05468750,7995028,14780993,0.473043999552,3556F9F272E46A8B,1,0,0,853,892,-55,814,8,26,81,0,3
3080,24.06250000,8110017,14718532,0.479912609108,3DE9A7EDC514EB3B,1,1,0,990,1235,-73,81,9,26,103,0,3
3081,24.07031250,8224511,14655172,0.486751927271,3D5E2E167D35685B,1,1,0,981,1815,89,979,10,26,11,0,3
3082,24.07812500,8338503,14590918,0.493561536606,4F1128050B25E91B,0,1,0,1265,148,20,178,11,26,35,0,3
3083,24.08593750,8451986,14525773,0.500341021488,358F01F732766893,1,0,0,856,1920,-36,807,12,26,18,0,3
3084,24.09375000,8564953,14459742,0.507089968133,4B090C0DCD56EB13,0,1,0,1200,1158,55,213,13,26,98,0,3
3085,24.10156250,8677397,14392828,0.513807964620,42565A127AE76A63,1,1,0,1061,813,73,942,14,26,76,0,3
3086,24.10937500,8789311,14325036,0.520494600917,42B1D3E9C2D7E943,1,1,0,1067,233,-89,45,15,26,40,0,3
3087,24.11718750,8900689,14256370,0.527149468907,3106D9FB34E86A83,1,0,0,784,876,-20,846,16,26,80,0,3
3088,24.12500000,9011524,14186833,0.533772162410,3D899FE90588EB33,1,1,0,984,1231,-92,88,17,26,102,0,3
3089,24.13281250,9121809,14116430,0.540362277211,3D262A16BD096A5B,1,1,0,978,789,90,976,18,26,75,0,3
3090,24.14062500,9231537,14045166,0.546919411084,41F1C9E4C329E943,1,1,0,1055,228,-109,50,19,26,40,0,3
3091,24.14843750,9340701,13973045,0.553443163816,30BED3FB34CA6C8B,1,0,0,779,1897,-20,844,20,27,17,0,3
3092,24.15625000,9449295,13900071,0.559933137229,4A5100090D9AED1B,0,1,0,1189,128,36,217,21,27,35,0,3
3093,24.16406250,9557313,13826248,0.566388935209,352EF5F272CB6C93,1,1,0,850,1914,-55,812,22,27,18,0,3
3094,24.17187500,9664747,13751581,0.572810163728,4A91080DCD2BED1B,0,1,0,1193,132,55,210,23,27,35,0,3
3095,24.17968750,9771591,13676075,0.579196430867,356EF9F232FC6C93,1,1,0,854,1916,-56,815,24,27,18,0,3
3096,24.18750000,9877839,13599734,0.585547346841,4AA9080E0D1CEF1B,0,0,0,1194,1156,56,209,25,27,99,0,3
3097,24.19531250,9983484,13522563,0.591862524023,42565A127AFD6E6B,1,1,0,1061,813,73,943,26,27,77,0,3
3098,24.20312500,10088520,13444567,0.598141576967,4289D3E9C2DDEF4B,0,1,0,1064,1257,-89,45,27,27,105,0,3
3099,24.21093750,10192940,13365750,0.604384122433,3E16381B3CFE6E63,1,1,0,993,796,108,975,28,27,76,0,3
3100,24.21875000,10296738,13286118,0.610589779406,4249CDE5034EEF4B,0,1,0,1060,1254,-108,52,29,27,105,0,3
3101,24.22656250,10399907,13205675,0.616758169127,3DEE341B3CBF6C63,1,0,0,990,1818,108,971,30,27,12,0,3
3102,24.23437500,10502442,13124426,0.622888915107,4F292E050B5FEF23,0,1,0,1266,1175,20,181,31,27,100,0,3
3103,24.24218750,10604336,13042376,0.628981643159,4F26D2050B506F27,0,1,0,1266,873,20,181,0,27,100,1,3
3104,24.25000000,10705582,12959530,0.635035981413,3EF6900DB820EF37,1,1,0,1007,840,54,898,1,27,102,1,3
3105,24.25781250,10806175,12875893,0.641051560344,4151CBEB03A16C67,0,1,0,1045,229,-84,58,2,27,12,1,3
3106,24.26562500,10906108,12791470,0.647028012792,3136D5F9B4F1EF27,1,1,0,787,874,-26,847,3,27,100,1,3
3107,24.27343750,11005376,12706266,0.652964973985,3D499FE945726E77,1,0,0,980,1231,-91,87,4,27,78,1,3
3108,24.28125000,11103972,12620286,0.658862081562,3D5E2A167D02ED4F,1,1,0,981,1813,89,976,5,27,41,1,3
3109,24.28906250,11201890,12533536,0.664718975592,4EA92A050B236E8F,0,1,0,1258,1173,20,178,6,27,81,1,3
3110,24.29687500,11299125,12446021,0.670535298603,42B66016FA93EF47,0,1,0,1067,816,91,937,7,27,104,1,3
3111,24.30468750,11395670,12357747,0.676310695595,42A1D7E9C3046C67,0,1,0,1066,235,-89,48,8,27,12,1,3
3112,24.31250000,11491519,12268718,0.682044814068,316ED7FB34E4ED27,1,1,0,790,1899,-20,846,9,27,36,1,3
3113,24.32031250,11586667,12178941,0.687737304041,4A4902094D856E97,0,0,0,1188,1153,37,216,10,27,82,1,3
3114,24.32812500,11681108,12088420,0.693387818074,425656127AC5EF47,0,1,0,1061,811,73,940,11,27,104,1,3
3115,24.33593750,11774836,11997161,0.698996011288,4241D5E9C2D66C67,0,1,0,1060,234,-89,45,12,27,12,1,3
3116,24.34375000,11867845,11905170,0.704561541388,3156D7FAF4F6F32F,1,1,0,789,875,-21,847,13,28,101,1,3
3117,24.35156250,11960130,11812452,0.710084068684,3D49A1E94577727F,1,1,0,980,1232,-91,87,14,28,79,1,3
3118,24.35937500,12051685,11719013,0.715563256107,3D7E28167D07F157,1,1,0,983,1812,89,976,15,28,42,1,3
3119,24.36718750,12142504,11624859,0.720998769238,4E912A050B287097,0,1,0,1257,149,20,178,16,28,18,1,3
3120,24.37500000,12232582,11529996,0.726390276320,35EEFFF6F298F127,1,0,0,862,1919,-37,809,17,28,36,1,3
3121,24.38281250,12321913,11434429,0.731737448283,4AA90C0DCD49729F,0,1,0,1194,1158,55,212,18,28,83,1,3
3122,24.39062500,12410492,11338164,0.737039958765,42B658127AF9F34F,0,1,0,1067,812,73,943,19,28,105,1,3
3123,24.39843750,12498314,11241207,0.742297484125,4259D5EA02CA726F,1,1,0,1061,1258,-88,44,20,28,77,1,3
3124,24.40625000,12585373,11143564,0.747509703474,3E5E381B3CFAF157,1,1,0,997,1820,108,975,21,28,42,1,3
3125,24.41406250,12671664,11045241,0.752676298683,4F092E054B4B7297,0,1,0,1264,1175,21,180,22,28,82,1,3
3126,24.42187500,12757182,10946244,0.757796954410,430E60173A8BF14F,1,1,0,1072,1840,92,936,23,28,41,1,3
3127,24.42968750,12841921,10846579,0.762871358117,4F713A0A0B0C7097,0,1,0,1271,157,40,176,24,28,18,1,3
3128,24.43750000,12925876,10746251,0.767899200088,367703F6F2BCF31F,1,0,0,871,897,-37,811,25,28,99,1,3
3129,24.44531250,13009042,10645268,0.772880173450,3DC9ADEE052D7277,1,1,0,988,1238,-72,82,26,28,78,1,3
3130,24.45312500,13091414,10543635,0.777813974189,3DE62C167D3DF357,1,1,0,990,790,89,979,27,28,106,1,3
3131,24.46093750,13172987,10441358,0.782700301173,41A9C9E5431E726F,1,1,0,1050,1252,-107,49,28,28,77,1,3
3132,24.46875000,13253756,10338444,0.787538856164,3E06341AFCDEF357,1,1,0,992,794,107,973,29,28,106,1,3
3133,24.47656250,13333716,10234899,0.792329343843,41D1CDE5034F706F,0,1,0,1053,230,-108,52,30,28,13,1,3
3134,24.48437500,13412862,10130729,0.797071471822,3136D3FAF4CFF32F,1,1,0,787,873,-21,844,31,28,101,1,3
3135,24.49218750,13491190,10025941,0.801764950667,31392FFAF4C0732B,1,1,0,787,1175,-21,844,0,28,101,0,3
3136,24.50000000,13568694,9920541,0.806409493912,40D173F287E0F13B,1,1,0,1037,185,-54,126,1,28,39,0,3
3137,24.50781250,13645370,9814536,0.811004818078,321ED5F534617093,1,0,0,801,1898,-44,838,2,28,18,0,3
3138,24.51562500,13721213,9707932,0.815550642690,49C9000A8D41F323,0,1,0,1180,1152,42,212,3,28,100,0,3
3139,24.52343750,13796219,9600735,0.820046690294,426E56123AE27073,0,1,0,1062,1835,72,942,4,28,14,0,3
3140,24.53125000,13870383,9492952,0.824492686475,4F01340A0AD2F12B,0,1,0,1264,154,40,173,5,28,37,0,3
3141,24.53906250,13943700,9384590,0.828888359871,366F03F6B2B374AB,1,1,0,870,1921,-38,811,6,29,21,0,3
3142,24.54687500,14016166,9275655,0.833233442195,4A910E0E0D23F52B,0,1,0,1193,135,56,210,7,29,37,0,3
3143,24.55468750,14087777,9166154,0.837527668244,35EEF9F272F474A3,1,1,0,862,1916,-55,815,8,29,20,0,3
3144,24.56250000,14158528,9056093,0.841770775920,4A490A0E0D04F72B,0,1,0,1188,1157,56,208,9,29,101,0,3
3145,24.57031250,14228415,8945479,0.845962506248,42CE58123B05747B,0,1,0,1068,1836,72,944,10,29,15,0,3
3146,24.57812500,14297433,8834320,0.850102603384,4F19360A0AC5F733,0,1,0,1265,1179,40,172,11,29,102,0,3
3147,24.58593750,14365578,8722621,0.854190814638,43766416FAC67683,1,1,0,1079,818,91,940,12,29,80,0,3
3148,24.59375000,14432847,8610390,0.858226890489,4289D9EA02E6F75B,0,1,0,1064,1260,-88,46,13,29,107,0,3
3149,24.60156250,14499235,8497633,0.862210584593,3EB6381B3CF77673,1,1,0,1003,796,108,975,14,29,78,0,3
3150,24.60937500,14564738,8384358,0.866141653807,41E9CDE54337F75B,0,0,0,1054,1254,-107,51,15,29,107,0,3
3151,24.61718750,14629352,8270571,0.870019858199,3E56341B3CC87673,1,1,0,997,794,108,972,16,29,78,0,3
3152,24.62500000,14693073,8156279,0.873844961063,41C9CDE54338F75B,0,1,0,1052,1254,-107,51,17,29,107,0,3
3153,24.63281250,14755897,8041489,0.877616728934,3E4E341AFCD97473,1,1,0,996,1818,107,973,18,29,14,0,3
3154,24.64062500,14817821,7926209,0.881334931604,4EB12E054B49F533,0,1,0,1259,151,21,180,19,29,38,0,3
3155,24.64843750,14878840,7810445,0.884999342132,3636FFF6F28A76A3,1,1,0,867,895,-37,808,20,29,84,0,3
3156,24.65625000,14938951,7694204,0.888609736862,3D69ADEE053AF753,1,1,0,982,1238,-72,83,21,29,106,0,3
3157,24.66406250,14998150,7577493,0.892165895433,3E1E2C163D4B7473,1,1,0,993,1814,88,980,22,29,14,0,3
3158,24.67187500,15056434,7460320,0.895667600796,4E692A058B0BF733,0,1,0,1254,1173,22,176,23,29,102,0,3
3159,24.67968750,15113799,7342692,0.899114639226,43166016FAAC7683,1,1,0,1073,816,91,938,24,29,80,0,3
3160,24.68750000,15170241,7224615,0.902506800332,4251D9E9C2FCF55B,1,1,0,1061,236,-89,47,25,29,43,0,3
3161,24.69531250,15225757,7106097,0.905843877075,31C6D7FAF4FD769B,1,1,0,796,875,-21,847,26,29,83,0,3
3162,24.70312500,15280344,6987146,0.909125665777,3CF1A1E9456DF553,1,1,0,975,208,-91,86,27,29,42,0,3
3163,24.71093750,15333998,6867768,0.912351966133,30C6C7F6351E769B,1,1,0,780,867,-40,849,28,29,83,0,3
3164,24.71875000,15386717,6747971,0.915522581228,3C719DE9455EF54B,1,1,0,967,206,-91,85,29,29,41,0,3
3165,24.72656250,15438496,6627762,0.918637317544,30BEC7F5F52F749B,1,1,0,779,1891,-41,850,30,29,19,0,3
3166,24.73437500,15489333,6507149,0.921695984972,4950FE094D5FF92B,0,1,0,1173,127,37,213,31,30,37,0,3
3167,24.74218750,15539225,6386139,0.924698396829,495F02094D50792F,0,1,0,1173,1921,37,213,0,30,37,1,3
3168,24.75000000,15588168,6264739,0.927644369861,4C4DDC2A00F0F97F,0,1,0,1220,1774,168,15,1,30,47,1,3
3169,24.75781250,15636160,6142956,0.930533724262,4581F62711217877,0,1,0,1112,251,156,274,2,30,14,1,3
3170,24.76562500,15683197,6020798,0.933366283680,38AEDFEE34C1F93F,1,0,0,906,1903,-72,844,3,30,39,1,3
3171,24.77343750,15729277,5898273,0.936141875232,4AA90C0ECC327AAF,0,1,0,1194,1158,59,195,4,30,85,1,3
3172,24.78125000,15774397,5775388,0.938860329508,42EE5C12BB22F95F,1,1,0,1070,1838,74,946,5,30,43,1,3
3173,24.78906250,15818554,5652151,0.941521480589,4F09360A0AC37AA7,0,1,0,1264,1179,40,172,6,30,84,1,3
3174,24.79687500,15861746,5528569,0.944125166051,43966416FAC3FB57,0,1,0,1081,818,91,940,7,30,106,1,3
3175,24.80468750,15903970,5404649,0.946671226980,4261D9EA02E4787F,0,1,0,1062,236,-88,46,8,30,15,1,3
3176,24.81250000,15945223,5280399,0.949159507976,31D6D7FAF4F4FB3F,1,1,0,797,875,-21,847,9,30,103,1,3
3177,24.82031250,15985503,5155827,0.951589857168,3CD1A1E98565788F,1,1,0,973,208,-90,86,10,30,17,1,3
3178,24.82812500,16024807,5030940,0.953962126220,30E6C7F63515FB3F,1,1,0,782,867,-40,849,11,30,103,1,3
3179,24.83593750,16063133,4905746,0.956276170341,3C519DE94546788F,1,1,0,965,206,-91,84,12,30,17,1,3
3180,24.84375000,16100479,4780253,0.958531848293,30C6C7F5F526FB3F,1,1,0,780,867,-41,850,13,30,103,1,3
3181,24.85156250,16136842,4654468,0.960729022401,3C519DE94547788F,1,1,0,965,206,-91,84,14,30,17,1,3
3182,24.85937500,16172220,4528399,0.962867558562,30C6C7F5F527FB3F,1,1,0,780,867,-41,850,15,30,103,1,3
3183,24.86718750,16206611,4402054,0.964947326249,3C519DE94548788F,1,1,0,965,206,-91,84,16,30,17,1,3
3184,24.87500000,16240013,4275440,0.966968198526,30C6C7F5F528FB3F,1,1,0,780,867,-41,850,17,30,103,1,3
3185,24.88281250,16272424,4148565,0.968930052047,3C519DE94549788F,1,1,0,965,206,-91,84,18,30,17,1,3
3186,24.89062500,16303841,4021437,0.970832767072,30C6C7F5F529FB3F,1,1,0,780,867,-41,850,19,30,103,1,3
3187,24.89843750,16334263,3894063,0.972676227469,3C519DE9454A788F,1,1,0,965,206,-91,84,20,30,17,1,3
3188,24.90625000,16363688,3766452,0.974460320722,30C6C7F5F52AFB3F,1,1,0,780,867,-41,850,21,30,103,1,3
3189,24.91406250,16392115,3638611,0.976184937940,3C519DE9454B788F,1,1,0,965,206,-91,84,22,30,17,1,3
3190,24.92187500,16419541,3510548,0.977849973861,30C6C7F5F52BFB3F,1,1,0,780,867,-41,850,23,30,103,1,3
3191,24.92968750,16445965,3382270,0.979455326859,3C519DE9454C7C97,1,1,0,965,206,-91,84,24,31,18,1,3
3192,24.93750000,16471385,3253786,0.981000898953,30C6C7F5F52CFF47,1,1,0,780,867,-41,850,25,31,104,1,3
3193,24.94531250,16495800,3125103,0.982486595808,3C519DE9454D7C97,1,1,0,965,206,-91,84,26,31,18,1,3
3194,24.95312500,16519208,2996230,0.983912326745,30DEC7F5F52DFD47,1,1,0,781,1891,-41,850,27,31,40,1,3
3195,24.96093750,16541608,2867174,0.985278004745,4948FE094D5E7EBF,0,1,0,1172,1151,37,213,28,31,87,1,3
3196,24.96875000,16562998,2737943,0.986583546453,42AE5411FAFEFD67,1,1,0,1066,1834,71,943,29,31,44,1,3
3197,24.97656250,16583377,2608545,0.987828872188,4EB1360A0ACF7CAF,0,1,0,1259,155,40,172,30,31,21,1,3
3198,24.98437500,16602744,2478987,0.989013905939,36AF03F6B2CFFD37,1,1,0,874,1921,-38,812,31,31,38,1,3
3199,24.99218750,16621098,2349278,0.990138575379,36A0FFF6B2C07D33,1,1,0,874,127,-38,812,0,31,38,0,3
3200,25.00000000,16638437,2219426,0.991202811863,33AA25D63F10FF83,1,1,0,826,1298,-168,1009,1,31,112,0,3
3201,25.00781250,16654761,2089438,0.992206550437,479D6DF936F17C53,0,1,0,1145,1718,-28,879,2,31,10,0,3
3202,25.01562500,16670068,1959323,0.993149729837,4C394E0E08F1FF4B,0,1,0,1219,1191,56,143,3,31,105,0,3
3203,25.02343750,16684358,1829088,0.994032292497,431662167B927E93,1,1,0,1073,817,89,953,4,31,82,0,3
3204,25.03125000,16697629,1698741,0.994854184549,4249D5E982D2FF6B,0,1,0,1060,1258,-90,45,5,31,109,0,3
3205,25.03906250,16709881,1568291,0.995615355829,3ED6381B3CF37E83,1,1,0,1005,796,108,975,6,31,80,0,3
3206,25.04687500,16721113,1437745,0.996315759879,41B1CFE58323FD6B,1,1,0,1051,231,-106,50,7,31,45,0,3
3207,25.05468750,16731325,1307111,0.996955353950,319ED3FAF4D47CAB,1,1,0,793,1897,-21,845,8,31,21,0,3
3208,25.06250000,16740516,1176398,0.997534099006,49A902094D74FF3B,0,1,0,1178,1153,37,215,9,31,103,0,3
3209,25.07031250,16748685,1045613,0.998051959721,42CE54123AE57C8B,0,1,0,1068,1834,72,942,10,31,17,0,3
3210,25.07812500,16755832,914764,0.998508904489,4EB9360A0AC5FF43,0,1,0,1259,1179,40,172,11,31,104,0,3
3211,25.08593750,16761956,783859,0.998904905419,43966416BAD67E93,1,1,0,1081,818,90,941,12,31,82,0,3
3212,25.09375000,16767057,652906,0.999239938343,4249D9EA02E6FF6B,0,1,0,1060,1260,-88,46,13,31,109,0,3
3213,25.10156250,16771134,521913,0.999513982812,3EEE381AFCF77C83,1,1,0,1006,1820,107,975,14,31,16,0,3
3214,25.10937500,16774188,390889,0.999727022098,4EA92E058B27FF43,0,1,0,1258,1175,22,178,15,31,104,0,3
3215,25.11718750,16776218,259841,0.999879043200,436E6016FA987C93,0,1,0,1078,1840,91,937,16,31,18,0,3
3216,25.12500000,16777224,128777,0.999970036839,4F193A0A0AF8824B,0,1,0,1265,1181,40,175,17,0,73,0,3
3217,25.13281250,16777206,-2295,0.999999997460,43CE6416FAC9039B,0,1,0,1084,1842,91,940,18,0,115,0,3
3218,25.14062500,16776164,-133367,0.999968923236,4F413A0A4AE9804B,0,1,0,1268,157,41,174,19,0,9,0,3
3219,25.14843750,16774098,-264431,0.999876816063,36D703F6F2BA01C3,1,1,0,877,897,-37,811,20,0,56,0,3
3220,25.15625000,16771008,-395479,0.999723681563,3D69ADEE451A826B,1,1,0,982,1238,-71,81,21,0,77,0,3
3221,25.16406250,16766895,-526503,0.999509529082,3E462C163D4B018B,1,1,0,996,790,88,980,22,0,49,0,3
3222,25.17187500,16761758,-657494,0.999234371690,4151C9E5830B8073,0,1,0,1045,228,-106,48,23,0,14,0,3
3223,25.17968750,16755598,-788445,0.998898226183,3176D3FAB4DC01B3,1,1,0,791,873,-22,845,24,0,54,0,3
3224,25.18750000,16748416,-919348,0.998501113077,3CA9A1E9457C826B,1,1,0,970,1232,-91,87,25,0,77,0,3
3225,25.19531250,16740211,-1050195,0.998043056610,3DE628163D2D018B,1,1,0,990,788,88,978,26,0,49,0,3
3226,25.20312500,16730985,-1180978,0.997524084738,4131C9E5430D8073,0,1,0,1043,228,-107,48,27,0,14,0,3
3227,25.21093750,16720737,-1311689,0.996944229138,316ED3FAB4EE03B3,1,1,0,790,1897,-22,846,28,0,118,0,3
3228,25.21875000,16709469,-1442320,0.996303525200,49A902094D7E8243,0,1,0,1178,1153,37,215,29,0,72,0,3
3229,25.22656250,16697181,-1572863,0.995602012030,42CE54123AEF0393,0,1,0,1068,1834,72,942,30,0,114,0,3
3230,25.23437500,16683874,-1703310,0.994839732445,4EB9360A0ACF824B,0,1,0,1259,1179,40,172,31,0,73,0,3
3231,25.24218750,16669549,-1833653,0.994016732970,4EB6CA0A0AC0024F,0,1,0,1259,869,40,172,0,0,73,1,3
3232,25.25000000,16654206,-1963884,0.993133063837,3FAE940D3860805F,0,1,0,1018,1866,52,902,1,0,11,1,3
3233,25.25781250,16637847,-2093995,0.992188778981,4DC12C0B4B9103B7,0,1,0,1244,150,45,185,2,0,118,1,3
3234,25.26562500,16620472,-2223978,0.991183936036,36AEFFF572D18047,1,1,0,874,1919,-43,813,3,0,8,1,3
3235,25.27343750,16602083,-2353825,0.990118596332,4A490C0E4D1201BF,0,1,0,1188,1158,57,209,4,0,55,1,3
3236,25.28125000,16582680,-2483529,0.988992824892,432E58123B02806F,0,1,0,1074,1836,72,944,5,0,13,1,3
3237,25.28906250,16562265,-2613081,0.987806690428,4ED9360A4AB301B7,0,1,0,1261,1179,41,171,6,0,54,1,3
3238,25.29687500,16540839,-2742474,0.986560265334,43AE6416FAD38067,0,1,0,1082,1842,91,941,7,0,12,1,3
3239,25.30468750,16518404,-2871699,0.985253625687,4F393A0A4AE401B7,0,1,0,1267,1181,41,174,8,0,54,1,3
3240,25.31250000,16494961,-3000749,0.983886851237,43B66416FAC48267,1,1,0,1083,818,91,940,9,0,76,1,3
3241,25.32031250,16470511,-3129616,0.982460025404,4251D9EA42E5038F,0,1,0,1061,236,-87,46,10,0,113,1,3
3242,25.32812500,16445056,-3258292,0.980973235275,31EED7FAF4F58457,1,1,0,798,1899,-21,847,11,1,10,1,3
3243,25.33593750,16418597,-3386769,0.979426571597,49D102098D6607C7,0,1,0,1181,129,38,214,12,1,120,1,3
3244,25.34375000,16391136,-3515039,0.977820128768,35CEF3F232D6844F,1,1,0,860,1913,-56,813,13,1,9,1,3
3245,25.35156250,16362674,-3643095,0.976154004838,49E90A0E0D0705C7,0,1,0,1182,1157,56,208,14,1,56,1,3
3246,25.35937500,16333214,-3770928,0.974428301500,42F658123B178677,1,1,0,1071,812,72,945,15,1,78,1,3
3247,25.36718750,16302757,-3898531,0.972643124080,41F1D5EA02B80797,0,1,0,1055,234,-88,43,16,1,114,1,3
3248,25.37500000,16271305,-4025896,0.970798581537,31CED7FAF5088457,1,1,0,796,1899,-21,848,17,1,10,1,3
3249,25.38281250,16238860,-4153016,0.968894786453,49D102098D6907C7,0,1,0,1181,129,38,214,18,1,120,1,3
3250,25.39062500,16205423,-4279882,0.966931855024,35CEF3F232D9844F,1,1,0,860,1913,-56,813,19,1,9,1,3
3251,25.39843750,16170997,-4406487,0.964909907059,49E90A0E0D0A05C7,0,1,0,1182,1157,56,208,20,1,56,1,3
3252,25.40625000,16135584,-4532823,0.962829065966,42F658123B1A8677,1,1,0,1071,812,72,945,21,1,78,1,3
3253,25.41406250,16099186,-4658882,0.960689458750,41F1D5EA02BB0797,0,1,0,1055,234,-88,43,22,1,114,1,3
3254,25.42187500,16061806,-4784657,0.958491216001,31CED7FAF50B8457,1,1,0,796,1899,-21,848,23,1,10,1,3
3255,25.42968750,16023446,-4910140,0.956234471888,49D102098D6C07C7,0,1,0,1181,129,38,214,24,1,120,1,3
3256,25.43750000,15984108,-5035323,0.953919364152,35CEF3F232DC844F,1,1,0,860,1913,-56,813,25,1,9,1,3
3257,25.44531250,15943794,-5160199,0.951546034094,49F10A0E0D0D07C7,0,1,0,1183,133,56,208,26,1,120,1,3
3258,25.45312500,15902507,-5284760,0.949114626571,35F6F7F1F31D864F,1,1,0,863,891,-57,817,27,1,73,1,3
3259,25.46093750,15860249,-5408998,0.946625289983,3D29A9EE04FE059F,1,1,0,978,1236,-72,79,28,1,51,1,3
3260,25.46875000,15817023,-5532906,0.944078176267,3E062C163D5E867F,1,1,0,992,790,88,981,29,1,79,1,3
3261,25.47656250,15772832,-5656476,0.941473440884,4169C9E5430F0597,1,1,0,1046,1252,-107,48,30,1,50,1,3
3262,25.48437500,15727678,-5779701,0.938811242816,3E46341AFCEF867F,1,1,0,996,794,107,974,31,1,79,1,3
3263,25.49218750,15681564,-5902573,0.936091744547,3E49CC1AFCE0067B,1,0,0,996,1254,107,974,0,1,79,0,3
3264,25.50000000,15634493,-6025085,0.933315112064,477185F386D0846B,0,1,0,1143,194,-50,109,1,1,13,0,3
3265,25.50781250,15586468,-6147229,0.930481514836,3396E7F933C105C3,1,1,0,825,883,-28,828,2,1,56,0,3
3266,25.51562500,15537491,-6268998,0.927591125813,3D09A7EB45518673,1,1,0,976,1235,-83,85,3,1,78,0,3
3267,25.52343750,15487566,-6390385,0.924644121409,3DE62A163D32099B,1,1,0,990,789,88,979,4,2,51,0,3
3268,25.53125000,15436696,-6511382,0.921640681493,4151C9E543028883,0,1,0,1045,228,-107,48,5,2,16,0,3
3269,25.53906250,15384884,-6631981,0.918580989380,314ED3FAB4D30BC3,1,1,0,788,1897,-22,845,6,2,120,0,3
3270,25.54687500,15332133,-6752175,0.915465231818,49C902094D738A53,0,1,0,1180,1153,37,215,7,2,74,0,3
3271,25.55468750,15278446,-6871957,0.912293598977,429654123AE409A3,1,1,0,1065,810,72,942,8,2,52,0,3
3272,25.56250000,15223826,-6991320,0.909066284436,41F1D5E9C2C48883,0,1,0,1055,234,-89,44,9,2,16,0,3
3273,25.57031250,15168277,-7110256,0.905783485176,31AED7FAF5050BC3,1,1,0,794,1899,-21,848,10,2,120,0,3
3274,25.57812500,15111802,-7228758,0.902445401559,49E902094D758A53,0,1,0,1182,1153,37,215,11,2,74,0,3
3275,25.58593750,15054405,-7346819,0.899052237327,42AE54127AD60BA3,0,1,0,1066,1834,73,941,12,2,116,0,3
3276,25.59375000,14996089,-7464432,0.895604199580,4EE1360A0AD6885B,0,1,0,1262,155,40,173,13,2,11,0,3
3277,25.60156250,14936858,-7581589,0.892101498769,368F03F6B2C70BD3,1,1,0,872,1921,-38,812,14,2,122,0,3
3278,25.60937500,14876715,-7698283,0.888544348681,4A910E0E4D278853,0,1,0,1193,135,57,210,15,2,10,0,3
3279,25.61718750,14815664,-7814507,0.884932966425,35F6F9F232F809CB,1,1,0,863,892,-56,815,16,2,57,0,3
3280,25.62500000,14753709,-7930254,0.881267572422,3D49A9EE05088A7B,1,1,0,980,1236,-72,80,17,2,79,0,3
3281,25.63281250,14690853,-8045517,0.877548390389,3DFE2C163D490B9B,1,1,0,991,1814,88,980,18,2,115,0,3
3282,25.64062500,14627101,-8160289,0.873775647325,4E712A054B19885B,0,1,0,1255,149,21,177,19,2,11,0,3
3283,25.64843750,14562456,-8274563,0.869949573499,3616FFF6F29A09CB,1,0,0,865,895,-37,809,20,2,57,0,3
3284,25.65625000,14496922,-8388332,0.866070402435,3D71ADEDC53A887B,1,1,0,983,214,-73,83,21,2,15,0,3
3285,25.66406250,14430503,-8501589,0.862138370897,311ECBF6353B0BC3,1,1,0,785,1893,-40,851,22,2,120,0,3
3286,25.67187500,14363204,-8614327,0.858153718877,4990FE098D4B884B,0,1,0,1177,127,38,212,23,2,9,0,3
3287,25.67968750,14295028,-8726540,0.854116689578,356EF3F232EC0BCB,1,1,0,854,1913,-56,814,24,2,121,0,3
3288,25.68750000,14225979,-8838220,0.850027529397,4A29080DCD1C8A53,0,1,0,1186,1156,55,209,25,2,74,0,3
3289,25.69531250,14156062,-8949360,0.845886487918,42B658123B0D09A3,1,1,0,1067,812,72,944,26,2,52,0,3
3290,25.70312500,14085281,-9059954,0.841693817887,4229D5EA02CD8A83,1,1,0,1058,1258,-88,44,27,2,80,0,3
3291,25.71093750,14013640,-9169995,0.837449775203,3E86381AFD0E099B,1,1,0,1000,796,107,976,28,2,51,0,3
3292,25.71875000,13941144,-9279477,0.833154618902,41F1CDE5433E8C8B,0,1,0,1055,230,-107,51,29,3,17,0,3
3293,25.72656250,13867797,-9388392,0.828808611137,314ED3FAF4CF0FCB,1,1,0,788,1897,-21,844,30,3,121,0,3
3294,25.73437500,13793604,-9496734,0.824412017166,49F102094D8F8C5B,0,1,0,1183,129,37,216,31,3,11,0,3
3295,25.74218750,13718569,-9604497,0.819965105335,49FEFE094D800C5F,0,1,0,1183,1919,37,216,0,3,11,1,3
3296,25.75000000,13642697,-9711673,0.815468147060,4C2DDE2A00D08CA7,0,0,0,1218,1775,168,13,1,3,20,1,3
3297,25.75781250,13565992,-9818257,0.810921416813,45B9F62711210D9F,0,1,0,1115,1275,156,274,2,3,51,1,3
3298,25.76562500,13488459,-9924241,0.806325192102,456E400E7CC18C8F,0,1,0,1110,1824,57,972,3,3,17,1,3
3299,25.77343750,13410103,-10029620,0.801679753457,4FB9380A8A020DCF,0,1,0,1275,1180,42,160,4,3,57,1,3
3300,25.78125000,13330928,-10134386,0.796985384412,43566817BAD28E7F,1,1,0,1077,820,94,941,5,3,79,1,3
3301,25.78906250,13250939,-10238534,0.792242371487,42B1D9EA02F30FA7,0,1,0,1067,236,-88,47,6,3,116,1,3
3302,25.79687500,13170142,-10342057,0.787451004171,3196D7FB34E38E67,1,1,0,793,875,-20,846,7,3,76,1,3
3303,25.80468750,13088541,-10444949,0.782611574904,3D31A1E945740FB7,1,1,0,979,208,-91,87,8,3,118,1,3
3304,25.81250000,13006141,-10547203,0.777724379061,309EC9F675048C67,1,1,0,777,1892,-39,848,9,3,12,1,3
3305,25.82031250,12922947,-10648813,0.772789714930,49A8FE094D650DDF,0,1,0,1178,1151,37,214,10,3,59,1,3
3306,25.82812500,12838964,-10749774,0.767807883698,424E54123AE58C87,0,0,0,1060,1834,72,942,11,3,16,1,3
3307,25.83593750,12754198,-10850078,0.762779189430,4F193409CAD60DCF,0,1,0,1265,1178,39,173,12,3,57,1,3
3308,25.84375000,12668653,-10949720,0.757703939052,43366416FAC68E7F,1,1,0,1075,818,91,940,13,3,79,1,3
3309,25.85156250,12582335,-11048694,0.752582442330,42B1D9EA02F70FA7,0,1,0,1067,236,-88,47,14,3,116,1,3
3310,25.85937500,12495249,-11146993,0.747415011856,318ED7FB34E78C67,1,1,0,792,1899,-20,846,15,3,12,1,3
3311,25.86718750,12407400,-11244612,0.742201963021,4A3102094D780FD7,0,1,0,1187,129,37,215,16,3,122,1,3
3312,25.87500000,12318794,-11341545,0.736943614004,356EF5F272C88C5F,1,1,0,854,1914,-55,812,17,3,11,1,3
3313,25.88281250,12229436,-11437786,0.731640285747,4A51080E0D190FD7,0,0,0,1189,132,56,209,18,3,122,1,3
3314,25.89062500,12139332,-11533328,0.726292301939,3596F9F233098E5F,1,1,0,857,892,-56,816,19,3,75,1,3
3315,25.89843750,12048487,-11628167,0.720899988991,3D71A7EDC50A0FAF,1,1,0,983,211,-73,80,20,3,117,1,3
3316,25.90625000,11956907,-11722296,0.715463676024,30BECDF6353A8C67,1,1,0,779,1894,-40,851,21,3,12,1,3
3317,25.91406250,11864597,-11815709,0.709983694842,49D0FC094D5B13E7,0,1,0,1181,126,37,213,22,4,124,1,3
3318,25.92187500,11771563,-11908401,0.704460379914,3536F5F232DB9267,1,1,0,851,890,-56,813,23,4,76,1,3
3319,25.92968750,11677810,-12000366,0.698894068356,3D51A7EDC51C13B7,1,1,0,981,211,-73,81,24,4,118,1,3
3320,25.93750000,11583344,-12091599,0.693285099906,30A6CBF6353C926F,1,0,0,778,869,-40,851,25,4,77,1,3
3321,25.94531250,11488171,-12182094,0.687633816907,3CE99DE9055D11BF,1,1,0,974,1230,-92,85,26,4,55,1,3
3322,25.95312500,11392297,-12271845,0.681940564283,3D3E28167D1D9097,1,1,0,979,1812,89,977,27,4,18,1,3
3323,25.96093750,11295728,-12360847,0.676205689523,4EA928050B2E11D7,0,1,0,1258,1172,20,178,28,4,58,1,3
3324,25.96875000,11198469,-12449095,0.670429542653,42B66016FA9E928F,1,1,0,1067,816,91,937,29,4,81,1,3
3325,25.97656250,11100527,-12536583,0.664612476219,42A9D7E9C30F11AF,1,1,0,1066,1259,-89,48,30,4,53,1,3
3326,25.98437500,11001907,-12623306,0.658754845264,3E46381B3CEF9297,1,0,0,996,796,108,974,31,4,82,1,3
3327,25.99218750,10902616,-12709258,0.652857007310,3E49C81B3CE01293,1,1,0,996,1252,108,974,0,4,82,0,3
3328,26.00000000,10802659,-12794435,0.646919322329,480987F386D09283,0,1,0,1152,1219,-50,109,1,4,80,0,3
3329,26.00781250,10702043,-12878831,0.640942152726,402E48197BC113B3,0,1,0,1026,1828,101,956,2,4,118,0,3
3330,26.01562500,10600774,-12962441,0.634925863318,4F6132074B31906B,0,1,0,1270,153,29,179,3,4,13,0,3
3331,26.02343750,10498858,-13045260,0.628870821308,35F701F7328211E3,1,1,0,863,896,-36,808,4,4,60,0,3
3332,26.03125000,10396301,-13127282,0.622777396265,3DF1ADEDC532908B,1,0,0,991,214,-73,83,5,4,17,0,3
3333,26.03906250,10293110,-13208503,0.616645960099,30BECDF6752313D3,1,1,0,779,1894,-39,850,6,4,122,0,3
3334,26.04687500,10189290,-13288918,0.610476887042,4A08FE094D53925B,0,1,0,1184,1151,37,213,7,4,75,0,3
3335,26.05468750,10084848,-13368522,0.604270553622,420E56127AD413B3,0,1,0,1056,1835,73,941,8,4,118,0,3
3336,26.06250000,9979791,-13447310,0.598027338642,4F613409CAE4906B,0,1,0,1270,154,39,174,9,4,13,0,3
3337,26.07031250,9874125,-13525277,0.591747623156,35F705F6F2A511E3,1,0,0,863,898,-37,810,10,4,60,0,3
3338,26.07812500,9767856,-13602419,0.585431790445,3E11ABEDC535908B,1,1,0,993,213,-73,83,11,4,17,0,3
3339,26.08593750,9660991,-13678730,0.579080225994,30A6CDF6752611D3,1,1,0,778,870,-39,850,12,4,58,0,3
3340,26.09375000,9553536,-13754206,0.572693317472,3D119DE905569083,1,1,0,977,206,-92,85,13,4,16,0,3
3341,26.10156250,9445498,-13828843,0.566271454701,301EC9F6750713D3,1,1,0,769,1892,-39,848,14,4,122,0,3
3342,26.10937500,9336884,-13902636,0.559815029639,49F0FC090D779463,0,0,0,1183,126,36,215,15,5,12,0,3
3343,26.11718750,9227700,-13975580,0.553324436353,34F6F5F232C815E3,1,1,0,847,890,-56,812,16,5,60,0,3
3344,26.12500000,9117953,-14047671,0.546800070996,3D91A7ED85289493,1,1,0,985,211,-74,82,17,5,18,0,3
3345,26.13281250,9007649,-14118905,0.540242331780,307ECBF6353917DB,1,1,0,775,1893,-40,851,18,5,123,0,3
3346,26.14062500,8896795,-14189277,0.533651618957,4A28FC090D699663,0,0,0,1186,1150,36,214,19,5,76,0,3
3347,26.14843750,8785398,-14258783,0.527028334790,41D656127ACA15BB,1,1,0,1053,811,73,940,20,5,55,0,3
3348,26.15625000,8673465,-14327419,0.520372883530,4289D3E982EA969B,1,1,0,1064,1257,-90,46,21,5,83,0,3
3349,26.16406250,8561003,-14395180,0.513685671391,3DE6381B3CEB15B3,1,1,0,990,796,108,974,22,5,54,0,3
3350,26.17187500,8448018,-14462063,0.506967106526,4269CDE5034B969B,1,0,0,1062,1254,-108,52,23,5,83,0,3
3351,26.17968750,8334518,-14528063,0.500217599002,3DA6341B7CBC15B3,1,1,0,986,794,109,971,24,5,54,0,3
3352,26.18750000,8220509,-14593176,0.493437560774,4269CDE4C35C969B,1,1,0,1062,1254,-109,53,25,5,83,0,3
3353,26.19531250,8105998,-14657399,0.486627405661,3DA6341B7CBD15B3,1,1,0,986,794,109,971,26,5,54,0,3
3354,26.20312500,7990992,-14720727,0.479787549319,4269CDE4C35D969B,1,0,0,1062,1254,-109,53,27,5,83,0,3
3355,26.21093750,7875499,-14783157,0.472918409217,3DA6341B7CBE15B3,1,1,0,986,794,109,971,28,5,54,0,3
3356,26.21875000,7759525,-14844684,0.466020404614,4271CDE4C35E949B,0,1,0,1063,230,-109,53,29,5,19,0,3
3357,26.22656250,7643077,-14905305,0.459093956527,30AED5FB34AF17DB,1,1,0,778,1898,-20,842,30,5,123,0,3
3358,26.23437500,7526163,-14965017,0.452139487711,4A8900090D9F966B,0,0,0,1192,1152,36,217,31,5,77,0,3
3359,26.24218750,7408789,-15023815,0.445157422632,4A8700090D90166F,0,1,0,1192,896,36,217,0,5,77,1,3
3360,26.25000000,7290963,-15081696,0.438148187437,3E8E7E0AB8C0948F,1,1,0,1000,1855,42,908,1,5,17,1,3
3361,26.25781250,7172692,-15138657,0.431112209936,4E71280A8B8117DF,0,0,0,1255,148,42,184,2,5,123,1,3
3362,26.26562500,7053983,-15194694,0.424049919567,358F01F5F2B1946F,1,1,0,856,1920,-41,811,3,5,13,1,3
3363,26.27343750,6934844,-15249803,0.416961747377,4B310A0DCD4217E7,0,1,0,1203,133,55,212,4,5,124,1,3
3364,26.28125000,6815282,-15303981,0.409848125991,3536F9F272D2966F,1,1,0,851,892,-55,813,5,5,77,1,3
3365,26.28906250,6695304,-15357225,0.402709489588,3E09A7EDC51315BF,1,0,0,992,1235,-73,81,6,5,55,1,3
3366,26.29687500,6574917,-15409532,0.395546273873,3D262E16BD23969F,1,1,0,978,791,90,978,7,5,83,1,3
3367,26.30468750,6454129,-15460899,0.388358916052,4249C7E4C32419BF,1,1,0,1060,1251,-109,50,8,6,55,1,3
3368,26.31250000,6332947,-15511322,0.381147854805,3D66361B3CB49AA7,1,0,0,982,795,108,971,9,6,84,1,3
3369,26.32031250,6211378,-15560798,0.373913530257,4291CBE4C3651BBF,0,1,0,1065,229,-109,54,10,6,119,1,3
3370,26.32812500,6089430,-15609324,0.366656383955,3076D5FB34A59A7F,1,1,0,775,874,-20,842,11,6,79,1,3
3371,26.33593750,5967110,-15656898,0.359376858836,3DB19FE8C5961BCF,0,0,0,987,207,-93,89,12,6,121,1,3
3372,26.34375000,5844426,-15703516,0.352075399207,2FEEC9F6B4F6987F,1,1,0,766,1892,-38,847,13,6,15,1,3
3373,26.35156250,5721386,-15749176,0.344752450709,4A50FC08CD771BF7,0,1,0,1189,126,35,215,14,6,126,1,3
3374,26.35937500,5597996,-15793874,0.337408460300,348EF5F272B79877,1,0,0,840,1914,-55,811,15,6,14,1,3
3375,26.36718750,5474265,-15837608,0.330043876216,4AE9080D8D3819EF,0,1,0,1198,1156,54,211,16,6,61,1,3
3376,26.37500000,5350200,-15880376,0.322659147956,41EE5A127AE8989F,0,1,0,1054,1837,73,942,17,6,19,1,3
3377,26.38281250,5225808,-15922174,0.315254726244,4FE13409CAE91BE7,0,0,0,1278,154,39,174,18,6,124,1,3
3378,26.39062500,5101097,-15963001,0.307831063009,358F05F73299986F,1,1,0,856,1922,-36,809,19,6,13,1,3
3379,26.39843750,4976075,-16002853,0.300388611352,4B890C0DCD5A19EF,0,1,0,1208,1158,55,213,20,6,61,1,3
3380,26.40625000,4850749,-16041729,0.292927825523,420E5A12BADA989F,0,0,0,1056,1837,74,941,21,6,19,1,3
3381,26.41406250,4725127,-16079625,0.285449160889,50013409CAEB1BE7,0,1,0,1280,154,39,174,22,6,124,1,3
3382,26.42187500,4599217,-16116540,0.277953073910,357705F7329B9A6F,1,1,0,855,898,-36,809,23,6,77,1,3
3383,26.42968750,4473026,-16152471,0.270440022107,3E91ABED855C1BC7,0,0,0,1001,213,-74,85,24,6,120,1,3
3384,26.43750000,4346562,-16187417,0.262910464039,302ECDF6B50C987F,1,1,0,770,1894,-38,848,25,6,15,1,3
3385,26.44531250,4219833,-16221375,0.255364859272,4A90FC090D7D1BF7,0,1,0,1193,126,36,215,26,6,126,1,3
3386,26.45312500,4092846,-16254342,0.247803668350,348EF5F272BD9877,1,0,0,840,1914,-55,811,27,6,14,1,3
3387,26.46093750,3965609,-16286317,0.240227352770,4B11080D8D3E1BEF,0,1,0,1201,132,54,211,28,6,125,1,3
3388,26.46875000,3838130,-16317298,0.232636374949,34CEF9F272EE9877,1,0,0,844,1916,-55,814,29,6,14,1,3
3389,26.47656250,3710417,-16347283,0.225031198204,4B31060D8D3F1BEF,0,1,0,1203,131,54,211,30,6,125,1,3
3390,26.48437500,3582477,-16376271,0.217412286714,34CEF9F272DF9877,1,1,0,844,1916,-55,813,31,6,14,1,3
3391,26.49218750,3454319,-16404259,0.209780105499,34C109F272D01873,1,0,0,844,132,-55,813,0,6,14,0,3
3392,26.50000000,3325950,-16431246,0.202135120387,34B21DD5FF309CBB,1,1,0,843,270,-169,1011,1,7,23,0,3
3393,26.50781250,3197378,-16457230,0.194477797990,393E0DD9AEC11FBB,1,0,0,915,1798,-154,748,2,7,119,0,3
3394,26.51562500,3068611,-16482210,0.186808605670,48911E114B719C7B,0,1,0,1161,143,69,183,3,7,15,0,3
3395,26.52343750,2939656,-16506184,0.179128011515,342EF9F1F3921FF3,1,1,0,834,1916,-57,825,4,7,126,0,3
3396,26.53125000,2810522,-16529150,0.171436484310,4B51040D0D229C7B,0,0,0,1205,130,52,210,5,7,15,0,3
3397,26.53906250,2681216,-16551107,0.163734493506,34AEFBF2B2D31FF3,1,1,0,842,1917,-54,813,6,7,126,0,3
3398,26.54687500,2551747,-16572054,0.156022509192,4B51060D8D339C7B,0,0,0,1205,131,54,211,7,7,15,0,3
3399,26.55468750,2422122,-16591990,0.148301002068,34AEFBF2B2D41FF3,1,1,0,842,1917,-54,813,8,7,126,0,3
3400,26.56250000,2292349,-16610913,0.140570443415,4B69060D8D349E7B,0,0,0,1206,1155,54,211,9,7,79,0,3
3401,26.57031250,2162436,-16628822,0.132831305068,41965A12BAD51DCB,1,1,0,1049,813,74,941,10,7,57,0,3
3402,26.57812500,2032391,-16645716,0.125084059382,4349D3E982F59EAB,1,1,0,1076,1257,-90,47,11,7,85,0,3
3403,26.58593750,1902222,-16661594,0.117329179209,3D5E3A1B7CD61FC3,1,0,0,981,1821,109,973,12,7,120,0,3
3404,26.59375000,1771937,-16676455,0.109567137868,50112C04CB669C83,0,1,0,1281,150,19,182,13,7,16,0,3
3405,26.60156250,1641544,-16690298,0.101798409114,34F701F7B2571DFB,1,0,0,847,896,-34,805,14,7,63,0,3
3406,26.60937500,1511051,-16703123,0.094023467110,3EC9ABED45679EA3,1,1,0,1004,1237,-75,86,15,7,84,0,3
3407,26.61718750,1380466,-16714928,0.086242786398,3CDE2E16FD081FC3,1,0,0,973,1815,91,976,16,7,120,0,3
3408,26.62500000,1249796,-16725713,0.078456841871,4FC92804CB489E83,0,1,0,1276,1172,19,180,17,7,80,0,3
3409,26.63281250,1119050,-16735477,0.070666108742,41CE62177A691FD3,0,0,0,1052,1841,93,934,18,7,122,0,3
3410,26.64062500,988236,-16744220,0.062871062518,509938094B399E83,0,1,0,1289,1180,37,179,19,7,80,0,3
3411,26.64843750,857361,-16751941,0.055072178969,424E6617BA8A1FD3,0,0,0,1060,1843,94,936,20,7,122,0,3
3412,26.65625000,726434,-16758639,0.047269934098,50D938098B2A9E83,0,1,0,1293,1180,38,178,21,7,80,0,3
3413,26.66406250,595463,-16764314,0.039464804114,42366817BA8B1DD3,1,0,0,1059,820,94,936,22,7,58,0,3
3414,26.67187500,464455,-16768966,0.031657265401,43E9D7E9832B9EAB,1,1,0,1086,1259,-90,50,23,7,85,0,3
3415,26.67968750,333419,-16772595,0.023847794492,3D5E3C1BBCBC1FC3,1,0,0,981,1822,110,971,24,7,120,0,3
3416,26.68750000,202363,-16775200,0.016036868037,50492C04CB7C9E83,0,1,0,1284,1174,19,183,25,7,80,0,3
3417,26.69531250,71294,-16776781,0.008224962774,41CE6417BA5D23DB,0,1,0,1052,1842,94,933,26,8,123,0,3
3418,26.70312500,-59779,-16777338,0.000412555502,50C138098B3DA08B,0,0,0,1292,156,38,179,27,8,17,0,3
3419,26.71093750,-190848,-16776871,-0.007399876951,353707F7B27E2203,1,0,0,851,899,-34,807,28,8,64,0,3
3420,26.71875000,-321906,-16775380,-0.015211857753,3EF1ABED856EA0AB,1,1,0,1007,213,-74,86,29,8,21,0,3
3421,26.72656250,-452944,-16772865,-0.023022910102,2FC6CFF6F50F21F3,1,0,0,764,871,-37,848,30,8,62,0,3
3422,26.73437500,-583954,-16769326,-0.030832557252,3E099BE8C58FA2A3,1,1,0,992,1229,-93,88,31,8,84,0,3
3423,26.74218750,-714929,-16764764,-0.038640322540,3E0667E8C58022A7,1,0,0,992,819,-93,88,0,8,84,1,3
3424,26.75000000,-845860,-16759179,-0.046445729423,371E6A09F9B0A0A7,1,1,0,881,1845,39,923,1,8,20,1,3
3425,26.75781250,-976739,-16752571,-0.054248301498,4DA916064C3121FF,0,0,0,1242,1163,25,195,2,8,63,1,3
3426,26.76562500,-1107559,-16744940,-0.062047562536,41765E157A81A2AF,1,1,0,1047,815,85,936,3,8,85,1,3
3427,26.77343750,-1238311,-16736287,-0.069843036510,4389D5E9431221CF,1,0,0,1080,1258,-91,49,4,8,57,1,3
3428,26.78125000,-1368988,-16726613,-0.077634247626,3D5E3A1BBCC2A0B7,1,1,0,981,1821,110,972,5,8,22,1,3
3429,26.78906250,-1499581,-16715918,-0.085420720347,50112C04CB6323F7,0,0,0,1281,150,19,182,6,8,126,1,3
3430,26.79687500,-1630083,-16704203,-0.093201979428,34F701F7B253A287,1,1,0,847,896,-34,805,7,8,80,1,3
3431,26.80468750,-1760485,-16691468,-0.100977549940,3EC9ABED456421D7,1,0,0,1004,1237,-75,86,8,8,58,1,3
3432,26.81250000,-1890780,-16677714,-0.108746957304,3CDE2E16FD04A0B7,1,1,0,973,1815,91,976,9,8,22,1,3
3433,26.82031250,-2020959,-16662942,-0.116509727313,4FA92804CB4521F7,0,0,0,1274,1172,19,180,10,8,62,1,3
3434,26.82812500,-2151015,-16647153,-0.124265386169,41EE62177A65A0A7,0,0,0,1054,1841,93,934,11,8,20,1,3
3435,26.83593750,-2280940,-16630348,-0.132013460507,508138098B2623F7,0,1,0,1288,156,38,178,12,8,126,1,3
3436,26.84375000,-2410725,-16612528,-0.139753477423,356F05F77286A07F,1,0,0,854,1922,-35,808,13,8,15,1,3
3437,26.85156250,-2540363,-16593694,-0.147484964507,4BB10C0DCD5723FF,0,1,0,1211,134,55,213,14,8,127,1,3
3438,26.85937500,-2669846,-16573847,-0.155207449869,34D6FBF2B2C7A287,1,0,0,845,893,-54,812,15,8,80,1,3
3439,26.86718750,-2799166,-16552989,-0.162920462169,3E69A7ED853821D7,1,1,0,998,1235,-74,83,16,8,58,1,3
3440,26.87500000,-2928315,-16531121,-0.170623530643,3CDE2E16BD18A0B7,1,0,0,973,1815,90,977,17,8,22,1,3
3441,26.88281250,-3057286,-16508244,-0.178316185136,4F892804CB4921F7,0,0,0,1272,1172,19,180,18,8,62,1,3
3442,26.89062500,-3186070,-16484359,-0.185997956129,41F662177A79A2A7,1,1,0,1055,817,93,935,19,8,84,1,3
3443,26.89843750,-3314660,-16459468,-0.193668374765,4371D7E9432A27D7,0,0,0,1079,235,-91,50,20,9,122,1,3
3444,26.90625000,-3443047,-16433572,-0.201326972881,3096D9FB74CAA697,1,1,0,777,876,-19,844,21,9,82,1,3
3445,26.91406250,-3571224,-16406673,-0.208973283037,3E099FE8C59B25E7,1,0,0,992,1231,-93,89,22,9,60,1,3
3446,26.92187500,-3699183,-16378773,-0.216606838540,3CA62A16FCEBA6BF,1,0,0,970,789,91,974,23,9,87,1,3
3447,26.92968750,-3826916,-16349873,-0.224227173479,4271C7E4C34C27D7,0,1,0,1063,227,-109,52,24,9,122,1,3
3448,26.93750000,-3954416,-16319975,-0.231833822747,302ED5FB34ACA497,1,0,0,770,1898,-20,842,25,9,18,1,3
3449,26.94531250,-4081674,-16289081,-0.239426322073,4AC90008CDAD260F,0,1,0,1196,1152,35,218,26,9,65,1,3
3450,26.95312500,-4208683,-16257193,-0.247004208050,41965612BABDA6B7,1,0,0,1049,811,74,939,27,9,86,1,3
3451,26.96093750,-4335435,-16224313,-0.254567018164,4309D3E982FE25D7,1,0,0,1072,1257,-90,47,28,9,58,1,3
3452,26.96875000,-4461923,-16190442,-0.262114290819,3D863A1B7CDEA6BF,1,1,0,984,797,109,973,29,9,87,1,3
3453,26.97656250,-4588138,-16155583,-0.269645565368,42E9CBE4C35F25D7,1,0,0,1070,1253,-109,53,30,9,58,1,3
3454,26.98437500,-4714073,-16119738,-0.277160382142,3D5E361BBCAFA4BF,1,0,0,981,1819,110,970,31,9,23,1,3
3455,26.99218750,-4839721,-16082909,-0.284658282475,3D51CA1BBCA024BB,1,1,0,981,229,110,970,0,9,23,0,3
3456,27.00000000,-4965073,-16045099,-0.292138808734,3B8A23D33EF0A6D3,1,0,0,952,1297,-180,1007,1,9,90,0,3
3457,27.00781250,-5090122,-16006309,-0.299601504345,479D7FFDB5E127A3,0,0,0,1145,1727,-10,862,2,9,116,0,3
3458,27.01562500,-5214861,-15966542,-0.307045913825,4DA1520E4951A49B,0,1,0,1242,169,57,149,3,9,19,0,3
3459,27.02343750,-5339281,-15925801,-0.314471582805,353705F6B352260B,1,0,0,851,898,-38,821,4,9,65,0,3
3460,27.03125000,-5463375,-15884088,-0.321878058060,3E89A7ED4532A6B3,1,0,0,1000,1235,-75,83,5,9,86,0,3
3461,27.03906250,-5587136,-15841405,-0.329264887537,3D262E16FD1325D3,1,1,0,978,791,91,977,6,9,58,0,3
3462,27.04687500,-5710556,-15797755,-0.336631620383,4251C7E4C333A4BB,0,0,0,1061,227,-109,51,7,9,23,0,3
3463,27.05468750,-5833627,-15753141,-0.343977806970,306ED5FB34B427FB,1,0,0,774,1898,-20,843,8,9,127,0,3
3464,27.06250000,-5956342,-15707566,-0.351302998925,4AA90008CDA4A68B,0,1,0,1194,1152,35,218,9,9,81,0,3
3465,27.07031250,-6078694,-15661032,-0.358606749155,41B65612BAB525DB,1,0,0,1051,811,74,939,10,9,59,0,3
3466,27.07812500,-6200675,-15613542,-0.365888611877,42D1D3E982F5A4BB,0,0,0,1069,233,-90,47,11,9,23,0,3
3467,27.08593750,-6322277,-15565099,-0.373148142645,30D6D9FB34D625FB,1,1,0,781,876,-20,845,12,9,63,0,3
3468,27.09375000,-6443493,-15515706,-0.380384898373,3DC99FE90596AAB3,1,0,0,988,1231,-92,89,13,10,86,0,3
3469,27.10156250,-6564316,-15465366,-0.387598437367,3CE62A16BCF729DB,1,0,0,974,789,90,975,14,10,59,0,3
3470,27.10937500,-6684739,-15414082,-0.394788319351,4229C7E4C337AAC3,1,1,0,1058,1251,-109,51,15,10,88,0,3
3471,27.11718750,-6804754,-15361857,-0.401954105490,3D66341B3CB829DB,1,0,0,982,794,108,971,16,10,59,0,3
3472,27.12500000,-6924353,-15308695,-0.409095358423,4271CBE4C358A8C3,0,0,0,1063,229,-109,53,17,10,24,0,3
3473,27.13281250,-7043530,-15254598,-0.416211642283,3096D5FB34A92A03,1,0,0,777,874,-20,842,18,10,64,0,3
3474,27.14062500,-7162277,-15199570,-0.423302522730,3D919FE8C599A8B3,1,1,0,985,207,-93,89,19,10,22,0,3
3475,27.14843750,-7280586,-15143615,-0.430367566973,2FFEC9F674FA2803,1,0,0,767,1892,-39,847,20,10,0,0,3
3476,27.15625000,-7398451,-15086735,-0.437406343798,4A28FC090D7AAA8B,0,0,0,1186,1150,36,215,21,10,81,0,3
3477,27.16406250,-7515865,-15028935,-0.444418423594,41CE56127ACB2BE3,0,1,0,1052,1835,73,940,22,10,124,0,3
3478,27.17187500,-7632820,-14970217,-0.451403378380,4F9934098AFBAA9B,0,0,0,1273,1178,38,175,23,10,83,0,3
3479,27.17968750,-7749309,-14910586,-0.458360781830,42B664173AAC29EB,1,0,0,1067,818,92,938,24,10,61,0,3
3480,27.18750000,-7865325,-14850045,-0.465290209301,4311D7E9C30CA8C3,0,0,0,1073,235,-89,48,25,10,24,0,3
3481,27.19531250,-7980861,-14788597,-0.472191237855,3116D9FB34DD2A03,1,1,0,785,876,-20,845,26,10,64,0,3
3482,27.20312500,-8095910,-14726247,-0.479063446291,3DA9A1E9058DAABB,1,0,0,986,1232,-92,88,27,10,87,0,3
3483,27.21093750,-8210465,-14662998,-0.485906415162,3D1E2A16BCFE2BDB,0,0,0,977,1813,90,975,28,10,123,0,3
3484,27.21875000,-8324519,-14598854,-0.492719726811,4EF928050B3EAA9B,0,0,0,1263,1172,20,179,29,10,83,0,3
3485,27.22656250,-8438064,-14533819,-0.499502965387,427660173A8F29EB,1,1,0,1063,816,92,936,30,10,61,0,3
3486,27.23437500,-8551094,-14467897,-0.506255716876,42F1D7E9830FA8C3,0,0,0,1071,235,-90,48,31,10,24,0,3
3487,27.24218750,-8663603,-14401092,-0.512977569126,42FE2BE9830028C7,0,0,0,1071,1813,-90,48,0,10,24,1,3
3488,27.25000000,-8775583,-14333408,-0.519668111869,4515E22C8130AAD7,0,0,0,1105,753,178,19,1,10,90,1,3
3489,27.25781250,-8887027,-14264849,-0.526326936749,382282030A112BAF,1,1,0,898,321,12,161,2,10,117,1,3
3490,27.26562500,-8997929,-14195419,-0.532953637345,32DEAFF1F6C1A8A7,1,0,0,813,1879,-57,876,3,10,20,1,3
3491,27.27343750,-9108282,-14125123,-0.539547809199,4A88FE098CA22A17,0,0,0,1192,1151,38,202,4,10,66,1,3
3492,27.28125000,-9218079,-14053965,-0.546109049835,41EE5812FAE2A8BF,0,0,0,1054,1836,75,942,5,10,23,1,3
3493,27.28906250,-9327313,-13981949,-0.552636958789,4F8134098AF32C0F,0,1,0,1272,154,38,175,6,11,1,1,3
3494,27.29687500,-9435978,-13909079,-0.559131137632,35EF05F6F2A3AC97,1,0,0,862,1922,-37,810,7,11,18,1,3
3495,27.30468750,-9544067,-13835360,-0.565591189992,4B090C0E0D442E17,0,0,0,1200,1158,56,212,8,11,66,1,3
3496,27.31250000,-9651573,-13760797,-0.572016721581,42765A127AE4AEC7,1,0,0,1063,813,73,942,9,11,88,1,3
3497,27.32031250,-9758490,-13685394,-0.578407340218,4291D5E9C2D52FE7,0,0,0,1065,234,-89,45,10,11,124,1,3
3498,27.32812500,-9864812,-13609156,-0.584762655852,312ED9FB34E5ACA7,1,1,0,786,1900,-20,846,11,11,20,1,3
3499,27.33593750,-9970531,-13532087,-0.591082280587,4A7100094D862C1F,0,0,0,1191,128,37,216,12,11,3,1,3
3500,27.34375000,-10075642,-13454192,-0.597365828706,3536F5F272C6AE9F,1,0,0,851,890,-55,812,13,11,83,1,3
3501,27.35156250,-10180138,-13375476,-0.603612916694,3D89A7EDC5172DEF,1,0,0,984,1235,-73,81,14,11,61,1,3
3502,27.35937500,-10284013,-13295944,-0.609823163261,3D7E2C167D37ACCF,1,0,0,983,1814,89,979,15,11,25,1,3
3503,27.36718750,-10387260,-13215600,-0.615996189365,4ED128050B282C0F,0,1,0,1261,148,20,178,16,11,1,1,3
3504,27.37500000,-10489873,-13134450,-0.622131618237,35AF01F6F288AC9F,1,0,0,858,1920,-37,808,17,11,19,1,3
3505,27.38281250,-10591846,-13052498,-0.628229075401,4AC90C0DCD492E17,0,0,0,1196,1158,55,212,18,11,66,1,3
3506,27.39062500,-10693172,-12969749,-0.634288188701,42965A127AF9AEC7,1,0,0,1065,813,73,943,19,11,88,1,3
3507,27.39843750,-10793846,-12886209,-0.640308588318,4289D5EA02DA2DE7,1,0,0,1064,1258,-88,45,20,11,60,1,3
3508,27.40625000,-10893861,-12801882,-0.646289906800,3E3E381B3CFAACCF,1,1,0,995,1820,108,975,21,11,25,1,3
3509,27.41406250,-10993211,-12716774,-0.652231779077,4F312E054B4B2C0F,0,0,0,1267,151,21,180,22,11,1,1,3
3510,27.42187500,-11091890,-12630890,-0.658133842488,35D701F7327BAE9F,1,0,0,861,896,-36,807,23,11,83,1,3
3511,27.42968750,-11189892,-12544235,-0.663995736801,3DC9ADEDC54C2DEF,1,0,0,988,1238,-73,84,24,11,61,1,3
3512,27.43750000,-11287211,-12456814,-0.669817104237,3DBE2C167D3CACCF,1,0,0,987,1814,89,979,25,11,25,1,3
3513,27.44531250,-11383841,-12368633,-0.675597589489,4EC92A054B1D2E0F,0,0,0,1260,1173,21,177,26,11,65,1,3
3514,27.45312500,-11479776,-12279697,-0.681336839747,42CE60173A9DACC7,0,1,0,1068,1840,92,937,27,11,24,1,3
3515,27.46093750,-11575010,-12190011,-0.687034504715,4FA13809CB0E2C0F,0,0,0,1274,156,39,176,28,11,1,1,3
3516,27.46875000,-11669538,-12099581,-0.692690236639,365705F732AEAE97,1,0,0,869,898,-36,810,29,11,82,1,3
3517,27.47656250,-11763354,-12008413,-0.698303690321,3DE9ADEE053F2DEF,1,0,0,990,1238,-72,83,30,11,61,1,3
3518,27.48437500,-11856452,-11916512,-0.703874523144,3DDE2E167D3FB0D7,1,0,0,989,1815,89,979,31,12,26,1,3
3519,27.49218750,-11948826,-11823883,-0.709402395095,3DD1D2167D3030D3,1,0,0,989,233,89,979,0,12,26,0,3
3520,27.50000000,-12040471,-11730533,-0.714886968780,3AB21FD3FEB0B0E3,1,0,0,939,271,-177,1003,1,12,28,0,3
3521,27.50781250,-12131381,-11636467,-0.720327909449,3B461DDD2E0131E3,1,1,0,948,782,-140,736,2,12,60,0,3
3522,27.51562500,-12221550,-11541691,-0.725724885015,3B29C7F28371B2D3,1,0,0,946,1251,-54,55,3,12,90,0,3
3523,27.52343750,-12310974,-11446210,-0.731077566074,3D662C15FE0231EB,1,0,0,982,790,87,992,4,12,61,0,3
3524,27.53125000,-12399646,-11350031,-0.736385625927,41C9C5E48302B2D3,1,0,0,1052,1250,-110,48,5,12,90,0,3
3525,27.53906250,-12487561,-11253159,-0.741648740597,3DE6341B3CC331EB,1,0,0,990,794,108,972,6,12,61,0,3
3526,27.54687500,-12574714,-11155600,-0.746866588851,41F1CDE50343B0D3,0,0,0,1055,230,-108,52,7,12,26,0,3
3527,27.55468750,-12661100,-11057360,-0.752038852217,3116D3FAF4C43213,1,0,0,785,873,-21,844,8,12,66,0,3
3528,27.56250000,-12746713,-10958445,-0.757165215008,3D09A1E90584B2CB,1,0,0,976,1232,-92,88,9,12,89,0,3
3529,27.57031250,-12831548,-10858861,-0.762245364337,3D8628167D1531EB,1,1,0,984,788,89,977,10,12,61,0,3
3530,27.57812500,-12915600,-10758615,-0.767278990137,4189C9E50315B2D3,1,0,0,1048,1252,-108,49,11,12,90,0,3
3531,27.58593750,-12998863,-10657712,-0.772265785183,3DFE341AFCD633EB,0,0,0,991,1818,107,973,12,12,125,0,3
3532,27.59375000,-13081333,-10556158,-0.777205445105,4ED92E050B46B2AB,0,0,0,1261,1175,20,180,13,12,85,0,3
3533,27.60156250,-13163005,-10453960,-0.782097668413,42F660173A8731FB,1,0,0,1071,816,92,936,14,12,63,0,3
3534,27.60937500,-13243873,-10351124,-0.786942156510,4289D9E9C2F7B2D3,1,0,0,1064,1260,-89,47,15,12,90,0,3
3535,27.61718750,-13323933,-10247656,-0.791738613715,3E9E381B3CF833EB,0,0,0,1001,1820,108,975,16,12,125,0,3
3536,27.62500000,-13403180,-10143563,-0.796486747275,4EF92E054B38B2AB,0,0,0,1263,1175,21,179,17,12,85,0,3
3537,27.63281250,-13481609,-10038851,-0.801186267389,431660173A8931FB,1,0,0,1073,816,92,936,18,12,63,0,3
3538,27.64062500,-13559215,-9933526,-0.805836887223,4289D9E9C2F9B2D3,1,0,0,1064,1260,-89,47,19,12,90,0,3
3539,27.64843750,-13635993,-9827595,-0.810438322927,3E9E381B3CFA33EB,0,1,0,1001,1820,108,975,20,12,125,0,3
3540,27.65625000,-13711939,-9721064,-0.814990293652,4EF92E054B3AB2AB,0,0,0,1263,1175,21,179,21,12,85,0,3
3541,27.66406250,-13787048,-9613939,-0.819492521571,431660173A8B31FB,1,0,0,1073,816,92,936,22,12,63,0,3
3542,27.67187500,-13861315,-9506228,-0.823944731890,4271D9E9C2FBB0D3,0,0,0,1063,236,-89,47,23,12,26,0,3
3543,27.67968750,-13934736,-9397936,-0.828346652869,31AED7FAF4EC341B,1,0,0,794,1899,-21,846,24,13,3,0,3
3544,27.68750000,-14007307,-9289071,-0.832698015839,4A0902098D7CB6AB,0,0,0,1184,1153,38,215,25,13,85,0,3
3545,27.69531250,-14079023,-9179639,-0.836998555213,428E54127ADD37FB,0,0,0,1064,1834,73,941,26,13,127,0,3
3546,27.70312500,-14149880,-9069647,-0.841248008509,4F01360A0ADDB4B3,0,0,0,1264,155,40,173,27,13,22,0,3
3547,27.71093750,-14219873,-8959101,-0.845446116363,366F03F6F2CE342B,1,0,0,870,1921,-37,812,28,13,5,0,3
3548,27.71875000,-14288998,-8848008,-0.849592622544,4AA90E0E0D2EB6AB,0,0,0,1194,1159,56,210,29,13,85,0,3
3549,27.72656250,-14357251,-8736375,-0.853687273969,42F65A127B0F35FB,1,0,0,1071,813,73,944,30,13,63,0,3
3550,27.73437500,-14424628,-8624209,-0.857729820724,4229D5EA02CFB6DB,1,0,0,1058,1258,-88,44,31,13,91,0,3
3551,27.74218750,-14491124,-8511517,-0.861720016071,42262DEA02C036DF,1,1,0,1058,790,-88,44,0,13,91,1,3
3552,27.75000000,-14556736,-8398305,-0.865657616470,38A6800C7950B6CF,1,0,0,906,832,49,917,1,13,89,1,3
3553,27.75781250,-14621459,-8284580,-0.869542381590,3FA9B9E7043135FF,1,0,0,1018,1244,-100,67,2,13,63,1,3
3554,27.76562500,-14685290,-8170350,-0.873374074325,3E062E18FCF1B6DF,1,0,0,992,791,99,975,3,13,91,1,3
3555,27.77343750,-14748225,-8055621,-0.877152460808,4191CBE5032237F7,0,0,0,1049,229,-108,50,4,13,126,1,3
3556,27.78125000,-14810259,-7940400,-0.880877310425,314ED3FAF4D2B4B7,1,0,0,788,1897,-21,845,5,13,22,1,3
3557,27.78906250,-14871389,-7824695,-0.884548395832,49D102094D833427,0,0,0,1181,129,37,216,6,13,4,1,3
3558,27.79687500,-14931612,-7708512,-0.888165492964,35AEF3F232D3B4AF,1,0,0,858,1913,-56,813,7,13,21,1,3
3559,27.80468750,-14990923,-7591859,-0.891728381052,4A090A0E0D043627,0,0,0,1184,1157,56,208,8,13,68,1,3
3560,27.81250000,-15049319,-7474742,-0.895236842635,42D658123B14B6D7,1,0,0,1069,812,72,945,9,13,90,1,3
3561,27.82031250,-15106797,-7357169,-0.898690663576,4209D5EA02C535F7,1,0,0,1056,1258,-88,44,10,13,62,1,3
3562,27.82812500,-15163353,-7239147,-0.902089633071,3E9E381AFD05B4DF,1,0,0,1001,1820,107,976,11,13,27,1,3
3563,27.83593750,-15218983,-7120683,-0.905433543664,4EC92E054B36361F,0,0,0,1260,1175,21,179,12,13,67,1,3
3564,27.84375000,-15273684,-7001785,-0.908722191261,433660173A96B6D7,0,0,0,1075,816,92,937,13,13,90,1,3
3565,27.85156250,-15327453,-6882459,-0.911955375138,4259D9EA02F735F7,1,0,0,1061,1260,-88,47,14,13,62,1,3
3566,27.85937500,-15380287,-6762713,-0.915132897960,3EBE381AFCF7B4DF,1,0,0,1003,1820,107,975,15,13,27,1,3
3567,27.86718750,-15432182,-6642555,-0.918254565787,4EB12E058B38341F,0,0,0,1259,151,22,179,16,13,3,1,3
3568,27.87500000,-15483135,-6521991,-0.921320188088,3656FFF6F298BAB7,1,0,0,869,895,-37,809,17,14,86,1,3
3569,27.88281250,-15533143,-6401029,-0.924329577753,3D69ADEE05293A07,1,0,0,982,1238,-72,82,18,14,64,1,3
3570,27.89062500,-15582203,-6279676,-0.927282551105,3E262C163D49BAE7,1,0,0,994,790,88,980,19,14,92,1,3
3571,27.89843750,-15630312,-6157940,-0.930178927909,4169C9E5430A39FF,1,1,0,1046,1252,-107,48,20,14,63,1,3
3572,27.90625000,-15677467,-6035828,-0.933018531386,3E46341AFCEABAE7,1,0,0,996,794,107,974,21,14,92,1,3
3573,27.91406250,-15723665,-5913348,-0.935801188221,41A9CDE5033B39FF,1,0,0,1050,1254,-108,51,22,14,63,1,3
3574,27.92187500,-15768903,-5790507,-0.938526728574,3E5E341AFCDBB8E7,1,0,0,997,1818,107,973,23,14,28,1,3
3575,27.92968750,-15813179,-5667312,-0.941194986094,4E912E054B4C3827,0,0,0,1257,151,21,180,24,14,4,1,3
3576,27.93750000,-15856490,-5543772,-0.943805797922,364EFFF6F29CB8B7,1,0,0,868,1919,-37,809,25,14,22,1,3
3577,27.94531250,-15898833,-5419893,-0.946359004709,4A510E0E0D3D382F,0,0,0,1189,135,56,211,26,14,5,1,3
3578,27.95312500,-15940206,-5295683,-0.948854450621,3616F7F2330DBAB7,1,0,0,865,891,-56,816,27,14,86,1,3
3579,27.96093750,-15980606,-5171150,-0.951291983347,3D11A9EE04FE3807,0,0,0,977,212,-72,79,28,14,0,1,3
3580,27.96875000,-16020030,-5046302,-0.953671454113,312ECBF6354EB8BF,1,0,0,786,1893,-40,852,29,14,23,1,3
3581,27.97656250,-16058476,-4921146,-0.955992717690,4970FE098D4F3837,0,0,0,1175,127,38,212,30,14,6,1,3
3582,27.98437500,-16095942,-4795689,-0.958255632398,35AEF3F1F2EFB8B7,1,0,0,858,1913,-57,814,31,14,22,1,3
3583,27.99218750,-16132426,-4669939,-0.960460060122,35A10FF1F2E038B3,1,0,0,858,135,-57,814,0,14,22,0,3
3584,28.00000000,-16167925,-4543904,-0.962605866314,336A1DD67F20BAF3,1,0,0,822,1294,-167,1010,1,14,94,0,3
3585,28.00781250,-16202437,-4417592,-0.964692920005,477D6DF8F6F13BCB,0,0,0,1143,1718,-29,879,2,14,121,0,3
3586,28.01562500,-16235961,-4291010,-0.966721093812,4C394E0E0901BAC3,0,0,0,1219,1191,56,144,3,14,88,0,3
3587,28.02343750,-16268494,-4164167,-0.968690263947,430E62163B92380B,0,0,0,1072,1841,88,953,4,14,1,0,3
3588,28.03125000,-16300034,-4037069,-0.970600310221,4F4136098AD2B8BB,0,0,0,1268,155,38,173,5,14,23,0,3
3589,28.03906250,-16330579,-3909725,-0.972451116055,36B703F6F2B33A33,1,0,0,875,897,-37,811,6,14,70,0,3
3590,28.04687500,-16360127,-3782142,-0.974242568484,3D71ADEE4523B8DB,1,0,0,983,214,-71,82,7,14,27,0,3
3591,28.05468750,-16388676,-3654329,-0.975974558169,3146CBF635443A23,1,0,0,788,869,-40,852,8,14,68,0,3
3592,28.06250000,-16416225,-3526292,-0.977646979397,3C719DE94534B8D3,1,0,0,967,206,-91,83,9,14,26,0,3
3593,28.07031250,-16442772,-3398040,-0.979259730092,30C6C7F5F5253E2B,1,0,0,780,867,-41,850,10,15,69,0,3
3594,28.07812500,-16468316,-3269581,-0.980812711821,3C519DE94545BCDB,1,0,0,965,206,-91,84,11,15,27,0,3
3595,28.08593750,-16492854,-3140922,-0.982305829797,30C6C7F5F5263E2B,1,0,0,780,867,-41,850,12,15,69,0,3
3596,28.09375000,-16516386,-3012072,-0.983738992888,3C499DE94546BEDB,1,0,0,964,1230,-91,84,13,15,91,0,3
3597,28.10156250,-16538910,-2883038,-0.985112113622,3DBE2815FD373C03,0,0,0,987,1812,87,979,14,15,0,0,3
3598,28.10937500,-16560424,-2753828,-0.986425108189,4E192A054B17BEC3,0,0,0,1249,1173,21,177,15,15,88,0,3
3599,28.11718750,-16580928,-2624450,-0.987677896452,43365E16BAA83E0B,1,0,0,1075,815,90,938,16,15,65,0,3
3600,28.12500000,-16600419,-2494911,-0.988870401947,4229D9EA02E8BEEB,1,0,0,1058,1260,-88,46,17,15,93,0,3
3601,28.13281250,-16618897,-2365220,-0.990002551890,3EDE381AFD093C03,0,0,0,1005,1820,107,976,18,15,0,0,3
3602,28.14062500,-16636361,-2235385,-0.991074277179,4EA12E058B29BCC3,0,0,0,1258,151,22,178,19,15,24,0,3
3603,28.14843750,-16652810,-2105413,-0.992085512403,366EFFF6F29A3C33,1,0,0,870,1919,-37,809,20,15,6,0,3
3604,28.15625000,-16668242,-1975313,-0.993036195840,4A490E0E0D3ABEBB,0,0,0,1188,1159,56,211,21,15,87,0,3
3605,28.16406250,-16682657,-1845092,-0.993926269467,432E58123B0B3C0B,0,0,0,1074,1836,72,944,22,15,1,0,3
3606,28.17187500,-16696054,-1714759,-0.994755678957,4ED9360A4ABBBEC3,0,0,0,1261,1179,41,171,23,15,88,0,3
3607,28.17968750,-16708432,-1584321,-0.995524373687,43AE6416FADC3C13,0,0,0,1082,1842,91,941,24,15,2,0,3
3608,28.18750000,-16719790,-1453786,-0.996232306740,4F393A0A4AECBEC3,0,0,0,1267,1181,41,174,25,15,88,0,3
3609,28.19531250,-16730127,-1323163,-0.996879434909,43CE6416FACD3C13,0,0,0,1084,1842,91,940,26,15,2,0,3
3610,28.20312500,-16739443,-1192459,-0.997465718694,4F413A0A4AEDBCC3,0,0,0,1268,157,41,174,27,15,24,0,3
3611,28.21093750,-16747737,-1061682,-0.997991122314,36D703F6F2BE3E3B,1,0,0,877,897,-37,811,28,15,71,0,3
3612,28.21875000,-16755009,-930840,-0.998455613699,3D69ADEE451EBEE3,1,0,0,982,1238,-71,81,29,15,92,0,3
3613,28.22656250,-16761259,-799941,-0.998859164500,3E462C163D4F3E03,1,0,0,996,790,88,980,30,15,64,0,3
3614,28.23437500,-16766486,-668994,-0.999201750085,4151C9E5830FBCEB,1,0,0,1045,228,-106,48,31,15,29,0,3
3615,28.24218750,-16770689,-538006,-0.999483349546,415E39E583003CEF,1,0,0,1045,1820,-106,48,0,15,29,1,3
3616,28.25000000,-16773869,-406985,-0.999703945695,459DDC2C8150BD07,0,0,0,1113,1774,178,21,1,15,32,1,3
3617,28.25781250,-16776025,-275939,-0.999863525068,4441E62311F13FFF,0,0,0,1092,243,140,287,2,15,127,1,3
3618,28.26562500,-16777157,-144876,-0.999962077924,3856D9ED74A1C2CF,1,0,0,901,876,-75,842,3,16,89,1,3
3619,28.27343750,-16777265,-13804,-0.999999598249,3D69ABEE84324217,1,0,0,982,1237,-70,67,4,16,66,1,3
3620,28.28125000,-16776349,117268,-0.999976083753,3E1E2E16BD62C0F7,1,0,0,993,1815,90,982,5,16,30,1,3
3621,28.28906250,-16774409,248333,-0.999891535871,4E492A054B034237,0,0,0,1252,1173,21,176,6,16,70,1,3
3622,28.29687500,-16771445,379383,-0.999745959763,434E6016FAA3C0EF,0,0,0,1076,1840,91,938,7,16,29,1,3
3623,28.30468750,-16767457,510410,-0.999539364315,4F193A0A0AF44237,0,0,0,1265,1181,40,175,8,16,70,1,3
3624,28.31250000,-16762446,641406,-0.999271762136,43CE6416FAC4C0E7,0,0,0,1084,1842,91,940,9,16,28,1,3
3625,28.32031250,-16756412,772363,-0.998943169558,4F413A0A4AE54037,0,0,0,1268,157,41,174,10,16,6,1,3
3626,28.32812500,-16749355,903272,-0.998553606639,36D703F6F2B5C2BF,1,0,0,877,897,-37,811,11,16,87,1,3
3627,28.33593750,-16741276,1034126,-0.998103097154,3D69ADEE45164217,1,0,0,982,1238,-71,81,12,16,66,1,3
3628,28.34375000,-16732175,1164917,-0.997591668600,3E462C163D46C2F7,1,0,0,996,790,88,980,13,16,94,1,3
3629,28.35156250,-16722053,1295637,-0.997019352193,4151C9E58307400F,0,0,0,1045,228,-106,48,14,16,1,1,3
3630,28.35937500,-16710910,1426278,-0.996386182863,3176D3FAB4D7C2CF,1,0,0,791,873,-22,845,15,16,89,1,3
3631,28.36718750,-16698747,1556832,-0.995692199256,3CA9A1E94578421F,1,0,0,970,1232,-91,87,16,16,67,1,3
3632,28.37500000,-16685565,1687291,-0.994937443730,3DE628163D28C2F7,1,0,0,990,788,88,978,17,16,94,1,3
3633,28.38281250,-16671365,1817647,-0.994121962350,4131C9E54309400F,0,0,0,1043,228,-107,48,18,16,1,1,3
3634,28.39062500,-16656147,1947892,-0.993245804889,316ED3FAB4E9C0CF,1,0,0,790,1897,-22,846,19,16,25,1,3
3635,28.39843750,-16639912,2078018,-0.992309024824,49A902094D7A423F,0,0,0,1178,1153,37,215,20,16,71,1,3
3636,28.40625000,-16622662,2208017,-0.991311679330,42CE54123AEAC0EF,0,0,0,1068,1834,72,942,21,16,29,1,3
3637,28.41406250,-16604397,2337882,-0.990253829281,4EB9360A0ACB4237,0,0,0,1259,1179,40,172,22,16,70,1,3
3638,28.42187500,-16585119,2467604,-0.989135539242,43966416BADBC2E7,0,0,0,1081,818,90,941,23,16,92,1,3
3639,28.42968750,-16564829,2597175,-0.987956877468,4241D9EA02EC400F,0,0,0,1060,236,-88,46,24,16,1,1,3
3640,28.43750000,-16543528,2726588,-0.986717915898,31F6D7FAF4FCC2CF,1,0,0,799,875,-21,847,25,16,89,1,3
3641,28.44531250,-16521217,2855834,-0.985418730152,3CD1A3E9856D4017,0,0,0,973,209,-90,86,26,16,2,1,3
3642,28.45312500,-16497897,2984906,-0.984059399527,30EEC7F6351DC0CF,1,0,0,782,1891,-40,849,27,16,25,1,3
3643,28.46093750,-16473570,3113796,-0.982640006987,4950FE094D5E4047,0,0,0,1173,127,37,213,28,16,8,1,3
3644,28.46875000,-16448238,3242496,-0.981160639166,35AEF3F1F2EEC4CF,1,0,0,858,1913,-57,814,29,17,25,1,3
3645,28.47656250,-16421902,3370998,-0.979621386357,49E90A0E0D0F4647,0,0,0,1182,1157,56,208,30,17,72,1,3
3646,28.48437500,-16394564,3499294,-0.978022342507,42F658123B1FC6F7,0,0,0,1071,812,72,945,31,17,94,1,3
3647,28.49218750,-16366225,3627377,-0.976363605215,42F9A8123B1046F3,0,0,0,1071,1236,72,945,0,17,94,0,3
3648,28.50000000,-16336887,3755238,-0.974645275721,475993F74600C6EB,0,0,0,1141,1225,-35,96,1,17,93,0,3
3649,28.50781250,-16306552,3882870,-0.972867458902,40B64A193C11461B,1,0,0,1035,805,100,961,2,17,67,0,3
3650,28.51562500,-16275222,4010265,-0.971030263268,41F1D3E74301C4FB,0,0,0,1055,233,-99,48,3,17,31,0,3
3651,28.52343750,-16242898,4137415,-0.969133800952,31AED5FAF4E2443B,1,0,0,794,1898,-21,846,4,17,7,0,3
3652,28.53125000,-16209583,4264313,-0.967178187703,49C902098D72C6CB,0,0,0,1180,1153,38,215,5,17,89,0,3
3653,28.53906250,-16175279,4390950,-0.965163542883,42B654123AE3461B,1,0,0,1067,810,72,942,6,17,67,0,3
3654,28.54687500,-16139987,4517319,-0.963089989455,41D1D5EA02C3C4FB,1,0,0,1053,234,-88,44,7,17,31,0,3
3655,28.55468750,-16103710,4643413,-0.960957653978,31BED7FAB504443B,1,0,0,795,1899,-22,848,8,17,7,0,3
3656,28.56250000,-16066450,4769223,-0.958766666599,49C902098D64C6CB,0,0,0,1180,1153,38,214,9,17,89,0,3
3657,28.57031250,-16028210,4894742,-0.956517161044,42B654123AE5461B,1,0,0,1067,810,72,942,10,17,67,0,3
3658,28.57812500,-15988992,5019962,-0.954209274612,41D1D5EA02C5C4FB,1,0,0,1053,234,-88,44,11,17,31,0,3
3659,28.58593750,-15948798,5144876,-0.951843148164,31A6D7FAB506463B,1,0,0,794,875,-22,848,12,17,71,0,3
3660,28.59375000,-15907630,5269476,-0.949418926116,3CE9A1E94566C6F3,1,0,0,974,1232,-91,86,13,17,94,0,3
3661,28.60156250,-15865491,5393754,-0.946936756430,3DC628167D174613,1,0,0,988,788,89,977,14,17,66,0,3
3662,28.60937500,-15822384,5517703,-0.944396790605,4149C9E54317C6FB,1,0,0,1044,1252,-107,49,15,17,95,0,3
3663,28.61718750,-15778311,5641315,-0.941799183668,3E46341ABCE84613,1,1,0,996,794,106,974,16,17,66,0,3
3664,28.62500000,-15733275,5764583,-0.939144094162,41A9CDE54338C6FB,1,0,0,1050,1254,-107,51,17,17,95,0,3
3665,28.63281250,-15687279,5887499,-0.936431684142,3E66341AFCD94613,1,0,0,998,794,107,973,18,17,66,0,3
3666,28.64062500,-15640325,6010056,-0.933662119159,41A9CDE54339C6FB,1,0,0,1050,1254,-107,51,19,17,95,0,3
3667,28.64843750,-15592417,6132246,-0.930835568251,3E66341AFCDA4613,1,0,0,998,794,107,973,20,17,66,0,3
3668,28.65625000,-15543557,6254062,-0.927952203939,41A9CDE5433AC6FB,1,0,0,1050,1254,-107,51,21,17,95,0,3
3669,28.66406250,-15493748,6375496,-0.925012202207,3E66341AFCDB4A1B,1,0,0,998,794,107,973,22,18,67,0,3
3670,28.67187500,-15442994,6496541,-0.922015742497,41A9CDE5433BCB03,1,0,0,1050,1254,-107,51,23,18,96,0,3
3671,28.67968750,-15391297,6617189,-0.918963007699,3E5E341AFCDC481B,0,0,0,997,1818,107,973,24,18,3,0,3
3672,28.68750000,-15338661,6737434,-0.915854184136,4EA12E054B4CC8DB,0,0,0,1258,151,21,180,25,18,27,0,3
3673,28.69531250,-15285089,6857267,-0.912689461553,364EFFF6F29D484B,1,0,0,868,1919,-37,809,26,18,9,0,3
3674,28.70312500,-15230584,6976682,-0.909469033110,4A690E0E0D3DCAD3,0,0,0,1190,1159,56,211,27,18,90,0,3
3675,28.71093750,-15175149,7095671,-0.906193095365,42F658123B0E4A23,1,0,0,1071,812,72,944,28,18,68,0,3
3676,28.71875000,-15118788,7214227,-0.902861848264,4211D5EA02BEC903,0,0,0,1057,234,-88,43,29,18,32,0,3
3677,28.72656250,-15061504,7332343,-0.899475495129,31AED7FAF50F4843,1,0,0,794,1899,-21,848,30,18,8,0,3
3678,28.73437500,-15003301,7450011,-0.896034242647,49E902094D7FCAD3,0,0,0,1182,1153,37,215,31,18,90,0,3
3679,28.74218750,-14944182,7567224,-0.892538300852,49E6FE094D704AD7,0,0,0,1182,895,37,215,0,18,90,1,3
3680,28.75000000,-14884151,7683975,-0.888987883120,3F567C0A38D0CAF7,1,0,0,1013,830,40,909,1,18,94,1,3
3681,28.75781250,-14823211,7800257,-0.885383206149,40C9C9EB03514A1F,1,0,0,1036,1252,-84,53,2,18,67,1,3
3682,28.76562500,-14761367,7916063,-0.881724489951,3E5E3419BD11C907,1,0,0,997,1818,102,977,3,18,32,1,3
3683,28.77343750,-14698622,8031386,-0.878011957834,4EB12C054B224847,0,0,0,1259,150,21,178,4,18,8,1,3
3684,28.78125000,-14634980,8146219,-0.874245836393,362EFFF6F292C8D7,1,0,0,866,1919,-37,809,5,18,26,1,3
3685,28.78906250,-14570444,8260555,-0.870426355493,4A710E0E0D33484F,0,1,0,1191,135,56,211,6,18,9,1,3
3686,28.79687500,-14505019,8374387,-0.866553748254,35F6F7F232F3CAD7,1,0,0,863,891,-56,815,7,18,90,1,3
3687,28.80468750,-14438709,8487707,-0.862628251040,3D31A9EE04F44827,0,0,0,979,212,-72,79,8,18,4,1,3
3688,28.81250000,-14371518,8600509,-0.858650103444,30F6CBF63544CADF,1,0,0,783,869,-40,852,9,18,91,1,3
3689,28.82031250,-14303449,8712786,-0.854619548272,3CA99DE945454A2F,1,0,0,970,1230,-91,84,10,18,69,1,3
3690,28.82812500,-14234507,8824532,-0.850536831527,3D7E28163D25C907,1,0,0,983,1812,88,978,11,18,32,1,3
3691,28.83593750,-14164697,8935739,-0.846402202398,4E512A050B264847,0,0,0,1253,149,20,178,12,18,8,1,3
3692,28.84375000,-14094022,9046401,-0.842215913241,360EFFF6B296C8D7,1,0,0,864,1919,-38,809,13,18,26,1,3
3693,28.85156250,-14022487,9156511,-0.837978219565,4A710C0E0D37484F,0,0,0,1191,134,56,211,14,18,9,1,3
3694,28.85937500,-13950096,9266062,-0.833689380018,35EEF7F232F7CCDF,1,0,0,862,1915,-56,815,15,19,27,1,3
3695,28.86718750,-13876853,9375047,-0.829349656369,4A490A0E0D084E57,0,0,0,1188,1157,56,208,16,19,74,1,3
3696,28.87500000,-13802763,9483460,-0.824959313490,42CE58123B08CD07,0,0,0,1068,1836,72,944,17,19,32,1,3
3697,28.88281250,-13727831,9591294,-0.820518619348,4F21360A0AC94C4F,0,1,0,1266,155,40,172,18,19,9,1,3
3698,28.89062500,-13652061,9698543,-0.816027844978,365703F6F2B9CED7,1,0,0,869,897,-37,811,19,19,90,1,3
3699,28.89843750,-13575458,9805200,-0.811487264474,3DB1ADEE052A4C2F,0,0,0,987,214,-72,82,20,19,5,1,3
3700,28.90625000,-13498026,9911258,-0.806897154970,310ECDF6753ACCE7,1,0,0,784,1894,-39,851,21,19,28,1,3
3701,28.91406250,-13419770,10016711,-0.802257796623,49B0FE094D5B4C5F,0,0,0,1179,127,37,213,22,19,11,1,3
3702,28.92187500,-13340695,10121553,-0.797569472595,356EF3F232DBCCDF,1,0,0,854,1913,-56,813,23,19,27,1,3
3703,28.92968750,-13260806,10225777,-0.792832469037,4A29080DCD1C4E57,0,0,0,1186,1156,55,209,24,19,74,1,3
3704,28.93750000,-13180108,10329377,-0.788047075072,429658123B0CCF07,0,0,0,1065,812,72,944,25,19,96,1,3
3705,28.94531250,-13098605,10432347,-0.783213582774,4241D5E9C2CD4C27,0,0,0,1060,234,-89,44,26,19,4,1,3
3706,28.95312500,-13016303,10534680,-0.778332287157,3176D7FAF4FDCEE7,1,0,0,791,875,-21,847,27,19,92,1,3
3707,28.96093750,-12933206,10636370,-0.773403486149,3D29A1E9457E4E37,1,1,0,978,1232,-91,87,28,19,70,1,3
3708,28.96875000,-12849320,10737411,-0.768427480577,3D8628167D1ECF0F,1,0,0,984,788,89,977,29,19,97,1,3
3709,28.97656250,-12764650,10837796,-0.763404574154,4189C9E5031F4E27,1,0,0,1048,1252,-108,49,30,19,68,1,3
3710,28.98437500,-12679201,10937520,-0.758335073449,3DE6341AFCDFCF0F,1,0,0,990,794,107,973,31,19,97,1,3
3711,28.99218750,-12592978,11036576,-0.753219287881,3DE9CC1AFCD04F0B,1,0,0,990,1254,107,973,0,19,97,0,3
3712,29.00000000,-12505986,11134959,-0.748057529689,47C985F346E0CEFB,0,0,0,1148,1218,-51,110,1,19,95,0,3
3713,29.00781250,-12418231,11232662,-0.742850113921,403648197BC14E2B,1,0,0,1027,804,101,956,2,19,69,0,3
3714,29.01562500,-12329718,11329679,-0.737597358411,4231D3E74321CD0B,1,0,0,1059,233,-99,50,3,19,33,0,3
3715,29.02343750,-12240452,11426005,-0.732299583761,3146D5FAF4D24E4B,1,1,0,788,874,-21,845,4,19,73,0,3
3716,29.03125000,-12150439,11521634,-0.726957113318,3D31A1E94572CD03,1,0,0,979,208,-91,87,5,19,32,0,3
3717,29.03906250,-12059685,11616559,-0.721570273159,307EC9F675034C4B,1,0,0,775,1892,-39,848,6,19,9,0,3
3718,29.04687500,-11968195,11710775,-0.716139392070,49B0FE090D63CCD3,0,0,0,1179,127,36,214,7,19,26,0,3
3719,29.05468750,-11875974,11804277,-0.710664801524,3536F3F232D4525B,1,0,0,851,889,-56,813,8,20,75,0,3
3720,29.06250000,-11783028,11897058,-0.705146835662,3D51A7EDC514D10B,1,0,0,981,211,-73,81,9,20,33,0,3
3721,29.07031250,-11689363,11989113,-0.699585831270,30BECBF635355053,1,0,0,779,1893,-40,851,10,20,10,0,3
3722,29.07812500,-11594985,12080436,-0.693982127766,49E8FC094D55D2DB,0,1,0,1182,1150,37,213,11,20,91,0,3
3723,29.08593750,-11499899,12171022,-0.688336067169,422E56123AD65033,0,0,0,1058,1835,72,941,12,20,6,0,3
3724,29.09375000,-11404111,12260865,-0.682647994087,4F393409CAE6D2EB,0,0,0,1267,1178,39,174,13,20,93,0,3
3725,29.10156250,-11307627,12349960,-0.676918255690,43166416FAB7523B,1,0,0,1073,818,91,939,14,20,71,0,3
3726,29.10937500,-11210453,12438301,-0.671147201691,42C9D9E9C2F7D313,0,0,0,1068,1260,-89,47,15,20,98,0,3
3727,29.11718750,-11112595,12525883,-0.665335184326,3E56381B3CE8522B,1,0,0,997,796,108,974,16,20,69,0,3
3728,29.12500000,-11014058,12612700,-0.659482558331,4249CDE54338D313,0,1,0,1060,1254,-107,51,17,20,98,0,3
3729,29.13281250,-10914849,12698747,-0.653589680920,3DF6341B3CC9522B,1,0,0,991,794,108,972,18,20,69,0,3
3730,29.14062500,-10814974,12784019,-0.647656911763,4229CDE50349D313,0,0,0,1058,1254,-108,52,19,20,98,0,3
3731,29.14843750,-10714439,12868511,-0.641684612966,3DEE341B3CCA502B,0,0,0,990,1818,108,972,20,20,5,0,3
3732,29.15625000,-10613250,12952218,-0.635673149049,4F192E050B5AD2EB,0,0,0,1265,1175,20,181,21,20,93,0,3
3733,29.16406250,-10511413,13035134,-0.629622886918,42CE60173A8B503B,0,0,0,1068,1840,92,936,22,20,7,0,3
3734,29.17187500,-10408934,13117254,-0.623534195852,4FB93A09CB0BD2EB,0,1,0,1275,1181,39,176,23,20,93,0,3
3735,29.17968750,-10305820,13198574,-0.617407447472,432E64173AAC503B,0,0,0,1074,1842,92,938,24,20,7,0,3
3736,29.18750000,-10202077,13279088,-0.611243015723,4FD93A0A0AFCD2EB,0,0,0,1277,1181,40,175,25,20,93,0,3
3737,29.19531250,-10097711,13358792,-0.605041276852,432E66177AAD503B,0,0,0,1074,1843,93,938,26,20,7,0,3
3738,29.20312500,-9992729,13437680,-0.598802609379,4FF93A0A0B0DD2EB,0,0,0,1279,1181,40,176,27,20,93,0,3
3739,29.21093750,-9887137,13515748,-0.592527394082,432E66177AAE503B,0,1,0,1074,1843,93,938,28,20,7,0,3
3740,29.21875000,-9780942,13592991,-0.586216013966,4FF93A0A0B0ED2EB,0,0,0,1279,1181,40,176,29,20,93,0,3
3741,29.22656250,-9674150,13669405,-0.579868854247,432E66177AAF503B,0,0,0,1074,1843,93,938,30,20,7,0,3
3742,29.23437500,-9566767,13744984,-0.573486302321,4FF93A0A0B0FD2EB,0,0,0,1279,1181,40,176,31,20,93,0,3
3743,29.24218750,-9458800,13819724,-0.567068747747,4FF6C60A0B0052EF,0,1,0,1279,867,40,176,0,20,93,1,3
3744,29.25000000,-9350256,13893621,-0.560616582220,3F16960D7820D707,1,0,0,1009,843,53,898,1,21,96,1,3
3745,29.25781250,-9241141,13966670,-0.554130199546,4189CBEB03A15637,1,0,0,1048,1253,-84,58,2,21,70,1,3
3746,29.26562500,-9131462,14038866,-0.547609995621,3DFE3619FCF1D51F,1,0,0,991,1819,103,975,3,21,35,1,3
3747,29.27343750,-9021226,14110206,-0.541056368404,4F492C054B42565F,0,0,0,1268,1174,21,180,4,21,75,1,3
3748,29.28125000,-8910439,14180684,-0.534469717895,429662173A82D70F,0,1,0,1065,817,92,936,5,21,97,1,3
3749,29.28906250,-8799109,14250297,-0.527850446109,42F9D7E9C3035637,1,0,0,1071,1259,-89,48,6,21,70,1,3
3750,29.29687500,-8687241,14319040,-0.521198957053,3E1E3A1B7CE3D51F,1,0,0,993,1821,109,974,7,21,35,1,3
3751,29.30468750,-8574843,14386909,-0.514515656699,4F712E054B54545F,0,0,0,1271,151,21,181,8,21,11,1,3
3752,29.31250000,-8461922,14453900,-0.507800952961,35B701F73274D6EF,1,1,0,859,896,-36,807,9,21,93,1,3
3753,29.32031250,-8348484,14520009,-0.501055255670,3E29ABEDC545563F,1,0,0,994,1237,-73,84,10,21,71,1,3
3754,29.32812500,-8234537,14585232,-0.494278976548,3D7E2E16BD25D51F,1,0,0,983,1815,90,978,11,21,35,1,3
3755,29.33593750,-8120087,14649564,-0.487472529186,4F112A050B26545F,0,0,0,1265,149,20,178,12,21,11,1,3
3756,29.34375000,-8005142,14713002,-0.480636329013,357701F73286D6EF,1,1,0,855,896,-36,808,13,21,93,1,3
3757,29.35156250,-7889708,14775542,-0.473770793276,3E11ABED8547543F,0,0,0,993,213,-74,84,14,21,7,1,3
3758,29.35937500,-7773793,14837180,-0.466876341011,306ECDF67527D4F7,1,0,0,774,1894,-39,850,15,21,30,1,3
3759,29.36718750,-7657403,14897913,-0.459953393021,4A48FC090D68566F,0,0,0,1188,1150,36,214,16,21,77,1,3
3760,29.37500000,-7540546,14957736,-0.453002371847,41CE56127AC8D517,1,1,0,1052,1835,73,940,17,21,34,1,3
3761,29.38281250,-7423228,15016647,-0.446023701742,4F9134098AF9545F,0,0,0,1273,154,38,175,18,21,11,1,3
3762,29.39062500,-7305457,15074641,-0.439017808650,35B705F732A9D6E7,1,0,0,859,898,-36,810,19,21,92,1,3
3763,29.39843750,-7187240,15131715,-0.431985120173,3E51ABEDC54A543F,0,1,0,997,213,-73,84,20,21,7,1,3
3764,29.40625000,-7068585,15187865,-0.424926065552,306ECDF6B51AD4F7,1,0,0,774,1894,-38,849,21,21,30,1,3
3765,29.41406250,-6949498,15243088,-0.417841075633,4A50FC090D6B546F,0,0,0,1189,126,36,214,22,21,13,1,3
3766,29.42187500,-6829987,15297381,-0.410730582849,34B6F5F272CBD6EF,1,0,0,843,890,-55,812,23,21,93,1,3
3767,29.42968750,-6710059,15350740,-0.403595021187,3DE9A7ED852C563F,1,1,0,990,1235,-74,82,24,21,71,1,3
3768,29.43750000,-6589722,15403162,-0.396434826165,3D262E167D2CD71F,1,0,0,978,791,89,978,25,21,99,1,3
3769,29.44531250,-6468983,15454644,-0.389250434805,4249C7E5032D5A3F,1,0,0,1060,1251,-108,50,26,22,71,1,3
3770,29.45312500,-6347849,15505183,-0.382042285604,3D66361B3CBDDB27,1,1,0,982,795,108,971,27,22,100,1,3
3771,29.46093750,-6226327,15554776,-0.374810818511,4289CBE4C36E5A3F,1,0,0,1064,1253,-109,54,28,22,71,1,3
3772,29.46875000,-6104425,15603419,-0.367556474898,3D7E341B7CAED927,1,0,0,983,1818,109,970,29,22,36,1,3
3773,29.47656250,-5982151,15651110,-0.360279697532,4F892C04CB6F5A67,0,1,0,1272,1174,19,182,30,22,76,1,3
3774,29.48437500,-5859512,15697846,-0.352980930550,425662177A7FDB17,0,0,0,1061,817,93,935,31,22,98,1,3
3775,29.49218750,-5736515,15743623,-0.345660619432,42599E177A705B13,0,0,0,1061,1231,93,935,0,22,98,0,3
3776,29.50000000,-5613168,15788440,-0.338319210971,488197F68650D913,0,1,0,1160,203,-38,101,1,22,34,0,3
3777,29.50781250,-5489478,15832293,-0.330957153249,32D6EBF9B3E15A6B,1,0,0,813,885,-26,830,2,22,77,0,3
3778,29.51562500,-5365453,15875180,-0.323574895608,3E29A5EB0571DB1B,1,0,0,994,1234,-84,87,3,22,99,0,3
3779,29.52343750,-5241101,15917098,-0.316172888624,3CFE2C16BD02583B,1,1,0,975,1814,90,976,4,22,7,0,3
3780,29.53125000,-5116429,15958044,-0.308751584076,4F5128050B32D8FB,0,0,0,1269,148,20,179,5,22,31,0,3
3781,29.53906250,-4991444,15998016,-0.301311434922,352F01F732735873,1,0,0,850,1920,-36,807,6,22,14,0,3
3782,29.54687500,-4866155,16037012,-0.293852895272,4B690C0D8D63DAF3,0,1,0,1206,1158,54,214,7,22,94,0,3
3783,29.55468750,-4740569,16075029,-0.286376420356,420E5A12BAD45843,0,0,0,1056,1837,74,941,8,22,8,0,3
3784,29.56250000,-4614693,16112065,-0.278882466498,50013409CAE4D8FB,0,0,0,1280,154,39,174,9,22,31,0,3
3785,29.57031250,-4488536,16148117,-0.271371491093,357705F732955A73,1,1,0,855,898,-36,809,10,22,78,0,3
3786,29.57812500,-4362105,16183184,-0.263843952570,3E91ABED8555D91B,1,0,0,1001,213,-74,85,11,22,35,0,3
3787,29.58593750,-4235408,16217263,-0.256300310373,3026CDF6B5065A63,1,1,0,770,870,-38,848,12,22,76,0,3
3788,29.59375000,-4108452,16250352,-0.248741024925,3DA99BE90576DB13,1,0,0,986,1229,-92,87,13,22,98,0,3
3789,29.60156250,-3981245,16282449,-0.241166557607,3C862A16BCF75A3B,1,0,0,968,789,90,975,14,22,71,0,3
3790,29.60937500,-3853795,16313552,-0.233577370726,4269C7E48347DB23,0,1,0,1062,1251,-110,52,15,22,100,0,3
3791,29.61718750,-3726110,16343660,-0.225973927486,3D16361B7CB85A3B,1,0,0,977,795,109,971,16,22,71,0,3
3792,29.62500000,-3598198,16372770,-0.218356691962,42C9CBE48368DB23,0,0,0,1068,1253,-110,54,17,22,100,0,3
3793,29.63281250,-3470066,16400881,-0.210726129071,3D2E361B7CA9583B,1,1,0,978,1819,109,970,18,22,7,0,3
3794,29.64062500,-3341722,16427991,-0.203082704543,4FC92C04CB79DF03,0,0,0,1276,1174,19,183,19,23,96,0,3
3795,29.64843750,-3213174,16454098,-0.195426884894,421662177A6A5E53,1,1,0,1057,817,93,934,20,23,74,0,3
3796,29.65625000,-3084430,16479201,-0.187759137395,4371D7E9832ADD2B,0,0,0,1079,235,-90,50,21,23,37,0,3
3797,29.66406250,-2955498,16503298,-0.180079930046,3096D9FB74CB5E6B,1,0,0,777,876,-19,844,22,23,77,0,3
3798,29.67187500,-2826386,16526388,-0.172389731546,3E299FE8C59BDF1B,1,1,0,994,1231,-93,89,23,23,99,0,3
3799,29.67968750,-2697101,16548469,-0.164689011266,3C862A16FCEC5E43,1,0,0,968,789,91,974,24,23,72,0,3
3800,29.68750000,-2567651,16569540,-0.156978239217,4289C7E4834CDF2B,0,1,0,1064,1251,-110,52,25,23,101,0,3
3801,29.69531250,-2438045,16589600,-0.149257886025,3CF6361B7CAD5E43,1,0,0,975,795,109,970,26,23,72,0,3
3802,29.70312500,-2308290,16608647,-0.141528422901,42F1CBE4837DDD2B,1,1,0,1071,229,-110,55,27,23,37,0,3
3803,29.71093750,-2178394,16626681,-0.133790321612,3026D5FB749E5E6B,1,0,0,770,874,-19,841,28,23,77,0,3
3804,29.71875000,-2048365,16643700,-0.126044054452,3E119FE8C5AEDD1B,1,0,0,993,207,-93,90,29,23,35,0,3
3805,29.72656250,-1918211,16659703,-0.118290094211,2F86C9F6B4EF5E6B,1,1,0,760,868,-38,846,30,23,77,0,3
3806,29.73437500,-1787940,16674689,-0.110528914153,3DC99BE8858FDF1B,1,0,0,988,1229,-94,88,31,23,99,0,3
3807,29.74218750,-1657560,16688657,-0.102760987980,3DC667E885805F1F,1,1,0,988,819,-94,88,0,23,99,1,3
3808,29.75000000,-1527079,16701607,-0.094986789806,371E6A09F9B0DD1F,1,0,0,881,1845,39,923,1,23,35,1,3
3809,29.75781250,-1396504,16713537,-0.087206794128,4D9116064C315C77,0,1,0,1241,139,25,195,2,23,14,1,3
3810,29.76562500,-1265844,16724447,-0.079421475797,348EFDF57281DCFF,1,0,0,840,1918,-43,808,3,23,31,1,3
3811,29.77343750,-1135107,16734336,-0.071631309988,4B91080D4D625C77,0,1,0,1209,132,53,214,4,23,14,1,3
3812,29.78125000,-1004301,16743204,-0.063836772173,3496F9F2B2C2DEFF,1,0,0,841,892,-54,812,5,23,95,1,3
3813,29.78906250,-873433,16751050,-0.056038338090,3E89A7ED85335E4F,1,1,0,1000,1235,-74,83,6,23,73,1,3
3814,29.79687500,-742512,16757874,-0.048236483717,3C9E2E16BD13DD2F,1,0,0,969,1815,90,977,7,23,37,1,3
3815,29.80468750,-611546,16763675,-0.040431685236,4FC92604CB445E6F,0,1,0,1276,1171,19,180,8,23,77,1,3
3816,29.81250000,-480542,16768453,-0.032624419015,41B662177A64DF1F,0,0,0,1051,817,93,934,9,23,99,1,3
3817,29.82031250,-349509,16772207,-0.024815161566,43B9D5E943255E47,1,1,0,1083,1258,-91,50,10,23,72,1,3
3818,29.82812500,-218455,16774938,-0.017004389529,3D3E3A1BBCB5DD2F,1,0,0,979,1821,110,971,11,23,37,1,3
3819,29.83593750,-87387,16776645,-0.009192579631,50492C04CB766277,0,0,0,1284,1174,19,183,12,24,78,1,3
3820,29.84375000,43686,16777328,-0.001380208665,41CE6417BA56E127,1,1,0,1052,1842,94,933,13,24,36,1,3
3821,29.85156250,174756,16776987,0.006432246542,50C938098B376277,0,1,0,1292,1180,38,179,14,24,78,1,3
3822,29.85937500,305816,16775622,0.014244309157,42366817BA87E327,0,0,0,1059,820,94,936,15,24,100,1,3
3823,29.86718750,436857,16773233,0.022055502373,43E1D7E98328604F,0,1,0,1086,235,-90,50,16,24,9,1,3
3824,29.87500000,567871,16769820,0.029865349435,306EDBFBB4B8E10F,1,0,0,774,1901,-18,843,17,24,33,1,3
3825,29.88281250,698851,16765384,0.037673373670,4B510008CDA96087,0,1,0,1205,128,35,218,18,24,16,1,3
3826,29.89062500,829788,16759924,0.045479098517,3456F7F2F299E307,1,0,0,837,891,-53,809,19,24,96,1,3
3827,29.89843750,960674,16753441,0.053282047553,3E71A7ED454A6057,0,1,0,999,211,-75,84,20,24,10,1,3
3828,29.90625000,1091502,16745936,0.061081744528,2FAECDF6B50AE10F,1,0,0,762,1894,-38,848,21,24,33,1,3
3829,29.91406250,1222263,16737409,0.068877713389,4AD0FC08CD8B6087,0,1,0,1197,126,35,216,22,24,16,1,3
3830,29.92187500,1352949,16727860,0.076669478308,342EF5F2B2ABE107,1,0,0,834,1914,-54,810,23,24,32,1,3
3831,29.92968750,1483553,16717290,0.084456563718,4B49060D4D4C627F,0,1,0,1204,1155,53,212,24,24,79,1,3
3832,29.93750000,1614066,16705700,0.092238494335,418E5A12BADCE12F,1,0,0,1048,1837,74,941,25,24,37,1,3
3833,29.94531250,1744481,16693090,0.100014795189,504932098AFD6277,0,1,0,1284,1177,38,175,26,24,78,1,3
3834,29.95312500,1874789,16679461,0.107784991655,422E66177A9DE127,1,0,0,1058,1843,93,937,27,24,36,1,3
3835,29.96093750,2004983,16664814,0.115548609482,50A938098B2E6277,0,1,0,1290,1180,38,178,28,24,78,1,3
3836,29.96875000,2135054,16649150,0.123305174816,426E6617BA8EE127,1,1,0,1062,1843,94,936,29,24,36,1,3
3837,29.97656250,2264995,16632470,0.131054214239,50A93809CB2F6277,0,0,0,1290,1180,39,178,30,24,78,1,3
3838,29.98437500,2394798,16614775,0.138795254787,426E6817BA8FE127,1,1,0,1062,1844,94,936,31,24,36,1,3
3839,29.99218750,2524455,16596066,0.146527823989,42619817BA806123,1,0,0,1062,204,94,936,0,24,36,0,3
3840,30.00000000,2653958,16576344,0.154251449888,3BD237D67E40E14B,1,1,0,957,283,-167,996,1,24,41,0,3
3841,30.00781250,2783299,16555610,0.161965661073,3A9E21DDEE11604B,1,0,0,937,1808,-137,737,2,24,9,0,3
3842,30.01562500,2912470,16533865,0.169669986709,492926120B91E30B,0,1,0,1170,1171,72,185,3,24,97,0,3
3843,30.02343750,3041463,16511111,0.177363956563,416E5A127B926053,0,1,0,1046,1837,73,953,4,24,10,0,3
3844,30.03125000,3170270,16487350,0.185047101036,503930090AE2E30B,0,0,0,1283,1176,36,174,5,24,97,0,3
3845,30.03906250,3298884,16462582,0.192718951187,424E66177A936463,0,1,0,1060,1843,93,937,6,25,12,0,3
3846,30.04687500,3427297,16436809,0.200379038767,508138098B23E513,0,0,0,1288,156,38,178,7,25,34,0,3
3847,30.05468750,3555500,16410033,0.208026896243,359705F77284668B,1,1,0,857,898,-35,808,8,25,81,0,3
3848,30.06250000,3683486,16382256,0.215662056830,3EA9ABEDC554E733,1,1,0,1002,1237,-73,85,9,25,102,0,3
3849,30.07031250,3811248,16353479,0.223284054516,3D062E16FD156653,1,0,0,976,791,91,977,10,25,74,0,3
3850,30.07812500,3938777,16323704,0.230892424094,4291C7E4C335E53B,1,1,0,1065,227,-109,51,11,25,39,0,3
3851,30.08593750,4066066,16292932,0.238486701189,3046D5FB74A6667B,1,0,0,772,874,-19,842,12,25,79,0,3
3852,30.09375000,4193106,16261166,0.246066422285,3DD19FE8C5A6E52B,1,1,0,989,207,-93,90,13,25,37,0,3
3853,30.10156250,4319890,16228407,0.253631124755,2FBEC9F6B4E7647B,1,1,0,763,1892,-38,846,14,25,15,0,3
3854,30.10937500,4446411,16194658,0.261180346888,4A70FC08CD87E503,0,0,0,1191,126,35,216,15,25,32,0,3
3855,30.11718750,4572660,16159920,0.268713627919,3476F5F272B86683,1,1,0,839,890,-55,811,16,25,80,0,3
3856,30.12500000,4698630,16124196,0.276230508055,3E09A7ED4538E733,1,1,0,992,1235,-75,83,17,25,102,0,3
3857,30.13281250,4824314,16087488,0.283730528505,3CFE2E16BD296453,1,0,0,975,1815,90,978,18,25,10,0,3
3858,30.14062500,4949703,16049798,0.291213231505,4F692804CB39E713,0,1,0,1270,1172,19,179,19,25,98,0,3
3859,30.14843750,5074790,16011128,0.298678160351,421662177A7A6663,1,1,0,1057,817,93,935,20,25,76,0,3
3860,30.15625000,5199567,15971481,0.306124859422,4331D7E9832AE53B,1,0,0,1075,235,-90,50,21,25,39,0,3
3861,30.16406250,5324027,15930859,0.313552874209,30DED9FB74CB647B,1,1,0,781,1900,-19,844,22,25,15,0,3
3862,30.17187500,5448162,15889265,0.320961751344,4AD100090D9BE50B,0,1,0,1197,128,36,217,23,25,33,0,3
3863,30.17968750,5571964,15846701,0.328351038629,34B6F5F2B2BC6683,1,0,0,843,890,-54,811,24,25,80,0,3
3864,30.18750000,5695426,15803170,0.335720285058,3DF1A7ED853CE533,1,1,0,991,211,-74,83,25,25,38,0,3
3865,30.19531250,5818541,15758674,0.343069040852,3026CDF6752D667B,1,1,0,770,870,-39,850,26,25,79,0,3
3866,30.20312500,5941301,15713217,0.350396857479,3D719BE8C56DE52B,1,0,0,983,205,-93,86,27,25,37,0,3
3867,30.21093750,6063698,15666801,0.357703287689,2FC6C9F674FE667B,1,1,0,764,868,-39,847,28,25,79,0,3
3868,30.21875000,6185725,15619428,0.364987885533,3D519BE8C57EE52B,1,1,0,981,205,-93,87,29,25,37,0,3
3869,30.22656250,6307374,15571102,0.372250206398,2FDEC9F674FF647B,1,0,0,765,1892,-39,847,30,25,15,0,3
3870,30.23437500,6428638,15521826,0.379489807030,4A30FC08CD7FE90B,0,1,0,1187,126,35,215,31,26,33,0,3
3871,30.24218750,6549510,15471602,0.386706245559,4A3F0408CD70690F,0,1,0,1187,1922,35,215,0,26,33,1,3
3872,30.25000000,6669982,15420434,0.393899081532,4B6DDE2A80D0E95F,0,0,0,1206,1775,170,13,1,26,43,1,3
3873,30.25781250,6790047,15368325,0.401067875936,4659F42691416A57,0,1,0,1125,1274,154,276,2,26,74,1,3
3874,30.26562500,6909698,15315278,0.408212191223,44CE420EBCB1E93F,0,1,0,1100,1825,58,971,3,26,39,1,3
3875,30.27343750,7028927,15261296,0.415331591343,5059360A4A226A87,0,0,0,1285,1179,41,162,4,26,80,1,3
3876,30.28125000,7147727,15206383,0.422425641763,42B66A17FAB2EB37,0,1,0,1067,821,95,939,5,26,102,1,3
3877,30.28906250,7266091,15150541,0.429493909499,4341D7E9C313685F,0,1,0,1076,235,-89,49,6,26,11,1,3
3878,30.29687500,7384011,15093775,0.436535963140,3116D9FB74C3EB1F,1,1,0,785,876,-19,844,7,26,99,1,3
3879,30.30468750,7501480,15036087,0.443551372876,3DB1A1E90584686F,1,0,0,987,208,-92,88,8,26,13,1,3
3880,30.31250000,7618492,14977482,0.450539710523,301EC9F6B4F4E91F,1,1,0,769,1892,-38,847,9,26,35,1,3
3881,30.32031250,7735039,14917963,0.457500549547,4A28FC090D756A97,0,1,0,1186,1150,36,215,10,26,82,1,3
3882,30.32812500,7851113,14857533,0.464433465097,41D656127AC5EB3F,0,1,0,1053,811,73,940,11,26,103,1,3
3883,30.33593750,7966708,14796196,0.471338034021,4299D3E982E66A5F,1,0,0,1065,1257,-90,46,12,26,75,1,3
3884,30.34375000,8081817,14733956,0.478213834901,3DE6381B3CE6EB47,1,1,0,990,796,108,974,13,26,104,1,3
3885,30.35156250,8196433,14670817,0.485060448073,4271CDE50347685F,0,1,0,1063,230,-108,52,14,26,11,1,3
3886,30.35937500,8310548,14606782,0.491877455656,30B6D5FB34B7EB1F,1,1,0,779,874,-20,843,15,26,99,1,3
3887,30.36718750,8424156,14541856,0.498664441574,3D719FE90598686F,1,0,0,983,207,-92,89,16,26,13,1,3
3888,30.37500000,8537250,14476042,0.505420991585,3026C9F674F8EB1F,1,1,0,770,868,-39,847,17,26,99,1,3
3889,30.38281250,8649823,14409345,0.512146693303,3D119BE90569686F,1,1,0,977,205,-92,86,18,26,13,1,3
3890,30.39062500,8761868,14341768,0.518841136227,3006C9F63509EB1F,1,1,0,768,868,-40,848,19,26,99,1,3
3891,30.39843750,8873378,14273316,0.525503911763,3D099BE8C56A6A6F,1,0,0,976,1229,-93,86,20,26,77,1,3
3892,30.40625000,8984347,14203993,0.532134613248,3D0628167D0AEB47,1,1,0,976,788,89,976,21,26,104,1,3
3893,30.41406250,9094767,14133803,0.538732835979,41E9C7E4C32B6A5F,1,1,0,1054,1251,-109,50,22,26,75,1,3
3894,30.42187500,9204632,14062750,0.545298177234,3D9E341B3CCBE947,1,1,0,985,1818,108,972,23,26,40,1,3
3895,30.42968750,9313935,13990839,0.551830236299,4F312C050B5C6C8F,0,0,0,1267,150,20,181,24,27,17,1,3
3896,30.43750000,9422670,13918074,0.558328614491,35AF01F7327CED1F,1,1,0,858,1920,-36,807,25,27,35,1,3
3897,30.44531250,9530830,13844459,0.564792915182,4AE90C0DCD5D6E97,0,1,0,1198,1158,55,213,26,27,82,1,3
3898,30.45312500,9638408,13769999,0.571222743825,42765A127AEDEF47,0,1,0,1063,813,73,942,27,27,104,1,3
3899,30.46093750,9745398,13694699,0.577617707975,4299D5E9C2DE6E67,1,1,0,1065,1258,-89,45,28,27,76,1,3
3900,30.46875000,9851793,13618563,0.583977417318,3E1E381B3CFEED4F,1,0,0,993,1820,108,975,29,27,41,1,3
3901,30.47656250,9957587,13541596,0.590301483689,4F492E050B4F6E8F,0,1,0,1268,1175,20,180,30,27,81,1,3
3902,30.48437500,10062773,13463802,0.596589521100,42CE62177A8FED3F,1,1,0,1068,1841,93,936,31,27,39,1,3
3903,30.49218750,10167345,13385187,0.602841145761,42C19E177A806D3B,1,1,0,1068,207,93,936,0,27,39,0,3
3904,30.50000000,10271296,13305755,0.609055976106,3B1237D6FE40ED63,1,1,0,945,283,-165,996,1,27,44,0,3
3905,30.50781250,10374620,13225510,0.615233632814,3B5E1FDD6E316C5B,1,0,0,949,1807,-139,739,2,27,11,0,3
3906,30.51562500,10477311,13144458,0.621373738832,486926128B71EF23,0,1,0,1158,1171,74,183,3,27,100,0,3
3907,30.52343750,10579363,13062604,0.627475919399,42165811FBB26E6B,1,1,0,1057,812,71,955,4,27,77,0,3
3908,30.53125000,10680769,12979953,0.633539802070,4289D1E942C2EF4B,0,1,0,1064,1256,-91,44,5,27,105,0,3
3909,30.53906250,10781523,12896509,0.639565016737,3E2E381B3CE36C63,1,1,0,994,1820,108,974,6,27,12,0,3
3910,30.54687500,10881619,12812278,0.645551195652,4F292E054B43EF23,0,0,0,1266,1175,21,180,7,27,100,0,3
3911,30.55468750,10981051,12727265,0.651497973450,42D660173A846E73,1,1,0,1069,816,92,936,8,27,78,0,3
3912,30.56250000,11079813,12641476,0.657404987169,42C9D9E9C304EF4B,0,1,0,1068,1260,-89,48,9,27,105,0,3
3913,30.57031250,11177898,12554915,0.663271876276,3E56381B3CE56E63,1,1,0,997,796,108,974,10,27,76,0,3
3914,30.57812500,11275301,12467588,0.669098282686,4231CDE54335ED4B,1,1,0,1059,230,-107,51,11,27,41,0,3
3915,30.58593750,11372016,12379500,0.674883850786,3106D5FB34B66E8B,1,1,0,784,874,-20,843,12,27,81,0,3
3916,30.59375000,11468037,12290656,0.680628227454,3D31A1E90586ED43,1,0,0,979,208,-92,88,13,27,40,0,3
3917,30.60156250,11563358,12201062,0.686331062083,3066C7F675076E8B,1,1,0,774,867,-39,848,14,27,81,0,3
3918,30.60937500,11657973,12110723,0.691992006601,3CC99DE90567EF3B,1,1,0,972,1230,-92,86,15,27,103,0,3
3919,30.61718750,11751876,12019645,0.697610715494,3D4628163D186E63,1,1,0,980,788,88,977,16,27,76,0,3
3920,30.62500000,11845062,11927833,0.703186845825,41A9C9E50328F353,0,1,0,1050,1252,-108,50,17,28,106,0,3
3921,30.63281250,11937525,11835293,0.708720057255,3DEE341AFCD9706B,1,1,0,990,1818,107,973,18,28,13,0,3
3922,30.64062500,12029260,11742031,0.714210012065,4EF12E050B49F12B,0,1,0,1263,151,20,180,19,28,37,0,3
3923,30.64843750,12120260,11648052,0.719656375178,35F6FFF7328A729B,1,0,0,863,895,-36,808,20,28,83,0,3
3924,30.65625000,12210521,11553362,0.725058814174,3DB1ADEDC53AF14B,1,1,0,987,214,-73,83,21,28,41,0,3
3925,30.66406250,12300036,11457967,0.730416999318,30E6CBF6753B7293,1,1,0,782,869,-39,851,22,28,82,0,3
3926,30.67187500,12388801,11361873,0.735730603573,3CD19DE9454BF143,1,1,0,973,206,-91,84,23,28,40,0,3
3927,30.67968750,12476809,11265085,0.740999302623,3066C7F6351C7293,1,1,0,774,867,-40,849,24,28,82,0,3
3928,30.68750000,12564056,11167610,0.746222774896,3CB19DE9055CF143,1,1,0,971,206,-92,85,25,28,40,0,3
3929,30.69531250,12650536,11069453,0.751400701577,3066C7F6351D7293,1,1,0,774,867,-40,849,26,28,82,0,3
3930,30.70312500,12736244,10970621,0.756532766631,3CA99DE9055DF343,1,1,0,970,1230,-92,85,27,28,104,0,3
3931,30.71093750,12821175,10871119,0.761618656825,3D5E28163D2E706B,1,0,0,981,1812,88,978,28,28,13,0,3
3932,30.71875000,12905323,10770954,0.766658061742,4E7128050B2EF12B,0,1,0,1255,148,20,178,29,28,37,0,3
3933,30.72656250,12988683,10670131,0.771650673802,35EEFFF6B29F709B,1,1,0,862,1919,-38,809,30,28,19,0,3
3934,30.73437500,13071251,10568657,0.776596188282,4A910C0DCD3FF123,0,1,0,1193,134,55,211,31,28,36,0,3
3935,30.74218750,13153021,10466538,0.781494303334,4A9EF40DCD307127,0,1,0,1193,1914,55,211,0,28,36,1,3
3936,30.75000000,13233988,10363780,0.786344720001,4C55E429C0E0F367,0,1,0,1221,754,167,14,1,28,108,1,3
3937,30.75781250,13314147,10260389,0.791147142239,38DA94070921723F,1,1,0,909,1354,28,146,2,28,71,1,3
3938,30.76562500,13393494,10156372,0.795901276934,408614127F01F35F,0,1,0,1032,778,73,1008,3,28,107,1,3
3939,30.77343750,13472023,10051735,0.800606833917,4221CBE5C242706F,0,1,0,1058,229,-105,36,4,28,13,1,3
3940,30.78125000,13549730,9946485,0.805263525985,3116D7FB74E2F32F,1,0,0,785,875,-19,846,5,28,101,1,3
3941,30.78906250,13626610,9840628,0.809871068918,3D09A1E90583727F,1,1,0,976,1232,-92,88,6,28,79,1,3
3942,30.79687500,13702658,9734170,0.814429181496,3D9E28167D13F157,1,1,0,985,1812,89,977,7,28,42,1,3
3943,30.80468750,13777870,9627118,0.818937585513,4E712A054B247097,0,1,0,1255,149,21,178,8,28,18,1,3
3944,30.81250000,13852241,9519478,0.823396005802,360EFFF6B294F127,1,1,0,864,1919,-38,809,9,28,36,1,3
3945,30.82031250,13925766,9411257,0.827804170242,4A710C0E0D3574A7,0,1,0,1191,134,56,211,10,29,20,1,3
3946,30.82812500,13998441,9302462,0.832161809783,35EEF7F232F5F52F,1,1,0,862,1915,-56,815,11,29,37,1,3
3947,30.83593750,14070262,9193099,0.836468658455,4A490A0E0D0676A7,0,1,0,1188,1157,56,208,12,29,84,1,3
3948,30.84375000,14141224,9083175,0.840724453392,42CE58123B06F557,1,1,0,1068,1836,72,944,13,29,42,1,3
3949,30.85156250,14211323,8972697,0.844928934842,4F11360A0AC7749F,0,1,0,1265,155,40,172,14,29,19,1,3
3950,30.85937500,14280555,8861671,0.849081846184,366F03F6F2C7F527,1,1,0,870,1921,-37,812,15,29,36,1,3
3951,30.86718750,14348915,8750104,0.853182933947,4A910E0E0D2874A7,0,1,0,1193,135,56,210,16,29,20,1,3
3952,30.87500000,14416399,8638003,0.857231947821,35F6F9F272F8F72F,1,0,0,863,892,-55,815,17,29,101,1,3
3953,30.88281250,14483003,8525375,0.861228640676,3D49A9EE0509767F,1,1,0,980,1236,-72,80,18,29,79,1,3
3954,30.89062500,14548724,8412227,0.865172768572,3DFE2C163D49F55F,1,1,0,991,1814,88,980,19,29,43,1,3
3955,30.89843750,14613557,8298565,0.869064090783,4E712A054B1A749F,0,1,0,1255,149,21,177,20,29,19,1,3
3956,30.90625000,14677498,8184397,0.872902369801,3616FFF6F29AF72F,1,1,0,865,895,-37,809,21,29,101,1,3
3957,30.91406250,14740543,8069729,0.876687371357,3D71ADEDC53B747F,1,1,0,983,214,-73,83,22,29,15,1,3
3958,30.92187500,14802688,7954569,0.880418864434,311ECBF6353BF537,1,1,0,785,1893,-40,851,23,29,38,1,3
3959,30.92968750,14863930,7838923,0.884096621282,4990FE098D4C74AF,0,1,0,1177,127,38,212,24,29,21,1,3
3960,30.93750000,14924264,7722799,0.887720417429,358EF3F232ECF52F,1,1,0,856,1913,-56,814,25,29,37,1,3
3961,30.94531250,14983687,7606203,0.891290031697,4A09080E0D1D76A7,0,1,0,1184,1156,56,209,26,29,84,1,3
3962,30.95312500,15042196,7489143,0.894805246216,42D658123B1DF757,0,1,0,1069,812,72,945,27,29,106,1,3
3963,30.96093750,15099787,7371626,0.898265846434,4201D5EA02CE7477,0,1,0,1056,234,-88,44,28,29,14,1,3
3964,30.96875000,15156456,7253659,0.901671621135,31AED7FAF50EF537,1,1,0,794,1899,-21,848,29,29,38,1,3
3965,30.97656250,15212200,7135249,0.905022362448,49E902094D7F76A7,0,1,0,1182,1153,37,215,30,29,84,1,3
3966,30.98437500,15267016,7016404,0.908317865860,42AE54127ADFF557,1,1,0,1066,1834,73,941,31,29,42,1,3
3967,30.99218750,15320900,6897130,0.911557930231,42A1AC127AD07553,1,1,0,1066,214,73,941,0,29,42,0,3
3968,31.00000000,15373849,6777435,0.914742357805,3A6A31D77E20F773,1,1,0,934,1304,-163,994,1,29,110,0,3
3969,31.00781250,15425859,6657327,0.917870954219,48C57FFD36417643,0,1,0,1164,703,-12,868,2,29,72,0,3
3970,31.01562500,15476928,6536812,0.920943528522,3FC1F3EE8111F96B,1,1,0,1020,249,-70,17,3,30,45,0,3
3971,31.02343750,15527052,6415898,0.923959893178,315ED7FA75C278A3,1,0,0,789,1899,-23,860,4,30,20,0,3
3972,31.03125000,15576229,6294593,0.926919864085,49F0FE090D62F92B,0,1,0,1183,127,36,214,5,30,37,0,3
3973,31.03906250,15624455,6172904,0.929823260581,35B6F5F232D37AAB,1,1,0,859,890,-56,813,6,30,85,0,3
3974,31.04687500,15671727,6050838,0.932669905457,3D09A9EE0503FB5B,1,1,0,976,1236,-72,80,7,30,107,0,3
3975,31.05468750,15718043,5928403,0.935459624970,3E062C163D547A7B,1,1,0,992,790,88,981,8,30,79,0,3
3976,31.06250000,15763399,5805606,0.938192248848,4169C9E54304FB63,0,1,0,1046,1252,-107,48,9,30,108,0,3
3977,31.07031250,15807793,5682454,0.940867610308,3E4E341AFCE5787B,1,1,0,996,1818,107,974,10,30,15,0,3
3978,31.07812500,15851222,5558956,0.943485546057,4E912E054B45F93B,0,1,0,1257,151,21,180,11,30,39,0,3
3979,31.08593750,15893684,5435118,0.946045896312,364EFFF6F29678AB,1,1,0,868,1919,-37,809,12,30,21,0,3
3980,31.09375000,15935176,5310949,0.948548504802,4A510E0E0D36F933,0,1,0,1189,135,56,211,13,30,38,0,3
3981,31.10156250,15975695,5186455,0.950993218780,362EF7F2330778AB,1,1,0,866,1915,-56,816,14,30,21,0,3
3982,31.10937500,16015239,5061645,0.953379889033,4A110A0E4CF7F933,0,1,0,1185,133,57,207,15,30,38,0,3
3983,31.11718750,16053806,4936526,0.955708369892,360EF7F2331878AB,1,1,0,864,1915,-56,817,16,30,21,0,3
3984,31.12500000,16091393,4811106,0.957978519238,4A090A0E0CF8FB33,0,1,0,1184,1157,56,207,17,30,102,0,3
3985,31.13281250,16127998,4685392,0.960190198512,42F658123B197A83,1,1,0,1071,812,72,945,18,30,80,0,3
3986,31.14062500,16163618,4559392,0.962343272726,41F1D5EA02B9F963,1,1,0,1055,234,-88,43,19,30,44,0,3
3987,31.14843750,16198252,4433114,0.964437610467,31C6D7FAF50A7AA3,1,1,0,796,875,-21,848,20,30,84,0,3
3988,31.15625000,16231897,4306565,0.966473083907,3CD1A1E9456AF95B,1,1,0,973,208,-91,86,21,30,43,0,3
3989,31.16406250,16264551,4179753,0.968449568811,30E6C7F6351B7AA3,1,1,0,782,867,-40,849,22,30,84,0,3
3990,31.17187500,16296213,4052686,0.970366944545,3C519DE9454BF953,1,1,0,965,206,-91,84,23,30,42,0,3
3991,31.17968750,16326880,3925372,0.972225094082,30C6C7F5F52C7AA3,1,1,0,780,867,-41,850,24,30,84,0,3
3992,31.18750000,16356550,3797818,0.974023904011,3C519DE9454CF953,1,1,0,965,206,-91,84,25,30,42,0,3
3993,31.19531250,16385222,3670032,0.975763264540,30C6C7F5F52D7AA3,1,1,0,780,867,-41,850,26,30,84,0,3
3994,31.20312500,16412894,3542022,0.977443069510,3C519DE9454DF953,1,1,0,965,206,-91,84,27,30,42,0,3
3995,31.21093750,16439564,3413796,0.979063216392,30C6C7F5F52E7EAB,1,1,0,780,867,-41,850,28,31,85,0,3
3996,31.21875000,16465231,3285362,0.980623606302,3C519DE9454EFD5B,1,1,0,965,206,-91,84,29,31,43,0,3
3997,31.22656250,16489893,3156727,0.982124144001,30C6C7F5F52F7EAB,1,1,0,780,867,-41,850,30,31,85,0,3
3998,31.23437500,16513548,3027900,0.983564737904,3C499DE9454FFF5B,1,1,0,964,1230,-91,84,31,31,107,0,3
3999,31.24218750,16536196,2898888,0.984945300086,3C4665E945407F5F,1,1,0,964,818,-91,84,0,31,107,1,3
4000,31.25000000,16557834,2769699,0.986265746282,3886680939F0FF5F,1,1,0,904,820,36,927,1,31,107,1,3
4001,31.25781250,16578462,2640341,0.987525995902,3F31B7E6C3F17C8F,1,1,0,1011,219,-101,63,2,31,17,1,3
4002,31.26562500,16598078,2510822,0.988725972024,3126CDF8B4F1FF47,1,1,0,786,870,-30,847,3,31,104,1,3
4003,31.27343750,16616681,2381150,0.989865601409,3C719FE945627C97,1,1,0,967,207,-91,86,4,31,18,1,3
4004,31.28125000,16634270,2251332,0.990944814499,30DEC7F5F522FD47,1,1,0,781,1891,-41,850,5,31,40,1,3
4005,31.28906250,16650843,2121377,0.991963545426,4948FE094D537EBF,0,1,0,1172,1151,37,213,6,31,87,1,3
4006,31.29687500,16666400,1991292,0.992921732011,42AE5411FAF3FD67,1,1,0,1066,1834,71,943,7,31,44,1,3
4007,31.30468750,16680940,1861086,0.993819315770,4EB1360A0AC47CAF,0,1,0,1259,155,40,172,8,31,21,1,3
4008,31.31250000,16694462,1730766,0.994656241921,36AF03F6B2C4FD37,1,1,0,874,1921,-38,812,9,31,38,1,3
4009,31.32031250,16706965,1600341,0.995432459382,4A510E0E4D257CB7,0,1,0,1189,135,57,210,10,31,22,1,3
4010,31.32812500,16718448,1469818,0.996147920776,3636F7F23305FF3F,1,1,0,867,891,-56,816,11,31,103,1,3
4011,31.33593750,16728911,1339205,0.996802582436,3D09A9EE44F67E8F,1,1,0,976,1236,-71,79,12,31,81,1,3
4012,31.34375000,16738352,1208510,0.997396404403,3E262C163D56FF6F,1,1,0,994,790,88,981,13,31,109,1,3
4013,31.35156250,16746772,1077742,0.997929350435,4151C9E543077C87,0,1,0,1045,228,-107,48,14,31,16,1,3
4014,31.35937500,16754170,946908,0.998401388002,3176D3FAB4D7FF47,1,1,0,791,873,-22,845,15,31,104,1,3
4015,31.36718750,16760545,816016,0.998812488295,3CA9A1E945787E97,1,1,0,970,1232,-91,87,16,31,82,1,3
4016,31.37500000,16765897,685074,0.999162626222,3DE628163D28FF6F,1,1,0,990,788,88,978,17,31,109,1,3
4017,31.38281250,16770226,554090,0.999451780411,4131C9E543097C87,0,1,0,1043,228,-107,48,18,31,16,1,3
4018,31.39062500,16773531,423073,0.999679933216,316ED3FAB4E9FD47,1,1,0,790,1897,-22,846,19,31,40,1,3
4019,31.39843750,16775812,292030,0.999847070710,49A902094D7A7EB7,0,1,0,1178,1153,37,215,20,31,86,1,3
4020,31.40625000,16777070,160969,0.999953182692,42CE54123AEA806F,0,1,0,1068,1834,72,942,21,0,13,1,3
4021,31.41406250,16777304,29898,0.999998262686,4EB9360A0ACB01B7,0,1,0,1259,1179,40,172,22,0,54,1,3
4022,31.42187500,16776514,-101175,0.999982307940,43966416BADB8267,1,1,0,1081,818,90,941,23,0,76,1,3
4023,31.42968750,16774700,-232242,0.999905319428,4249D9EA02EC018F,1,1,0,1060,1260,-88,46,24,0,49,1,3
4024,31.43750000,16771862,-363294,0.999767301849,3EE6381AFCFC8277,1,1,0,1006,796,107,975,25,0,78,1,3
4025,31.44531250,16768000,-494324,0.999568263627,41B1CFE5832D038F,0,1,0,1051,231,-106,50,26,0,113,1,3
4026,31.45312500,16763115,-625324,0.999308216910,3196D3FAF4DD824F,1,1,0,793,873,-21,845,27,0,73,1,3
4027,31.46093750,16757207,-756286,0.998987177570,3CB1A1E9457E039F,1,1,0,971,208,-91,87,28,0,115,1,3
4028,31.46875000,16750276,-887202,0.998605165201,30FEC7F6351E804F,1,1,0,783,1891,-40,849,29,0,9,1,3
4029,31.47656250,16742322,-1018064,0.998162203121,4948FE094D5F01C7,0,1,0,1172,1151,37,213,30,0,56,1,3
4030,31.48437500,16733347,-1148863,0.997658318364,42AE5411FAFF806F,0,1,0,1066,1834,71,943,31,0,13,1,3
4031,31.49218750,16723350,-1279592,0.997093541686,42A1AC11FAF0006B,0,1,0,1066,214,71,943,0,0,13,0,3
4032,31.50000000,16712332,-1410243,0.996467907557,3A3A31D77E10828B,1,1,0,931,1304,-163,993,1,0,81,0,3
4033,31.50781250,16700294,-1540808,0.995781454163,48DD7FFCF651035B,0,1,0,1165,1727,-13,869,2,0,107,0,3
4034,31.51562500,16687237,-1671279,0.995034223402,4C99540EC9118253,0,1,0,1225,1194,59,145,3,0,74,0,3
4035,31.52343750,16673162,-1801648,0.994226260880,434E64167B92039B,0,1,0,1076,1842,89,953,4,0,115,0,3
4036,31.53125000,16658069,-1931907,0.993357615911,4F413809CAD2804B,0,1,0,1268,156,39,173,5,0,9,0,3
4037,31.53906250,16641959,-2062048,0.992428341514,36CF03F6F2B303C3,1,1,0,876,1921,-37,811,6,0,120,0,3
4038,31.54687500,16624834,-2192063,0.991438494406,4A690E0E4D238243,0,1,0,1190,1159,57,210,7,0,72,0,3
4039,31.55468750,16606694,-2321945,0.990388135002,432E58123B040393,0,1,0,1074,1836,72,944,8,0,114,0,3
4040,31.56250000,16587540,-2451685,0.989277327411,4ED9360A4AB4824B,0,1,0,1261,1179,41,171,9,0,73,0,3
4041,31.57031250,16567374,-2581275,0.988106139431,43AE6416FAD5039B,0,1,0,1082,1842,91,941,10,0,115,0,3
4042,31.57812500,16546197,-2710708,0.986874642545,4F393A0A4AE5824B,0,1,0,1267,1181,41,174,11,0,73,0,3
4043,31.58593750,16524010,-2839975,0.985582911918,43CE6416FAC6039B,0,1,0,1084,1842,91,940,12,0,115,0,3
4044,31.59375000,16500814,-2969069,0.984231026389,4F593A0A4AE6824B,0,1,0,1269,1181,41,174,13,0,73,0,3
4045,31.60156250,16476611,-3097982,0.982819068472,43CE64173AC7039B,0,1,0,1084,1842,92,940,14,0,115,0,3
4046,31.60937500,16451402,-3226706,0.981347124344,4F593A0A4AE78653,0,1,0,1269,1181,41,174,15,1,74,0,3
4047,31.61718750,16425189,-3355233,0.979815283846,43CE64173AC807A3,0,1,0,1084,1842,92,940,16,1,116,0,3
4048,31.62500000,16397974,-3483555,0.978223640473,4F593A0A4AE88653,0,1,0,1269,1181,41,174,17,1,74,0,3
4049,31.63281250,16369758,-3611664,0.976572291370,43CE64173AC907A3,0,1,0,1084,1842,92,940,18,1,116,0,3
4050,31.64062500,16340543,-3739553,0.974861337329,4F593A0A4AE98653,0,1,0,1269,1181,41,174,19,1,74,0,3
4051,31.64843750,16310330,-3867213,0.973090882776,43CE64173ACA07A3,0,1,0,1084,1842,92,940,20,1,116,0,3
4052,31.65625000,16279122,-3994637,0.971261035772,4F593A0A4AEA8653,0,1,0,1269,1181,41,174,21,1,74,0,3
4053,31.66406250,16246920,-4121818,0.969371907999,43CE64173ACB07A3,0,1,0,1084,1842,92,940,22,1,116,0,3
4054,31.67187500,16213727,-4248747,0.967423614762,4F593A0A4AEB8653,0,1,0,1269,1181,41,174,23,1,74,0,3
4055,31.67968750,16179544,-4375417,0.965416274974,43CE64173ACC07A3,0,1,0,1084,1842,92,940,24,1,116,0,3
4056,31.68750000,16144374,-4501820,0.963350011152,4F593A0A4AEC8653,0,1,0,1269,1181,41,174,25,1,74,0,3
4057,31.69531250,16108218,-4627948,0.961224949411,43CE64173ACD07A3,0,1,0,1084,1842,92,940,26,1,116,0,3
4058,31.70312500,16071079,-4753793,0.959041219453,4F593A0A4AED8653,0,1,0,1269,1181,41,174,27,1,74,0,3
4059,31.71093750,16032959,-4879348,0.956798954562,43CE64173ACE07A3,0,1,0,1084,1842,92,940,28,1,116,0,3
4060,31.71875000,15993861,-5004605,0.954498291595,4F593A0A4AEE8653,0,1,0,1269,1181,41,174,29,1,74,0,3
4061,31.72656250,15953786,-5129557,0.952139370971,43B664173ACF05A3,1,1,0,1083,818,92,940,30,1,52,0,3
4062,31.73437500,15912738,-5254196,0.949722336668,4271D9EA02EF847B,0,1,0,1063,236,-88,46,31,1,15,0,3
4063,31.74218750,15870718,-5378514,0.947247336208,427E29EA02E0047F,0,0,0,1063,1812,-88,46,0,1,15,1,3
4064,31.75000000,15827730,-5502504,0.944714520654,45D5E22C4140868F,0,1,0,1117,753,177,20,1,1,81,1,3
4065,31.75781250,15783776,-5626158,0.942124044594,377A840349F10567,1,1,0,887,1346,13,159,2,1,44,1,3
4066,31.76562500,15738858,-5749469,0.939476066138,405E0E11BEE18487,0,1,0,1029,1799,70,1006,3,1,16,1,3
4067,31.77343750,15692980,-5872429,0.936770746906,4EB92C05CA4205BF,0,1,0,1259,1174,23,164,4,1,55,1,3
4068,31.78125000,15646144,-5995030,0.934008252015,431662177AB2866F,1,1,0,1073,817,93,939,5,1,77,1,3
4069,31.78906250,15598353,-6117266,0.931188750075,4249D9E9C2F30597,1,1,0,1060,1260,-89,47,6,1,50,1,3
4070,31.79687500,15549610,-6239128,0.928312413173,3EC6381AFCF3867F,1,1,0,1004,796,107,975,7,1,79,1,3
4071,31.80468750,15499918,-6360609,0.925379416866,41C9CDE58324099F,1,1,0,1052,1254,-106,50,8,2,51,1,3
4072,31.81250000,15449280,-6481702,0.922389940169,3E66341AFCD48A87,1,1,0,998,794,107,973,9,2,80,1,3
4073,31.82031250,15397699,-6602400,0.919344165545,41B1CDE543350B9F,0,1,0,1051,230,-107,51,10,2,115,1,3
4074,31.82812500,15345178,-6722695,0.916242278891,316ED3FAF4C5885F,1,1,0,790,1897,-21,844,11,2,11,1,3
4075,31.83593750,15291720,-6842579,0.913084469530,49C902094D7609CF,0,1,0,1180,1153,37,215,12,2,57,1,3
4076,31.84375000,15237329,-6962046,0.909870930200,429654123AE68A7F,1,1,0,1065,810,72,942,13,2,79,1,3
4077,31.85156250,15182008,-7081088,0.906601857038,41F1D5E9C2C70B9F,0,1,0,1055,234,-89,44,14,2,115,1,3
4078,31.85937500,15125760,-7199697,0.903277449571,31AED7FAF507885F,1,1,0,794,1899,-21,848,15,2,11,1,3
4079,31.86718750,15068589,-7317867,0.899897910705,49E902094D7809CF,0,1,0,1182,1153,37,215,16,2,57,1,3
4080,31.87500000,15010498,-7435590,0.896463446708,42AE54127AD8887F,0,1,0,1066,1834,73,941,17,2,15,1,3
4081,31.88281250,14951491,-7552860,0.892974267203,4EE1360A0AD90BC7,0,1,0,1262,155,40,173,18,2,120,1,3
4082,31.89062500,14891572,-7669669,0.889430585151,368F03F6B2C9884F,1,1,0,872,1921,-38,812,19,2,9,1,3
4083,31.89843750,14830744,-7786009,0.885832616841,4A910E0E4D2A0BCF,0,1,0,1193,135,57,210,20,2,121,1,3
4084,31.90625000,14769011,-7901874,0.882180581874,35F6F9F232FA8A57,1,1,0,863,892,-56,815,21,2,74,1,3
4085,31.91406250,14706376,-8017257,0.878474703150,3D49A9EE050B09A7,1,1,0,980,1236,-72,80,22,2,52,1,3
4086,31.92187500,14642844,-8132151,0.874715206859,3DFE2C163D4B8887,1,0,0,991,1814,88,980,23,2,16,1,3
4087,31.92968750,14578418,-8246548,0.870902322460,4E712A054B1C0BC7,0,1,0,1255,149,21,177,24,2,120,1,3
4088,31.93750000,14513102,-8360442,0.867036282672,3616FFF6F29C8A57,1,1,0,865,895,-37,809,25,2,74,1,3
4089,31.94531250,14446900,-8473826,0.863117323458,3D71ADEDC53D0BA7,1,1,0,983,214,-73,83,26,2,116,1,3
4090,31.95312500,14379816,-8586692,0.859145684011,311ECBF6353D885F,1,1,0,785,1893,-40,851,27,2,11,1,3
4091,31.96093750,14311855,-8699034,0.855121606740,49A8FE098D4E09D7,0,1,0,1178,1151,38,212,28,2,58,1,3
4092,31.96875000,14243020,-8810845,0.851045337254,426E54123AEE887F,0,1,0,1062,1834,72,942,29,2,15,1,3
4093,31.97656250,14173316,-8922119,0.846917124346,4EF93609CADF09C7,0,1,0,1263,1179,39,173,30,2,56,1,3
4094,31.98437500,14102747,-9032848,0.842737219983,43566416FACF8A77,1,1,0,1077,818,91,940,31,2,78,1,3
4095,31.99218750,14031317,-9143026,0.838505879283,43599C16FAC00A73,1,1,0,1077,1230,91,940,0,2,78,0,3
